age,capital_gain,capital_loss,education,final_weight,hours_worked_per_week,marital_status,native_country,occupation,race,relationship,is_male,workclass,over_threshold,capital_gain_log1p,capital_loss_log1p,final_weight_log1p,native_country_frequency
29,0.0,0.0,10,91547,40,Never-married,United-States,Sales,White,Not-in-family,False,Private,0,0.0,0.0,11.42461870387823,0.8937728937728938
59,99999.0,0.0,3,76860,40,Married-civ-spouse,__RARE__,Exec-managerial,Asian-Pac-Islander,Husband,True,Self-emp-inc,1,11.512925464970229,0.0,11.249753874702945,0.0
39,0.0,0.0,9,164515,40,Divorced,United-States,Adm-clerical,White,Unmarried,False,Local-gov,0,0.0,0.0,12.010763108895375,0.8937728937728938
51,0.0,0.0,6,194788,30,Divorced,United-States,Adm-clerical,White,Other-relative,False,Private,0,0.0,0.0,12.179672200423699,0.8937728937728938
50,0.0,0.0,9,154043,40,Widowed,United-States,Adm-clerical,Black,Other-relative,False,Private,0,0.0,0.0,11.944993554872926,0.8937728937728938
19,0.0,0.0,10,224241,20,Never-married,United-States,Sales,White,Own-child,False,Private,0,0.0,0.0,12.320481104814236,0.8937728937728938
40,0.0,0.0,9,129298,40,Married-civ-spouse,United-States,Craft-repair,White,Husband,True,Private,0,0.0,0.0,11.769882830777993,0.8937728937728938
20,0.0,0.0,8,224424,40,Never-married,United-States,Machine-op-inspct,White,Own-child,True,Private,0,0.0,0.0,12.321296854624888,0.8937728937728938
20,0.0,0.0,10,71475,40,Never-married,United-States,Adm-clerical,White,Own-child,False,Private,0,0.0,0.0,11.177117007998552,0.8937728937728938
28,0.0,0.0,9,119793,60,Never-married,United-States,Sales,White,Own-child,True,Private,0,0.0,0.0,11.693528879936814,0.8937728937728938
31,0.0,0.0,9,225779,40,Never-married,United-States,Machine-op-inspct,White,Not-in-family,False,Private,0,0.0,0.0,12.327316352815538,0.8937728937728938
43,0.0,0.0,9,56920,60,Married-civ-spouse,United-States,Craft-repair,White,Husband,True,Self-emp-not-inc,0,0.0,0.0,10.949419620566681,0.8937728937728938
24,0.0,0.0,7,174182,24,Married-civ-spouse,United-States,?,__RARE__,Wife,False,?,0,0.0,0.0,12.067861749660239,0.8937728937728938
34,0.0,0.0,10,302770,60,Married-civ-spouse,United-States,Sales,White,Husband,True,Private,0,0.0,0.0,12.620732023171605,0.8937728937728938
29,0.0,0.0,13,90934,64,Never-married,__RARE__,Prof-specialty,Asian-Pac-Islander,Own-child,True,Private,1,0.0,0.0,11.417900244561118,0.0
44,0.0,0.0,13,323790,40,Married-civ-spouse,United-States,Protective-serv,White,Husband,True,Local-gov,1,0.0,0.0,12.68785352490424,0.8937728937728938
53,0.0,0.0,14,204447,43,Married-civ-spouse,United-States,Exec-managerial,White,Husband,True,Local-gov,1,0.0,0.0,12.22806894340207,0.8937728937728938
34,0.0,0.0,13,250724,45,Married-civ-spouse,__RARE__,Sales,White,Husband,True,Private,0,0.0,0.0,12.432111999956408,0.0
53,0.0,0.0,9,117932,40,Divorced,United-States,Machine-op-inspct,White,Not-in-family,False,Private,0,0.0,0.0,11.677871945580094,0.8937728937728938
30,0.0,0.0,10,164493,10,Never-married,United-States,Adm-clerical,White,Own-child,False,Local-gov,0,0.0,0.0,12.010629374358231,0.8937728937728938
35,0.0,0.0,9,379959,40,Divorced,United-States,Other-service,White,Not-in-family,False,Private,0,0.0,0.0,12.84782126300412,0.8937728937728938
34,0.0,0.0,9,140011,45,Never-married,United-States,Craft-repair,White,Own-child,True,Private,0,0.0,0.0,11.849483412203897,0.8937728937728938
26,10520.0,0.0,13,102476,64,Never-married,United-States,Prof-specialty,White,Own-child,True,Private,1,9.261128538808288,0.0,11.53739366213744,0.8937728937728938
32,0.0,0.0,9,185410,40,Never-married,United-States,Adm-clerical,White,Not-in-family,False,Private,0,0.0,0.0,12.130330261529704,0.8937728937728938
41,0.0,0.0,13,167375,52,Never-married,United-States,Adm-clerical,White,Not-in-family,True,Private,0,0.0,0.0,12.027998057583542,0.8937728937728938
23,0.0,0.0,10,215443,70,Never-married,United-States,Other-service,White,Not-in-family,True,Private,0,0.0,0.0,12.280456293967411,0.8937728937728938
36,0.0,0.0,4,140854,45,Married-civ-spouse,__RARE__,Adm-clerical,White,Husband,True,Private,0,0.0,0.0,11.855486271431996,0.0
23,0.0,0.0,10,154210,14,Never-married,__RARE__,Adm-clerical,Asian-Pac-Islander,Other-relative,True,Private,0,0.0,0.0,11.946077073494447,0.0
58,0.0,1902.0,10,100313,40,Married-civ-spouse,United-States,Protective-serv,White,Husband,True,Private,1,0.0,7.551186867296149,11.5160605454657,0.8937728937728938
62,7688.0,0.0,13,208711,50,Married-civ-spouse,United-States,Craft-repair,White,Husband,True,Private,1,8.94754601503218,0.0,12.248710590214408,0.8937728937728938
43,0.0,0.0,9,325775,15,Married-civ-spouse,United-States,Adm-clerical,White,Wife,False,Self-emp-not-inc,0,0.0,0.0,12.693965307611649,0.8937728937728938
45,0.0,0.0,11,187581,40,Married-civ-spouse,United-States,Protective-serv,White,Husband,True,State-gov,0,0.0,0.0,12.141971362123586,0.8937728937728938
57,0.0,0.0,4,199067,90,Married-civ-spouse,__RARE__,Exec-managerial,White,Husband,True,Self-emp-inc,1,0.0,0.0,12.201401753880276,0.0
53,0.0,0.0,9,287317,40,Divorced,United-States,Other-service,Black,Not-in-family,True,Private,0,0.0,0.0,12.568344895284655,0.8937728937728938
38,0.0,0.0,9,54953,30,Divorced,United-States,?,White,Not-in-family,True,?,0,0.0,0.0,10.914251750631042,0.8937728937728938
30,0.0,0.0,10,487330,30,Married-civ-spouse,United-States,Machine-op-inspct,White,Husband,True,Private,0,0.0,0.0,13.096698842650593,0.8937728937728938
30,0.0,0.0,9,188398,30,Married-spouse-absent,United-States,Adm-clerical,White,Not-in-family,False,Private,0,0.0,0.0,12.146317333254686,0.8937728937728938
44,0.0,0.0,12,27242,40,Married-civ-spouse,__RARE__,Craft-repair,White,Husband,True,Private,0,0.0,0.0,10.212551886357938,0.0
35,2885.0,0.0,9,174856,40,Married-civ-spouse,United-States,Transport-moving,White,Husband,True,Private,0,7.9676267393338165,0.0,12.071723776005298,0.8937728937728938
33,0.0,0.0,13,192256,50,Married-civ-spouse,United-States,Craft-repair,White,Husband,True,Self-emp-not-inc,0,0.0,0.0,12.166588297628305,0.8937728937728938
37,15024.0,0.0,11,262278,45,Married-civ-spouse,United-States,Exec-managerial,Black,Husband,True,Private,1,9.617470759403409,0.0,12.477164101651056,0.8937728937728938
35,0.0,0.0,12,82552,40,Married-civ-spouse,United-States,Tech-support,White,Husband,True,Private,0,0.0,0.0,11.321195790299079,0.8937728937728938
28,0.0,0.0,9,341709,40,Never-married,United-States,Craft-repair,White,Not-in-family,True,Federal-gov,0,0.0,0.0,12.741717703112677,0.8937728937728938
78,0.0,0.0,4,152148,20,Married-civ-spouse,United-States,Transport-moving,White,Husband,True,Self-emp-not-inc,0,0.0,0.0,11.932615582842132,0.8937728937728938
59,0.0,0.0,12,178660,40,Married-civ-spouse,United-States,Adm-clerical,White,Husband,True,Federal-gov,0,0.0,0.0,12.093245434463944,0.8937728937728938
42,14084.0,0.0,12,416506,36,Never-married,United-States,Tech-support,White,Not-in-family,True,Private,1,9.552865680310473,0.0,12.939658547170492,0.8937728937728938
29,0.0,0.0,13,114158,40,Never-married,United-States,Tech-support,White,Not-in-family,False,Private,0,0.0,0.0,11.645347492476754,0.8937728937728938
38,0.0,0.0,10,498411,40,Married-civ-spouse,United-States,?,White,Wife,False,?,0,0.0,0.0,13.119182323212081,0.8937728937728938
26,0.0,0.0,10,151971,35,Never-married,United-States,Handlers-cleaners,White,Unmarried,True,Private,0,0.0,0.0,11.931451572333255,0.8937728937728938
64,0.0,0.0,11,135527,40,Divorced,United-States,Tech-support,White,Not-in-family,False,Private,0,0.0,0.0,11.816933540020782,0.8937728937728938
47,0.0,625.0,9,144351,40,Divorced,United-States,Craft-repair,White,Unmarried,True,Private,0,0.0,6.439350371100098,11.880010040208122,0.8937728937728938
30,0.0,0.0,9,55176,30,Married-civ-spouse,United-States,Craft-repair,White,Husband,True,Self-emp-not-inc,0,0.0,0.0,10.918301478768845,0.8937728937728938
42,7688.0,0.0,14,384236,40,Married-civ-spouse,United-States,Prof-specialty,White,Husband,True,Private,1,8.94754601503218,0.0,12.85901482868799,0.8937728937728938
33,0.0,0.0,14,33727,40,Married-civ-spouse,United-States,Prof-specialty,White,Wife,False,Local-gov,0,0.0,0.0,10.426083631901035,0.8937728937728938
46,0.0,0.0,12,140782,50,Divorced,United-States,Prof-specialty,White,Not-in-family,False,Private,0,0.0,0.0,11.85497497678022,0.8937728937728938
21,4416.0,0.0,10,379525,24,Never-married,United-States,Adm-clerical,White,Own-child,False,Private,0,8.393216011596527,0.0,12.846678384669982,0.8937728937728938
20,0.0,0.0,9,119665,40,Never-married,United-States,Craft-repair,White,Own-child,True,Private,0,0.0,0.0,11.692459807756148,0.8937728937728938
62,0.0,0.0,9,99470,45,Married-civ-spouse,United-States,Exec-managerial,White,Husband,True,Private,1,0.0,0.0,11.507621423378323,0.8937728937728938
60,0.0,0.0,9,52900,42,Married-civ-spouse,United-States,Craft-repair,White,Husband,True,Self-emp-not-inc,1,0.0,0.0,10.876177521259402,0.8937728937728938
62,0.0,0.0,16,116626,40,Widowed,United-States,Exec-managerial,White,Not-in-family,False,Self-emp-not-inc,1,0.0,0.0,11.666736086984383,0.8937728937728938
21,0.0,0.0,9,221157,30,Never-married,United-States,Other-service,Black,Own-child,False,Private,0,0.0,0.0,12.306632657184355,0.8937728937728938
43,0.0,0.0,14,221550,30,Never-married,__RARE__,Other-service,White,Not-in-family,False,Private,0,0.0,0.0,12.308408090271252,0.0
38,7298.0,0.0,10,257250,60,Married-civ-spouse,United-States,Transport-moving,White,Husband,True,Private,1,8.895492631451633,0.0,12.457807540957933,0.8937728937728938
55,0.0,0.0,9,161334,25,Widowed,__RARE__,Other-service,White,Not-in-family,False,Self-emp-not-inc,0,0.0,0.0,11.991238227555812,0.0
53,0.0,0.0,9,181317,40,Married-civ-spouse,United-States,?,White,Husband,True,?,0,0.0,0.0,12.108007674771141,0.8937728937728938
45,5013.0,0.0,13,56904,45,Married-civ-spouse,United-States,Adm-clerical,White,Husband,True,Federal-gov,0,8.519989278718239,0.0,10.94913848971599,0.8937728937728938
47,0.0,0.0,10,337825,45,Married-civ-spouse,United-States,Sales,White,Husband,True,Self-emp-inc,1,0.0,0.0,12.730286249014389,0.8937728937728938
22,0.0,0.0,10,212213,40,Never-married,United-States,Adm-clerical,Black,Own-child,False,Local-gov,0,0.0,0.0,12.26535047848055,0.8937728937728938
26,0.0,0.0,9,179864,40,Married-civ-spouse,United-States,Machine-op-inspct,White,Husband,True,Private,0,0.0,0.0,12.099961848481643,0.8937728937728938
43,0.0,0.0,14,150528,40,Married-civ-spouse,United-States,Prof-specialty,White,Husband,True,Private,1,0.0,0.0,11.921911035638436,0.8937728937728938
53,0.0,0.0,9,146325,40,Divorced,United-States,Transport-moving,White,Not-in-family,True,Private,0,0.0,0.0,11.893592288238239,0.8937728937728938
32,0.0,0.0,13,174215,60,Never-married,United-States,Exec-managerial,White,Not-in-family,False,Federal-gov,0,0.0,0.0,12.068051187632786,0.8937728937728938
45,0.0,0.0,3,123219,40,Never-married,United-States,Machine-op-inspct,White,Not-in-family,True,Private,0,0.0,0.0,11.721726654568561,0.8937728937728938
54,0.0,0.0,9,329733,40,Never-married,United-States,Exec-managerial,White,Unmarried,True,Private,1,0.0,0.0,12.706041547795072,0.8937728937728938
21,0.0,0.0,6,130534,50,Never-married,United-States,Craft-repair,White,Not-in-family,True,Private,0,0.0,0.0,11.779396669019617,0.8937728937728938
58,5178.0,0.0,6,250206,40,Married-civ-spouse,United-States,Craft-repair,White,Husband,True,Private,1,8.552367266423891,0.0,12.430043854241488,0.8937728937728938
47,0.0,0.0,5,178309,50,Never-married,United-States,Other-service,White,Unmarried,False,Private,0,0.0,0.0,12.091278887528093,0.8937728937728938
29,0.0,0.0,8,221428,35,Married-civ-spouse,United-States,Sales,__RARE__,Own-child,True,Private,0,0.0,0.0,12.307857275322114,0.8937728937728938
80,0.0,0.0,9,138737,20,Divorced,United-States,Adm-clerical,White,Other-relative,False,Private,0,0.0,0.0,11.840342541382023,0.8937728937728938
22,0.0,0.0,10,42004,30,Never-married,United-States,?,White,Own-child,True,?,0,0.0,0.0,10.645543937798948,0.8937728937728938
35,0.0,0.0,10,22055,60,Married-civ-spouse,United-States,Prof-specialty,Amer-Indian-Eskimo,Husband,True,Private,0,0.0,0.0,10.001339952703633,0.8937728937728938
59,0.0,0.0,9,181070,40,Married-civ-spouse,__RARE__,Sales,White,Husband,True,Self-emp-not-inc,1,0.0,0.0,12.106644498525455,0.0
41,4386.0,0.0,11,433989,60,Married-civ-spouse,United-States,Sales,White,Husband,True,Private,1,8.386400901166214,0.0,12.980776771342429,0.8937728937728938
31,0.0,0.0,11,114639,50,Married-civ-spouse,United-States,Craft-repair,White,Husband,True,Self-emp-not-inc,0,0.0,0.0,11.649552062502053,0.8937728937728938
30,0.0,0.0,16,209808,40,Married-civ-spouse,United-States,Prof-specialty,White,Husband,True,Self-emp-not-inc,1,0.0,0.0,12.253952872022335,0.8937728937728938
26,0.0,0.0,11,112754,65,Married-civ-spouse,United-States,Craft-repair,White,Husband,True,Private,1,0.0,0.0,11.632972602279679,0.8937728937728938
31,0.0,0.0,11,73585,45,Married-civ-spouse,United-States,Prof-specialty,White,Husband,True,Private,0,0.0,0.0,11.206210069232041,0.8937728937728938
17,0.0,0.0,7,81010,20,Never-married,United-States,Sales,White,Own-child,False,Private,0,0.0,0.0,11.302340226903391,0.8937728937728938
27,0.0,0.0,8,189775,44,Never-married,United-States,Other-service,Black,Own-child,False,Local-gov,0,0.0,0.0,12.153599708269057,0.8937728937728938
17,0.0,0.0,6,237272,30,Never-married,United-States,?,White,Own-child,True,Never-worked,0,0.0,0.0,12.376966655925132,0.8937728937728938
23,0.0,0.0,9,177265,45,Never-married,United-States,Other-service,White,Own-child,False,Local-gov,0,0.0,0.0,12.08540670830354,0.8937728937728938
23,0.0,0.0,10,197286,8,Never-married,United-States,Sales,White,Own-child,False,Private,0,0.0,0.0,12.192414800331536,0.8937728937728938
40,0.0,0.0,10,59460,38,Divorced,United-States,Adm-clerical,White,Unmarried,False,State-gov,0,0.0,0.0,10.993075914439594,0.8937728937728938
35,0.0,0.0,14,337286,40,Never-married,United-States,Exec-managerial,Asian-Pac-Islander,Not-in-family,True,Private,0,0.0,0.0,12.728689478949162,0.8937728937728938
24,0.0,0.0,9,34506,40,Never-married,United-States,Machine-op-inspct,White,Unmarried,False,Private,0,0.0,0.0,10.44891748098905,0.8937728937728938
38,0.0,0.0,11,64875,50,Divorced,United-States,Farming-fishing,White,Not-in-family,True,Self-emp-inc,0,0.0,0.0,11.08023303460758,0.8937728937728938
53,0.0,0.0,9,258832,10,Never-married,__RARE__,Other-service,Asian-Pac-Islander,Other-relative,True,Private,0,0.0,0.0,12.463938345071933,0.0
63,0.0,0.0,7,187919,30,Married-civ-spouse,United-States,Other-service,White,Husband,True,Private,0,0.0,0.0,12.143771619332794,0.8937728937728938
38,7688.0,0.0,13,192337,40,Married-civ-spouse,United-States,Exec-managerial,White,Husband,True,Private,1,8.94754601503218,0.0,12.167009519959317,0.8937728937728938
50,0.0,0.0,13,138193,50,Divorced,United-States,Prof-specialty,White,Other-relative,False,Private,1,0.0,0.0,11.836413774033147,0.8937728937728938
18,0.0,1602.0,9,51574,38,Never-married,United-States,?,Asian-Pac-Islander,Own-child,False,?,0,0.0,7.3796321526095525,10.850792337939453,0.8937728937728938
20,0.0,0.0,9,63210,15,Never-married,United-States,Handlers-cleaners,White,Own-child,True,Private,0,0.0,0.0,11.054233615622806,0.8937728937728938
59,0.0,2205.0,10,191665,40,Widowed,United-States,?,White,Not-in-family,False,?,0,0.0,7.698936199813447,12.16350955284446,0.8937728937728938
44,0.0,0.0,10,721161,40,Separated,United-States,Machine-op-inspct,Black,Not-in-family,True,Private,0,0.0,0.0,13.488619078961959,0.8937728937728938
19,0.0,0.0,9,171306,3,Never-married,United-States,Sales,White,Own-child,True,Private,0,0.0,0.0,12.05121254745862,0.8937728937728938
43,0.0,0.0,13,300099,34,Divorced,United-States,Adm-clerical,White,Not-in-family,False,Local-gov,0,0.0,0.0,12.611871031428459,0.8937728937728938
37,0.0,0.0,11,74194,45,Married-civ-spouse,United-States,Exec-managerial,White,Husband,True,Local-gov,0,0.0,0.0,11.214452041440227,0.8937728937728938
19,0.0,0.0,5,232261,40,Never-married,United-States,Other-service,White,Own-child,True,Private,0,0.0,0.0,12.355621323802026,0.8937728937728938
25,0.0,0.0,13,203279,20,Never-married,__RARE__,Prof-specialty,Asian-Pac-Islander,Not-in-family,True,State-gov,0,0.0,0.0,12.222339617994045,0.0
58,0.0,0.0,10,56392,40,Married-civ-spouse,United-States,Sales,White,Husband,True,Private,0,0.0,0.0,10.940100316308259,0.8937728937728938
45,7688.0,0.0,10,213140,45,Married-civ-spouse,United-States,Craft-repair,White,Husband,True,Self-emp-not-inc,1,8.94754601503218,0.0,12.26970919751584,0.8937728937728938
35,0.0,0.0,13,233533,42,Married-civ-spouse,United-States,Sales,White,Husband,True,Private,0,0.0,0.0,12.361082955769314,0.8937728937728938
49,0.0,0.0,9,191320,24,Divorced,United-States,Other-service,White,Not-in-family,False,Private,0,0.0,0.0,12.161707924625649,0.8937728937728938
60,7688.0,0.0,11,117909,40,Married-civ-spouse,United-States,Prof-specialty,White,Husband,True,Private,1,8.94754601503218,0.0,11.677676900570718,0.8937728937728938
32,0.0,0.0,6,241885,40,Divorced,United-States,Craft-repair,White,Not-in-family,True,Self-emp-not-inc,0,0.0,0.0,12.396221819768265,0.8937728937728938
25,0.0,0.0,9,109872,45,Married-civ-spouse,United-States,Machine-op-inspct,White,Husband,True,Private,0,0.0,0.0,11.607080432318966,0.8937728937728938
32,0.0,0.0,10,86808,38,Never-married,United-States,Other-service,White,Own-child,False,Private,0,0.0,0.0,11.371465581909298,0.8937728937728938
25,0.0,0.0,9,298225,50,Divorced,United-States,Craft-repair,White,Not-in-family,True,Private,0,0.0,0.0,12.605606867317464,0.8937728937728938
37,0.0,0.0,7,95855,40,Divorced,United-States,Handlers-cleaners,White,Not-in-family,False,Private,0,0.0,0.0,11.470602344323707,0.8937728937728938
44,0.0,0.0,10,210492,40,Divorced,United-States,Adm-clerical,Black,Unmarried,True,Federal-gov,0,0.0,0.0,12.257207677394872,0.8937728937728938
18,0.0,0.0,6,126142,30,Never-married,United-States,Craft-repair,White,Own-child,True,Private,0,0.0,0.0,11.745171463032973,0.8937728937728938
27,0.0,0.0,9,140863,60,Never-married,United-States,Transport-moving,White,Not-in-family,True,Private,0,0.0,0.0,11.855550164886134,0.8937728937728938
22,0.0,0.0,10,320451,24,Never-married,__RARE__,Protective-serv,Asian-Pac-Islander,Own-child,True,Private,0,0.0,0.0,12.677487778136177,0.0
39,0.0,0.0,13,113481,45,Married-civ-spouse,United-States,Exec-managerial,White,Husband,True,Private,1,0.0,0.0,11.639399513018452,0.8937728937728938
36,0.0,0.0,13,416745,40,Married-civ-spouse,United-States,Prof-specialty,White,Husband,True,Private,0,0.0,0.0,12.940232202486595,0.8937728937728938
51,0.0,0.0,9,144084,40,Never-married,United-States,Machine-op-inspct,White,Own-child,False,Private,0,0.0,0.0,11.878158682190515,0.8937728937728938
36,0.0,0.0,13,255454,40,Never-married,United-States,Protective-serv,Black,Not-in-family,True,Local-gov,0,0.0,0.0,12.450801547869405,0.8937728937728938
37,0.0,0.0,13,186934,40,Married-civ-spouse,United-States,Prof-specialty,White,Other-relative,True,Private,1,0.0,0.0,12.138516241829183,0.8937728937728938
32,0.0,0.0,9,208291,50,Married-civ-spouse,United-States,Sales,White,Husband,True,Private,0,0.0,0.0,12.246696220366545,0.8937728937728938
43,0.0,0.0,2,185670,21,Widowed,Mexico,Prof-specialty,White,Unmarried,False,Private,0,0.0,0.0,12.131731569286728,0.02197802197802198
52,7688.0,0.0,13,617021,40,Married-civ-spouse,United-States,Tech-support,Black,Husband,True,Federal-gov,1,8.94754601503218,0.0,13.332659958653796,0.8937728937728938
49,0.0,0.0,9,174274,80,Widowed,United-States,?,White,Not-in-family,False,?,0,0.0,0.0,12.0683897903546,0.8937728937728938
52,0.0,0.0,16,289436,60,Married-civ-spouse,United-States,Prof-specialty,White,Husband,True,Self-emp-not-inc,1,0.0,0.0,12.575692935732953,0.8937728937728938
39,0.0,0.0,9,33001,40,Married-civ-spouse,United-States,Craft-repair,White,Husband,True,Self-emp-not-inc,0,0.0,0.0,10.40432344467275,0.8937728937728938
38,3908.0,0.0,11,30509,50,Married-civ-spouse,United-States,Prof-specialty,White,Wife,False,Private,0,8.271036865792954,0.0,10.325809777710715,0.8937728937728938
61,0.0,0.0,10,183735,45,Married-civ-spouse,United-States,Sales,White,Husband,True,Private,1,0.0,0.0,12.12125522369625,0.8937728937728938
43,0.0,1876.0,13,81243,40,Divorced,United-States,Tech-support,White,Not-in-family,True,Private,0,0.0,7.537430036586509,11.305212251311376,0.8937728937728938
52,0.0,0.0,1,370552,40,Married-civ-spouse,__RARE__,Machine-op-inspct,White,Husband,True,Private,0,0.0,0.0,12.822751763420136,0.0
38,0.0,0.0,9,167440,20,Married-civ-spouse,United-States,Transport-moving,White,Husband,True,Local-gov,0,0.0,0.0,12.028386329390628,0.8937728937728938
34,0.0,0.0,15,226443,55,Married-civ-spouse,United-States,Prof-specialty,White,Husband,True,Private,1,0.0,0.0,12.330252952718125,0.8937728937728938
45,0.0,0.0,10,270842,40,Divorced,United-States,Other-service,White,Not-in-family,False,Private,0,0.0,0.0,12.509294596188656,0.8937728937728938
36,0.0,0.0,9,248263,40,Never-married,United-States,Prof-specialty,White,Not-in-family,False,Local-gov,0,0.0,0.0,12.422247975080637,0.8937728937728938
29,0.0,0.0,9,116207,65,Married-civ-spouse,United-States,Prof-specialty,White,Husband,True,Self-emp-not-inc,1,0.0,0.0,11.663136967845949,0.8937728937728938
38,0.0,0.0,10,318610,40,Divorced,United-States,Adm-clerical,Black,Unmarried,False,Private,0,0.0,0.0,12.67172620191355,0.8937728937728938
29,0.0,0.0,13,168479,40,Never-married,United-States,?,White,Not-in-family,True,?,0,0.0,0.0,12.034572327367803,0.8937728937728938
21,0.0,0.0,9,452640,40,Never-married,United-States,Craft-repair,White,Not-in-family,True,Private,0,0.0,0.0,13.022854595794177,0.8937728937728938
34,0.0,0.0,6,362775,30,Married-civ-spouse,United-States,Other-service,Amer-Indian-Eskimo,Wife,False,Local-gov,0,0.0,0.0,12.801540842885023,0.8937728937728938
52,0.0,0.0,9,30908,60,Married-civ-spouse,United-States,Farming-fishing,White,Husband,True,Private,0,0.0,0.0,10.338802682613178,0.8937728937728938
63,0.0,0.0,4,28856,55,Married-civ-spouse,United-States,Other-service,White,Husband,True,Local-gov,0,0.0,0.0,10.270107876820726,0.8937728937728938
48,14084.0,0.0,9,148995,45,Widowed,United-States,Exec-managerial,White,Not-in-family,True,Private,1,9.552865680310473,0.0,11.911674738929662,0.8937728937728938
35,0.0,0.0,9,117567,40,Divorced,United-States,Craft-repair,White,Not-in-family,True,Private,0,0.0,0.0,11.674772168574798,0.8937728937728938
47,0.0,0.0,13,262244,60,Never-married,United-States,Sales,Black,Not-in-family,True,Private,1,0.0,0.0,12.477034460299858,0.8937728937728938
53,25236.0,0.0,15,174102,60,Divorced,United-States,Prof-specialty,White,Unmarried,True,Self-emp-not-inc,1,10.136066450636823,0.0,12.067402357083983,0.8937728937728938
59,0.0,0.0,14,186308,50,Married-civ-spouse,United-States,Prof-specialty,White,Husband,True,State-gov,0,0.0,0.0,12.135161864601573,0.8937728937728938
38,0.0,0.0,9,102178,50,Married-civ-spouse,United-States,Transport-moving,White,Husband,True,Private,0,0.0,0.0,11.534481456185892,0.8937728937728938
38,0.0,0.0,10,198841,40,Separated,United-States,Handlers-cleaners,White,Not-in-family,True,Federal-gov,0,0.0,0.0,12.200265818496387,0.8937728937728938
40,3137.0,0.0,9,153489,40,Married-civ-spouse,United-States,Other-service,White,Other-relative,True,Local-gov,0,8.051340933292979,0.0,11.941390697307455,0.8937728937728938
33,0.0,0.0,10,287372,50,Married-civ-spouse,United-States,Exec-managerial,White,Husband,True,Self-emp-inc,1,0.0,0.0,12.568536302493635,0.8937728937728938
51,0.0,0.0,16,172962,40,Married-civ-spouse,United-States,Prof-specialty,White,Husband,True,State-gov,1,0.0,0.0,12.06083297777349,0.8937728937728938
29,0.0,0.0,10,224858,45,Married-civ-spouse,United-States,Prof-specialty,White,Husband,True,Private,0,0.0,0.0,12.323228818082264,0.8937728937728938
18,0.0,0.0,9,252046,30,Never-married,United-States,?,White,Own-child,False,?,0,0.0,0.0,12.437370857039625,0.8937728937728938
52,0.0,0.0,11,185407,48,Married-civ-spouse,__RARE__,Craft-repair,White,Husband,True,Private,1,0.0,0.0,12.130314081129022,0.0
32,0.0,0.0,10,94939,48,Married-civ-spouse,United-States,Machine-op-inspct,White,Husband,True,Private,0,0.0,0.0,11.461000392105309,0.8937728937728938
29,0.0,0.0,9,106153,50,Never-married,United-States,Craft-repair,White,Not-in-family,True,Private,0,0.0,0.0,11.572646148946163,0.8937728937728938
62,0.0,0.0,9,114060,40,Married-civ-spouse,United-States,Transport-moving,White,Husband,True,Local-gov,0,0.0,0.0,11.644488671987546,0.8937728937728938
48,0.0,0.0,12,332884,40,Divorced,United-States,Craft-repair,White,Not-in-family,True,Private,0,0.0,0.0,12.715552363971799,0.8937728937728938
28,0.0,0.0,13,52603,50,Married-civ-spouse,United-States,Sales,White,Husband,True,Private,1,0.0,0.0,10.870547441461856,0.8937728937728938
45,0.0,0.0,10,197332,55,Married-civ-spouse,United-States,Craft-repair,White,Husband,True,Self-emp-inc,1,0.0,0.0,12.192647936007416,0.8937728937728938
21,0.0,0.0,12,494638,15,Never-married,United-States,?,White,Own-child,True,?,0,0.0,0.0,13.11158348255808,0.8937728937728938
51,0.0,0.0,9,280093,40,Separated,United-States,Adm-clerical,White,Other-relative,False,Private,0,0.0,0.0,12.54288054009767,0.8937728937728938
40,0.0,0.0,13,110862,50,Married-civ-spouse,United-States,Sales,White,Husband,True,Private,1,0.0,0.0,11.616050483765866,0.8937728937728938
17,0.0,0.0,6,173740,15,Never-married,United-States,Sales,White,Not-in-family,False,Private,0,0.0,0.0,12.065320963524295,0.8937728937728938
28,0.0,0.0,9,207513,48,Never-married,United-States,Sales,White,Own-child,True,Private,0,0.0,0.0,12.242954086256418,0.8937728937728938
46,0.0,0.0,12,83082,33,Never-married,United-States,Prof-specialty,White,Not-in-family,False,Private,0,0.0,0.0,11.327595387111819,0.8937728937728938
42,0.0,1887.0,10,230438,40,Married-civ-spouse,United-States,Adm-clerical,White,Husband,True,Federal-gov,1,0.0,7.543273346705446,12.347741464312515,0.8937728937728938
24,0.0,0.0,13,51973,45,Never-married,United-States,Adm-clerical,White,Not-in-family,False,Private,0,0.0,0.0,10.858498872521881,0.8937728937728938
25,0.0,0.0,9,221757,40,Married-civ-spouse,United-States,Machine-op-inspct,White,Husband,True,Private,0,0.0,0.0,12.309341976183987,0.8937728937728938
39,0.0,0.0,11,97771,45,Married-civ-spouse,United-States,Exec-managerial,White,Husband,True,Private,0,0.0,0.0,11.490393516463142,0.8937728937728938
60,0.0,1408.0,10,166789,50,Divorced,United-States,Tech-support,White,Not-in-family,True,Private,0,0.0,7.25063551189868,12.02449081507122,0.8937728937728938
55,0.0,0.0,6,174478,29,Never-married,United-States,Other-service,White,Not-in-family,True,Private,0,0.0,0.0,12.069559669543176,0.8937728937728938
21,0.0,0.0,8,169003,25,Never-married,United-States,Adm-clerical,Black,Own-child,True,Federal-gov,0,0.0,0.0,12.037677662264166,0.8937728937728938
19,0.0,0.0,7,244175,25,Never-married,United-States,Sales,White,Own-child,True,Private,0,0.0,0.0,12.405644555730657,0.8937728937728938
22,0.0,0.0,10,275385,25,Never-married,United-States,Other-service,White,Other-relative,True,Private,0,0.0,0.0,12.525929028835668,0.8937728937728938
78,0.0,0.0,7,212660,10,Married-civ-spouse,United-States,Exec-managerial,White,Husband,True,Self-emp-inc,0,0.0,0.0,12.267454627535788,0.8937728937728938
18,0.0,0.0,9,177648,25,Never-married,United-States,Sales,White,Own-child,False,Private,0,0.0,0.0,12.087564972387453,0.8937728937728938
19,0.0,0.0,7,53355,12,Never-married,United-States,Sales,White,Not-in-family,True,Private,0,0.0,0.0,10.884741715260935,0.8937728937728938
50,0.0,0.0,9,166565,40,Married-civ-spouse,United-States,Transport-moving,White,Husband,True,Private,0,0.0,0.0,12.023146906254736,0.8937728937728938
42,0.0,0.0,9,340885,50,Never-married,United-States,Craft-repair,White,Not-in-family,True,Private,0,0.0,0.0,12.739303389520884,0.8937728937728938
34,0.0,0.0,10,293017,40,Never-married,United-States,Tech-support,Black,Unmarried,False,Private,0,0.0,0.0,12.587989319559346,0.8937728937728938
31,0.0,0.0,9,111883,40,Never-married,United-States,Craft-repair,White,Other-relative,True,Private,0,0.0,0.0,11.62521789926885,0.8937728937728938
29,0.0,0.0,13,106179,35,Never-married,__RARE__,Adm-clerical,White,Not-in-family,False,Private,0,0.0,0.0,11.572891046137663,0.0
49,15024.0,0.0,13,271346,60,Married-civ-spouse,United-States,?,White,Husband,True,?,1,9.617470759403409,0.0,12.511153723598483,0.8937728937728938
31,0.0,0.0,9,150324,40,Married-civ-spouse,United-States,Craft-repair,White,Husband,True,Local-gov,0,0.0,0.0,11.92055489590777,0.8937728937728938
34,0.0,0.0,14,104509,40,Separated,United-States,Prof-specialty,White,Unmarried,False,Local-gov,0,0.0,0.0,11.55703803958855,0.8937728937728938
33,0.0,0.0,9,204577,40,Married-civ-spouse,United-States,Machine-op-inspct,White,Husband,True,Private,0,0.0,0.0,12.228704599836513,0.8937728937728938
26,0.0,0.0,9,128699,40,Married-spouse-absent,__RARE__,Adm-clerical,White,Unmarried,False,Private,0,0.0,0.0,11.765239393584219,0.0
22,0.0,0.0,9,255575,35,Never-married,United-States,Other-service,White,Not-in-family,False,Private,0,0.0,0.0,12.451275100363329,0.8937728937728938
53,5013.0,0.0,9,124094,35,Married-civ-spouse,United-States,Craft-repair,White,Husband,True,Local-gov,0,8.519989278718239,0.0,11.728802680292393,0.8937728937728938
27,0.0,0.0,13,157612,60,Separated,United-States,Exec-managerial,White,Not-in-family,False,Private,0,0.0,0.0,11.96789794031367,0.8937728937728938
50,0.0,0.0,5,22418,50,Divorced,United-States,Transport-moving,White,Not-in-family,True,Private,0,0.0,0.0,10.0176640925984,0.8937728937728938
53,0.0,1590.0,10,290290,50,Divorced,United-States,Prof-specialty,White,Not-in-family,True,Private,0,0.0,7.372118028337787,12.578639147120837,0.8937728937728938
34,0.0,0.0,6,177304,40,Divorced,__RARE__,?,White,Not-in-family,True,?,0,0.0,0.0,12.085626692454287,0.0
38,0.0,0.0,10,224584,40,Divorced,United-States,Sales,Black,Unmarried,False,Private,0,0.0,0.0,12.322009533659976,0.8937728937728938
45,0.0,0.0,13,34307,40,Divorced,United-States,Prof-specialty,White,Unmarried,False,Private,0,0.0,0.0,10.443133842110312,0.8937728937728938
58,0.0,0.0,10,30111,40,Widowed,United-States,Prof-specialty,Amer-Indian-Eskimo,Unmarried,False,Federal-gov,0,0.0,0.0,10.312679042385106,0.8937728937728938
39,0.0,0.0,10,50096,80,Married-civ-spouse,United-States,Farming-fishing,White,Husband,True,Self-emp-not-inc,0,0.0,0.0,10.821716405040542,0.8937728937728938
40,0.0,0.0,9,77975,40,Married-civ-spouse,United-States,Craft-repair,White,Husband,True,Private,0,0.0,0.0,11.264156366017046,0.8937728937728938
42,0.0,0.0,13,281315,50,Never-married,United-States,Prof-specialty,White,Not-in-family,True,Local-gov,0,0.0,0.0,12.547233871637518,0.8937728937728938
21,0.0,0.0,7,256356,40,Never-married,Mexico,__RARE__,White,Other-relative,False,Private,0,0.0,0.0,12.45432628325604,0.02197802197802198
60,0.0,0.0,9,231770,65,Married-civ-spouse,United-States,Farming-fishing,White,Husband,True,Self-emp-not-inc,1,0.0,0.0,12.353505094209552,0.8937728937728938
35,0.0,0.0,10,338611,40,Divorced,United-States,Adm-clerical,White,Unmarried,False,Private,0,0.0,0.0,12.732610188100441,0.8937728937728938
20,0.0,0.0,10,259496,20,Never-married,United-States,Sales,White,Own-child,False,Private,0,0.0,0.0,12.466500420827613,0.8937728937728938
62,0.0,0.0,4,101582,35,Widowed,United-States,Machine-op-inspct,White,Unmarried,False,Private,0,0.0,0.0,11.528631477291846,0.8937728937728938
50,4650.0,0.0,10,138852,22,Divorced,United-States,Craft-repair,White,Not-in-family,True,Private,0,8.444837529224097,0.0,11.841171098551232,0.8937728937728938
55,0.0,1977.0,14,208311,20,Married-civ-spouse,United-States,Tech-support,White,Husband,True,Private,1,0.0,7.589841512182657,12.246792234807192,0.8937728937728938
55,0.0,0.0,12,111130,40,Divorced,United-States,Adm-clerical,Asian-Pac-Islander,Own-child,True,State-gov,0,0.0,0.0,11.618464964609466,0.8937728937728938
36,0.0,0.0,9,286115,40,Married-civ-spouse,United-States,Craft-repair,White,Husband,True,Private,1,0.0,0.0,12.564152601976406,0.8937728937728938
33,0.0,0.0,11,112820,40,Married-civ-spouse,United-States,Protective-serv,White,Husband,True,Private,0,0.0,0.0,11.633557770931338,0.8937728937728938
28,0.0,0.0,6,174666,80,Separated,United-States,?,White,Not-in-family,True,?,0,0.0,0.0,12.070636583030195,0.8937728937728938
55,0.0,0.0,5,157639,58,Married-civ-spouse,United-States,Sales,White,Husband,True,Self-emp-not-inc,0,0.0,0.0,11.96806923130894,0.8937728937728938
33,0.0,0.0,10,100228,40,Never-married,United-States,Machine-op-inspct,Black,Not-in-family,True,Private,0,0.0,0.0,11.515212846916363,0.8937728937728938
53,0.0,0.0,10,539864,20,Divorced,United-States,Craft-repair,White,Not-in-family,True,Private,0,0.0,0.0,13.199074387285247,0.8937728937728938
34,0.0,0.0,8,172716,40,Married-civ-spouse,United-States,__RARE__,White,Husband,True,Federal-gov,0,0.0,0.0,12.059409695885458,0.8937728937728938
28,0.0,0.0,9,183802,55,Married-civ-spouse,United-States,Transport-moving,White,Husband,True,Private,0,0.0,0.0,12.121619810859748,0.8937728937728938
28,7688.0,0.0,11,142764,45,Married-civ-spouse,United-States,Craft-repair,White,Husband,True,Private,1,8.94754601503218,0.0,11.868955200806973,0.8937728937728938
53,0.0,0.0,5,179237,40,Married-civ-spouse,United-States,Transport-moving,White,Husband,True,Local-gov,0,0.0,0.0,12.096469810614215,0.8937728937728938
22,0.0,2339.0,13,124483,40,Never-married,__RARE__,Tech-support,Asian-Pac-Islander,Not-in-family,True,Private,0,0.0,7.757906208351747,11.731932472572035,0.0
30,0.0,0.0,13,110622,40,Divorced,__RARE__,Exec-managerial,Asian-Pac-Islander,Not-in-family,False,Private,0,0.0,0.0,11.613883303050757,0.0
17,0.0,0.0,7,154938,20,Never-married,United-States,?,White,Own-child,True,?,0,0.0,0.0,11.950786770053798,0.8937728937728938
27,0.0,0.0,9,221912,40,Never-married,United-States,Handlers-cleaners,White,Own-child,True,Private,0,0.0,0.0,12.310040692152828,0.8937728937728938
52,0.0,0.0,13,117674,38,Never-married,United-States,Prof-specialty,White,Not-in-family,True,Private,0,0.0,0.0,11.675681866269343,0.8937728937728938
18,0.0,0.0,9,120029,40,Never-married,United-States,Other-service,White,Own-child,False,Private,0,0.0,0.0,11.695496990519391,0.8937728937728938
37,0.0,0.0,15,76767,39,Married-civ-spouse,United-States,Prof-specialty,White,Wife,False,State-gov,1,0.0,0.0,11.248543165639422,0.8937728937728938
73,0.0,0.0,13,185939,40,Married-civ-spouse,United-States,?,White,Husband,True,?,0,0.0,0.0,12.133179320009848,0.8937728937728938
44,0.0,0.0,9,118550,33,Divorced,United-States,Other-service,White,Unmarried,False,Private,0,0.0,0.0,11.683098526717359,0.8937728937728938
26,0.0,0.0,9,196866,38,Never-married,United-States,Sales,White,Not-in-family,False,Private,0,0.0,0.0,12.19028365281578,0.8937728937728938
42,0.0,0.0,13,157443,27,Married-civ-spouse,__RARE__,Prof-specialty,Asian-Pac-Islander,Wife,False,Private,1,0.0,0.0,11.966825118467405,0.0
22,0.0,0.0,10,203894,15,Never-married,United-States,Sales,White,Own-child,False,Private,0,0.0,0.0,12.225360434437459,0.8937728937728938
29,0.0,0.0,6,253752,40,Married-civ-spouse,United-States,Farming-fishing,White,Wife,False,Private,0,0.0,0.0,12.444116631928345,0.8937728937728938
29,0.0,0.0,9,37215,55,Married-civ-spouse,United-States,Craft-repair,White,Husband,True,Private,0,0.0,0.0,10.52449405531839,0.8937728937728938
26,0.0,0.0,13,242768,38,Never-married,United-States,Prof-specialty,White,Not-in-family,True,Private,0,0.0,0.0,12.39986565291557,0.8937728937728938
31,0.0,0.0,9,42485,55,Married-civ-spouse,United-States,Machine-op-inspct,White,Husband,True,Private,0,0.0,0.0,10.656929888879828,0.8937728937728938
51,0.0,0.0,9,40230,60,Married-civ-spouse,United-States,Exec-managerial,White,Wife,False,Private,0,0.0,0.0,10.602393121706738,0.8937728937728938
25,0.0,0.0,12,191803,50,Never-married,United-States,Sales,White,Not-in-family,True,Self-emp-not-inc,0,0.0,0.0,12.164229296271362,0.8937728937728938
51,0.0,0.0,13,172281,35,Married-civ-spouse,United-States,Exec-managerial,White,Husband,True,State-gov,1,0.0,0.0,12.056887948109253,0.8937728937728938
27,0.0,0.0,9,273929,40,Never-married,United-States,Farming-fishing,White,Own-child,True,Local-gov,0,0.0,0.0,12.520627878278496,0.8937728937728938
17,0.0,0.0,7,99462,20,Never-married,United-States,Other-service,Amer-Indian-Eskimo,Own-child,False,Private,0,0.0,0.0,11.507540994693388,0.8937728937728938
41,0.0,0.0,13,343591,10,Separated,United-States,Prof-specialty,White,Unmarried,False,Local-gov,0,0.0,0.0,12.747210185934108,0.8937728937728938
17,0.0,0.0,8,174120,15,Never-married,United-States,Handlers-cleaners,White,Own-child,True,Self-emp-not-inc,0,0.0,0.0,12.067505738815376,0.8937728937728938
32,0.0,0.0,9,193285,40,Never-married,United-States,Craft-repair,White,Own-child,True,Private,0,0.0,0.0,12.17192623629312,0.8937728937728938
58,0.0,0.0,9,190541,47,Never-married,United-States,Sales,White,Not-in-family,True,Self-emp-inc,0,0.0,0.0,12.157627921689361,0.8937728937728938
34,0.0,0.0,14,349169,40,Married-civ-spouse,Mexico,Craft-repair,White,Husband,True,Private,0,0.0,0.0,12.763314188604133,0.02197802197802198
29,0.0,0.0,14,370675,50,Never-married,United-States,Prof-specialty,White,Not-in-family,False,Local-gov,0,0.0,0.0,12.823083644663663,0.8937728937728938
50,0.0,1887.0,13,128143,50,Married-civ-spouse,United-States,Craft-repair,White,Husband,True,Private,1,0.0,7.543273346705446,11.760909910563463,0.8937728937728938
48,0.0,0.0,9,188081,40,Married-civ-spouse,United-States,Adm-clerical,White,Husband,True,Federal-gov,1,0.0,0.0,12.144633316930275,0.8937728937728938
57,0.0,0.0,9,217692,38,Widowed,United-States,Craft-repair,White,Not-in-family,False,Self-emp-not-inc,0,0.0,0.0,12.290841092364841,0.8937728937728938
37,0.0,0.0,5,109472,40,Divorced,United-States,Other-service,White,Not-in-family,False,Private,0,0.0,0.0,11.603433222491528,0.8937728937728938
18,0.0,0.0,10,192022,20,Never-married,United-States,Other-service,White,Own-child,True,Private,0,0.0,0.0,12.165370435502137,0.8937728937728938
35,0.0,0.0,9,350169,38,Divorced,__RARE__,Machine-op-inspct,White,Unmarried,False,Private,0,0.0,0.0,12.76617402983031,0.0
48,0.0,2231.0,13,155781,30,Divorced,United-States,Prof-specialty,White,Not-in-family,True,Private,1,0.0,7.710653323501202,11.95621287301009,0.8937728937728938
39,0.0,0.0,9,31964,80,Married-civ-spouse,United-States,Exec-managerial,White,Husband,True,Private,1,0.0,0.0,10.372396833200828,0.8937728937728938
32,0.0,0.0,13,167063,40,Married-civ-spouse,United-States,Tech-support,White,Husband,True,Private,0,0.0,0.0,12.026132251516612,0.8937728937728938
40,0.0,1977.0,11,175943,15,Married-civ-spouse,United-States,Prof-specialty,White,Wife,False,Self-emp-not-inc,1,0.0,7.589841512182657,12.077921041571532,0.8937728937728938
50,0.0,2051.0,9,105010,20,Married-civ-spouse,United-States,Farming-fishing,White,Husband,True,Self-emp-not-inc,0,0.0,7.62657020629066,11.561820385557278,0.8937728937728938
58,3325.0,0.0,9,140363,30,Divorced,United-States,Machine-op-inspct,White,Not-in-family,True,Private,0,8.109525659752872,0.0,11.851994327438707,0.8937728937728938
60,0.0,0.0,3,74422,44,Married-civ-spouse,Mexico,Farming-fishing,White,Husband,True,Private,0,0.0,0.0,11.217520312832272,0.02197802197802198
21,0.0,0.0,10,39236,8,Never-married,United-States,Prof-specialty,White,Not-in-family,False,State-gov,0,0.0,0.0,10.577375458157261,0.8937728937728938
36,0.0,0.0,10,74593,40,Married-civ-spouse,United-States,Exec-managerial,White,Husband,True,Local-gov,0,0.0,0.0,11.219815354002847,0.8937728937728938
54,0.0,0.0,14,141707,40,Married-civ-spouse,United-States,Prof-specialty,Black,Husband,True,Private,1,0.0,0.0,11.861523881389282,0.8937728937728938
33,0.0,0.0,9,327902,45,Married-civ-spouse,United-States,Transport-moving,White,Husband,True,Self-emp-not-inc,0,0.0,0.0,12.700473111921719,0.8937728937728938
33,0.0,0.0,14,55291,40,Married-civ-spouse,United-States,Exec-managerial,White,Husband,True,Private,1,0.0,0.0,10.920383511584248,0.8937728937728938
34,0.0,0.0,9,183473,40,Divorced,United-States,Transport-moving,White,Own-child,False,Private,0,0.0,0.0,12.119828247064577,0.8937728937728938
45,0.0,0.0,13,246431,30,Never-married,United-States,Prof-specialty,White,Not-in-family,True,Private,0,0.0,0.0,12.414841372338977,0.8937728937728938
32,0.0,0.0,10,33678,50,Married-civ-spouse,United-States,Transport-moving,White,Husband,True,Private,1,0.0,0.0,10.42462977670407,0.8937728937728938
33,0.0,0.0,15,37546,40,Married-civ-spouse,United-States,Prof-specialty,White,Wife,False,Federal-gov,1,0.0,0.0,10.53334876052526,0.8937728937728938
51,0.0,0.0,9,115851,40,Married-civ-spouse,United-States,Craft-repair,White,Husband,True,Self-emp-not-inc,0,0.0,0.0,11.66006879341457,0.8937728937728938
46,0.0,0.0,9,225456,40,Married-civ-spouse,United-States,Exec-managerial,White,Husband,True,Self-emp-not-inc,0,0.0,0.0,12.325884732380304,0.8937728937728938
46,0.0,0.0,15,199378,90,Never-married,United-States,Prof-specialty,White,Not-in-family,True,Private,0,0.0,0.0,12.202962815015917,0.8937728937728938
66,0.0,0.0,10,222810,35,Divorced,United-States,?,White,Other-relative,False,?,0,0.0,0.0,12.31407915745028,0.8937728937728938
59,0.0,0.0,9,218764,45,Divorced,United-States,?,White,Not-in-family,False,?,0,0.0,0.0,12.295753373297519,0.8937728937728938
44,0.0,1741.0,12,139161,40,Divorced,United-States,Adm-clerical,Black,Not-in-family,False,Federal-gov,0,0.0,7.462789157412448,11.843394001108564,0.8937728937728938
27,0.0,0.0,11,176683,60,Married-civ-spouse,United-States,Other-service,White,Husband,True,Private,0,0.0,0.0,12.082118105254956,0.8937728937728938
29,0.0,0.0,9,180115,45,Never-married,United-States,Tech-support,White,Not-in-family,False,Private,0,0.0,0.0,12.101356366751642,0.8937728937728938
20,0.0,0.0,10,219835,30,Never-married,?,Sales,White,Own-child,True,Private,0,0.0,0.0,12.300637092799644,0.0115995115995116
52,0.0,0.0,9,24185,84,Divorced,United-States,Craft-repair,White,Unmarried,True,Private,0,0.0,0.0,10.09352923234522,0.8937728937728938
17,0.0,0.0,8,53367,25,Never-married,United-States,Other-service,White,Other-relative,False,Private,0,0.0,0.0,10.88496659438935,0.8937728937728938
31,0.0,0.0,5,119735,40,Never-married,Mexico,Machine-op-inspct,White,Unmarried,True,Private,0,0.0,0.0,11.693044598208983,0.02197802197802198
39,0.0,0.0,12,160623,40,Never-married,United-States,Craft-repair,White,Own-child,True,Private,0,0.0,0.0,11.986821508931309,0.8937728937728938
33,0.0,0.0,9,356015,35,Separated,__RARE__,Craft-repair,Amer-Indian-Eskimo,Not-in-family,True,Private,0,0.0,0.0,12.78273095264445,0.0
26,0.0,0.0,14,160261,20,Never-married,__RARE__,Prof-specialty,Asian-Pac-Islander,Not-in-family,True,Private,0,0.0,0.0,11.984565254974644,0.0
28,0.0,0.0,11,79874,40,Never-married,United-States,Machine-op-inspct,White,Not-in-family,True,Private,0,0.0,0.0,11.288218191679835,0.8937728937728938
37,0.0,0.0,9,216924,60,Divorced,United-States,Farming-fishing,White,Own-child,True,Private,0,0.0,0.0,12.28730695066169,0.8937728937728938
28,0.0,0.0,2,95566,35,Married-spouse-absent,__RARE__,Other-service,__RARE__,Own-child,False,Private,0,0.0,0.0,11.467582851163785,0.0
50,0.0,0.0,9,114758,40,Married-civ-spouse,United-States,Craft-repair,White,Husband,True,Private,1,0.0,0.0,11.650589556219762,0.8937728937728938
59,0.0,0.0,6,132717,40,Married-civ-spouse,United-States,Farming-fishing,White,Husband,True,State-gov,0,0.0,0.0,11.795981855431917,0.8937728937728938
68,0.0,0.0,13,40956,25,Married-civ-spouse,United-States,?,White,Husband,True,?,0,0.0,0.0,10.62027801484355,0.8937728937728938
20,0.0,0.0,9,406641,30,Never-married,United-States,Adm-clerical,White,Not-in-family,False,Private,0,0.0,0.0,12.91568847046399,0.8937728937728938
44,0.0,0.0,3,324311,32,Married-civ-spouse,Mexico,Machine-op-inspct,White,Husband,True,Private,0,0.0,0.0,12.689461294386032,0.02197802197802198
55,0.0,0.0,9,51008,40,Divorced,United-States,Adm-clerical,White,Unmarried,False,Private,0,0.0,0.0,10.839757366725596,0.8937728937728938
56,0.0,0.0,9,208415,40,Divorced,?,Exec-managerial,Black,Not-in-family,True,Private,0,0.0,0.0,12.247291361346129,0.0115995115995116
55,0.0,0.0,9,169276,40,Divorced,United-States,Machine-op-inspct,Black,Other-relative,True,Private,0,0.0,0.0,12.039291705377831,0.8937728937728938
65,0.0,0.0,6,185001,20,Widowed,United-States,Sales,White,Not-in-family,False,Private,0,0.0,0.0,12.128121914812835,0.8937728937728938
35,0.0,0.0,4,90273,40,Married-civ-spouse,?,Machine-op-inspct,White,Husband,True,Private,1,0.0,0.0,11.41060476882039,0.0115995115995116
46,0.0,2258.0,9,140644,50,Married-spouse-absent,United-States,Machine-op-inspct,White,Not-in-family,True,Private,0,0.0,7.7226775164680035,11.853994264050423,0.8937728937728938
45,0.0,0.0,13,420986,40,Married-civ-spouse,United-States,Prof-specialty,White,Husband,True,Self-emp-not-inc,1,0.0,0.0,12.9503572333279,0.8937728937728938
41,0.0,0.0,13,220109,55,Married-civ-spouse,United-States,Exec-managerial,White,Husband,True,Private,1,0.0,0.0,12.301882700376149,0.8937728937728938
48,0.0,0.0,9,275100,70,Married-civ-spouse,__RARE__,Exec-managerial,White,Husband,True,Self-emp-inc,1,0.0,0.0,12.524893581947863,0.0
35,0.0,0.0,14,289430,45,Married-civ-spouse,Mexico,Sales,White,Husband,True,Self-emp-inc,1,0.0,0.0,12.575672205618314,0.02197802197802198
40,0.0,0.0,13,176069,45,Divorced,United-States,Prof-specialty,White,Not-in-family,False,Private,0,0.0,0.0,12.07863692222049,0.8937728937728938
52,0.0,0.0,9,282674,40,Married-civ-spouse,United-States,Transport-moving,Amer-Indian-Eskimo,Husband,True,Private,1,0.0,0.0,12.552053106803445,0.8937728937728938
26,0.0,0.0,9,216010,40,Separated,United-States,Exec-managerial,White,Own-child,False,Private,0,0.0,0.0,12.283084611295546,0.8937728937728938
30,0.0,0.0,13,362873,40,Married-civ-spouse,__RARE__,Tech-support,White,Husband,True,Private,0,0.0,0.0,12.80181094555324,0.0
42,0.0,1902.0,14,178074,40,Married-civ-spouse,United-States,Adm-clerical,White,Wife,False,Federal-gov,1,0.0,7.551186867296149,12.089960088846555,0.8937728937728938
25,0.0,0.0,9,419658,8,Never-married,United-States,Other-service,White,Own-child,False,Private,0,0.0,0.0,12.947197755724467,0.8937728937728938
40,0.0,0.0,9,114580,40,Divorced,__RARE__,Craft-repair,White,Other-relative,False,Private,0,0.0,0.0,11.649037275451104,0.0
38,0.0,0.0,10,193026,40,Divorced,__RARE__,Craft-repair,White,Not-in-family,True,Private,0,0.0,0.0,12.170585354475495,0.0
27,0.0,0.0,13,164607,40,Married-civ-spouse,United-States,Other-service,White,Husband,True,Private,0,0.0,0.0,12.011322168717182,0.8937728937728938
51,0.0,0.0,14,33863,45,Married-civ-spouse,United-States,Prof-specialty,White,Husband,True,Local-gov,0,0.0,0.0,10.430107782200759,0.8937728937728938
38,0.0,0.0,4,75024,40,Divorced,United-States,?,White,Not-in-family,False,?,0,0.0,0.0,11.225576670308568,0.8937728937728938
29,0.0,0.0,10,138332,6,Married-civ-spouse,United-States,Adm-clerical,White,Own-child,False,Private,0,0.0,0.0,11.837419100903269,0.8937728937728938
37,0.0,0.0,13,241998,50,Married-civ-spouse,United-States,Tech-support,White,Husband,True,Private,1,0.0,0.0,12.396688872898881,0.8937728937728938
28,0.0,0.0,10,119793,40,Never-married,United-States,Adm-clerical,White,Own-child,True,Private,0,0.0,0.0,11.693528879936814,0.8937728937728938
39,0.0,0.0,12,100011,38,Never-married,United-States,Tech-support,White,Not-in-family,False,Local-gov,0,0.0,0.0,11.513045457770804,0.8937728937728938
46,0.0,0.0,15,308077,40,Separated,__RARE__,Prof-specialty,White,Unmarried,False,Federal-gov,1,0.0,0.0,12.638108276647412,0.0
34,0.0,0.0,4,330301,40,Separated,United-States,?,Black,Unmarried,False,?,0,0.0,0.0,12.707762666461973,0.8937728937728938
43,0.0,0.0,13,369468,40,Married-civ-spouse,United-States,Prof-specialty,White,Husband,True,Federal-gov,1,0.0,0.0,12.819822118692509,0.8937728937728938
63,0.0,0.0,9,271075,29,Married-civ-spouse,United-States,Craft-repair,White,Husband,True,Private,0,0.0,0.0,12.510154503349533,0.8937728937728938
42,0.0,0.0,13,142756,50,Divorced,United-States,Prof-specialty,White,Not-in-family,False,Local-gov,0,0.0,0.0,11.868899163093577,0.8937728937728938
71,0.0,0.0,12,178295,3,Married-civ-spouse,United-States,?,White,Husband,True,?,0,0.0,0.0,12.091200369499752,0.8937728937728938
25,0.0,0.0,12,82560,43,Never-married,United-States,Other-service,White,Own-child,True,Private,0,0.0,0.0,11.321292693045136,0.8937728937728938
41,0.0,0.0,14,220821,70,Married-civ-spouse,United-States,Prof-specialty,White,Husband,True,Self-emp-inc,1,0.0,0.0,12.305112226102732,0.8937728937728938
22,0.0,0.0,10,109456,32,Never-married,United-States,Handlers-cleaners,White,Own-child,True,Private,0,0.0,0.0,11.60328705705026,0.8937728937728938
34,0.0,0.0,9,190151,32,Separated,United-States,Adm-clerical,White,Unmarried,False,Private,0,0.0,0.0,12.155579031313188,0.8937728937728938
33,0.0,0.0,7,166961,20,Separated,United-States,Sales,White,Own-child,False,Private,0,0.0,0.0,12.025521520596442,0.8937728937728938
19,0.0,0.0,9,208513,40,Never-married,United-States,Craft-repair,White,Other-relative,True,Private,0,0.0,0.0,12.247761464249756,0.8937728937728938
38,0.0,0.0,11,104089,40,Never-married,United-States,Craft-repair,White,Own-child,True,Private,0,0.0,0.0,11.553011188509513,0.8937728937728938
46,0.0,0.0,9,155489,43,Married-civ-spouse,United-States,Machine-op-inspct,White,Husband,True,Private,1,0.0,0.0,11.954336699851861,0.8937728937728938
32,0.0,1340.0,13,399088,45,Divorced,United-States,Prof-specialty,White,Not-in-family,False,Self-emp-not-inc,0,0.0,7.201170883281678,12.896939728642453,0.8937728937728938
59,0.0,0.0,9,99131,40,Married-civ-spouse,United-States,Adm-clerical,White,Wife,False,Private,0,0.0,0.0,11.504207574350506,0.8937728937728938
37,0.0,0.0,10,186934,40,Married-civ-spouse,United-States,Other-service,White,Husband,True,State-gov,0,0.0,0.0,12.138516241829183,0.8937728937728938
43,5178.0,0.0,13,171087,40,Married-civ-spouse,United-States,Prof-specialty,White,Husband,True,Private,1,8.552367266423891,0.0,12.049933322996438,0.8937728937728938
48,0.0,0.0,6,180446,40,Married-civ-spouse,United-States,Machine-op-inspct,Black,Husband,True,Private,0,0.0,0.0,12.103192384828828,0.8937728937728938
42,0.0,0.0,9,209301,50,Married-civ-spouse,United-States,Craft-repair,White,Husband,True,Self-emp-not-inc,0,0.0,0.0,12.251533464050166,0.8937728937728938
38,0.0,0.0,11,108293,38,Divorced,United-States,Adm-clerical,White,Unmarried,False,Private,0,0.0,0.0,11.592605029792303,0.8937728937728938
43,0.0,0.0,15,293809,20,Married-civ-spouse,United-States,Prof-specialty,White,Husband,True,Self-emp-not-inc,0,0.0,0.0,12.590688578902377,0.8937728937728938
49,0.0,0.0,10,275845,60,Married-civ-spouse,United-States,Exec-managerial,White,Husband,True,Self-emp-not-inc,0,0.0,0.0,12.527598017961038,0.8937728937728938
27,0.0,0.0,13,607658,40,Never-married,United-States,Sales,White,Not-in-family,False,Private,0,0.0,0.0,13.317369148347002,0.8937728937728938
53,0.0,0.0,13,439263,40,Married-civ-spouse,United-States,Adm-clerical,Black,Husband,True,Federal-gov,1,0.0,0.0,12.992855878051387,0.8937728937728938
33,0.0,0.0,4,226267,43,Never-married,Mexico,Sales,White,Not-in-family,True,Private,0,0.0,0.0,12.329475416408652,0.02197802197802198
22,0.0,0.0,10,263970,28,Never-married,United-States,?,White,Not-in-family,False,?,0,0.0,0.0,12.483594527609817,0.8937728937728938
21,0.0,0.0,10,140012,20,Never-married,United-States,?,White,Own-child,True,?,0,0.0,0.0,11.84949055442334,0.8937728937728938
30,0.0,0.0,13,127610,35,Never-married,United-States,Adm-clerical,White,Not-in-family,False,Federal-gov,0,0.0,0.0,11.756741853073777,0.8937728937728938
31,0.0,0.0,9,259425,40,Married-civ-spouse,United-States,Craft-repair,White,Husband,True,Private,1,0.0,0.0,12.466226777144666,0.8937728937728938
37,0.0,0.0,13,48093,90,Never-married,United-States,Craft-repair,White,Not-in-family,True,Private,1,0.0,0.0,10.780912708188415,0.8937728937728938
41,0.0,0.0,13,60414,99,Married-civ-spouse,United-States,Exec-managerial,White,Husband,True,Self-emp-inc,1,0.0,0.0,11.008992697461409,0.8937728937728938
44,0.0,0.0,9,76487,40,Married-civ-spouse,United-States,Transport-moving,White,Husband,True,Private,0,0.0,0.0,11.244889144765281,0.8937728937728938
25,0.0,0.0,9,196771,65,Never-married,United-States,Handlers-cleaners,White,Not-in-family,True,Private,0,0.0,0.0,12.189800977055276,0.8937728937728938
77,0.0,0.0,1,161552,60,Widowed,United-States,Exec-managerial,White,Not-in-family,False,Self-emp-not-inc,0,0.0,0.0,11.992588541182357,0.8937728937728938
44,0.0,0.0,4,326232,48,Divorced,United-States,Handlers-cleaners,White,Not-in-family,True,Private,0,0.0,0.0,12.695367128981715,0.8937728937728938
65,99999.0,0.0,13,190160,40,Married-civ-spouse,United-States,Exec-managerial,White,Husband,True,Private,1,11.512925464970229,0.0,12.15562636074974,0.8937728937728938
45,15024.0,0.0,13,205100,60,Married-civ-spouse,United-States,Exec-managerial,White,Husband,True,Private,1,9.617470759403409,0.0,12.23125781971899,0.8937728937728938
52,15024.0,0.0,10,338816,45,Married-civ-spouse,United-States,Exec-managerial,White,Husband,True,Private,1,9.617470759403409,0.0,12.73321541759684,0.8937728937728938
48,0.0,0.0,10,97470,40,Married-civ-spouse,United-States,Exec-managerial,White,Husband,True,Private,1,0.0,0.0,11.487310176845673,0.8937728937728938
43,0.0,0.0,14,174295,55,Married-civ-spouse,United-States,Prof-specialty,White,Husband,True,Private,0,0.0,0.0,12.06851028230617,0.8937728937728938
67,0.0,0.0,6,212759,2,Married-civ-spouse,United-States,?,White,Husband,True,?,0,0.0,0.0,12.267920048856254,0.8937728937728938
30,0.0,0.0,9,158688,40,Married-civ-spouse,United-States,Machine-op-inspct,White,Husband,True,Private,0,0.0,0.0,11.974701590942729,0.8937728937728938
40,0.0,0.0,9,342164,37,Separated,United-States,Adm-clerical,White,Unmarried,False,Private,0,0.0,0.0,12.743048355840548,0.8937728937728938
43,0.0,2415.0,15,156996,55,Married-civ-spouse,?,Prof-specialty,Asian-Pac-Islander,Husband,True,Federal-gov,1,0.0,7.789868559054706,11.963981975867625,0.0115995115995116
51,0.0,0.0,9,253357,40,Married-civ-spouse,United-States,Craft-repair,White,Husband,True,Private,0,0.0,0.0,12.442558787275459,0.8937728937728938
42,0.0,0.0,4,152676,40,Divorced,__RARE__,Craft-repair,White,Unmarried,True,Private,0,0.0,0.0,11.936079857727165,0.0
23,0.0,0.0,9,226891,20,Never-married,__RARE__,?,Asian-Pac-Islander,Other-relative,False,?,0,0.0,0.0,12.332229412323532,0.0
19,0.0,1719.0,10,387215,16,Never-married,United-States,Tech-support,White,Own-child,True,Private,0,0.0,7.450079569807499,12.866737955844865,0.8937728937728938
63,0.0,0.0,10,217994,40,Divorced,United-States,Exec-managerial,White,Unmarried,False,Federal-gov,0,0.0,0.0,12.292227405728381,0.8937728937728938
20,0.0,0.0,9,174685,40,Never-married,United-States,Other-service,White,Own-child,True,Private,0,0.0,0.0,12.070745355532614,0.8937728937728938
54,0.0,0.0,10,386773,60,Married-civ-spouse,United-States,Exec-managerial,White,Husband,True,Self-emp-not-inc,0,0.0,0.0,12.865595822101412,0.8937728937728938
38,0.0,0.0,9,103925,35,Never-married,United-States,Adm-clerical,White,Unmarried,False,Private,0,0.0,0.0,11.551434386398336,0.8937728937728938
34,0.0,0.0,13,211051,40,Never-married,United-States,Handlers-cleaners,White,Own-child,True,Private,0,0.0,0.0,12.25985982759313,0.8937728937728938
47,0.0,0.0,10,97842,40,Married-civ-spouse,United-States,Craft-repair,White,Husband,True,Private,0,0.0,0.0,11.491119432196781,0.8937728937728938
40,0.0,0.0,5,216116,40,Never-married,__RARE__,Machine-op-inspct,Black,Unmarried,False,Private,0,0.0,0.0,12.283575206684533,0.0
38,0.0,0.0,13,167725,84,Married-spouse-absent,__RARE__,Transport-moving,__RARE__,Not-in-family,True,Private,0,0.0,0.0,12.030086974553724,0.0
35,0.0,0.0,7,190759,40,Separated,United-States,Craft-repair,White,Unmarried,True,Private,0,0.0,0.0,12.158771372412161,0.8937728937728938
21,0.0,0.0,10,159879,40,Never-married,United-States,Adm-clerical,White,Own-child,False,Private,0,0.0,0.0,11.98217881282526,0.8937728937728938
18,0.0,0.0,6,142751,40,Never-married,United-States,Handlers-cleaners,White,Not-in-family,True,Private,0,0.0,0.0,11.868864137927991,0.8937728937728938
39,0.0,0.0,9,166497,40,Divorced,United-States,Handlers-cleaners,White,Not-in-family,True,Local-gov,1,0.0,0.0,12.02273857631848,0.8937728937728938
46,0.0,0.0,13,136878,40,Never-married,United-States,Prof-specialty,White,Not-in-family,True,State-gov,0,0.0,0.0,11.82685260287019,0.8937728937728938
42,0.0,0.0,9,184857,16,Married-civ-spouse,United-States,Craft-repair,White,Husband,True,Private,0,0.0,0.0,12.127343241762082,0.8937728937728938
30,0.0,0.0,13,178841,40,Never-married,United-States,Exec-managerial,White,Not-in-family,False,Private,0,0.0,0.0,12.094258013465883,0.8937728937728938
26,0.0,0.0,8,138152,48,Never-married,__RARE__,Craft-repair,__RARE__,Other-relative,True,Private,0,0.0,0.0,11.836117045642386,0.0
26,0.0,0.0,9,207537,40,Never-married,United-States,Adm-clerical,Black,Not-in-family,False,Federal-gov,0,0.0,0.0,12.243069734416295,0.8937728937728938
43,0.0,0.0,9,152958,35,Married-civ-spouse,United-States,Exec-managerial,White,Husband,True,Self-emp-not-inc,1,0.0,0.0,11.937925190606954,0.8937728937728938
57,0.0,0.0,9,218649,40,Married-civ-spouse,United-States,Handlers-cleaners,White,Husband,True,Private,0,0.0,0.0,12.295227556841066,0.8937728937728938
33,0.0,0.0,13,340332,45,Separated,United-States,Exec-managerial,Black,Not-in-family,False,Private,0,0.0,0.0,12.737679829046284,0.8937728937728938
17,0.0,0.0,6,220302,40,Never-married,United-States,?,White,Own-child,True,?,0,0.0,0.0,12.30275915049163,0.8937728937728938
29,0.0,0.0,14,241667,45,Never-married,United-States,Prof-specialty,White,Not-in-family,False,Private,0,0.0,0.0,12.395320162394862,0.8937728937728938
32,0.0,0.0,9,317647,40,Never-married,United-States,Transport-moving,White,Own-child,True,State-gov,0,0.0,0.0,12.66869913043686,0.8937728937728938
58,0.0,0.0,3,270131,70,Widowed,Mexico,Other-service,White,Unmarried,False,Private,0,0.0,0.0,12.506666007402163,0.02197802197802198
21,0.0,0.0,10,24008,35,Never-married,United-States,Craft-repair,White,Own-child,True,State-gov,0,0.0,0.0,10.086184039035157,0.8937728937728938
58,0.0,0.0,9,204021,40,Never-married,__RARE__,Transport-moving,White,Own-child,True,Private,0,0.0,0.0,12.225983110148956,0.0
77,0.0,0.0,9,189173,35,Married-civ-spouse,United-States,Prof-specialty,White,Husband,True,Private,0,0.0,0.0,12.150422505438007,0.8937728937728938
29,0.0,0.0,9,270379,40,Never-married,United-States,Exec-managerial,Black,Unmarried,False,Private,0,0.0,0.0,12.507583655918395,0.8937728937728938
36,0.0,0.0,9,104772,48,Divorced,United-States,Craft-repair,White,Unmarried,True,Private,0,0.0,0.0,11.559551384088058,0.8937728937728938
51,0.0,0.0,13,161599,40,Divorced,?,Adm-clerical,White,Not-in-family,False,Private,0,0.0,0.0,11.992879425069132,0.0115995115995116
36,0.0,0.0,13,150057,50,Married-civ-spouse,United-States,Prof-specialty,White,Husband,True,Private,1,0.0,0.0,11.918777165008768,0.8937728937728938
32,0.0,0.0,11,149787,50,Married-civ-spouse,United-States,Craft-repair,White,Husband,True,Private,1,0.0,0.0,11.916976240047456,0.8937728937728938
21,0.0,0.0,12,176262,18,Never-married,United-States,Other-service,White,Own-child,False,Private,0,0.0,0.0,12.079732476819713,0.8937728937728938
35,0.0,0.0,9,60227,40,Married-civ-spouse,United-States,Craft-repair,White,Husband,True,Private,0,0.0,0.0,11.005892639442934,0.8937728937728938
24,0.0,0.0,9,219122,20,Married-civ-spouse,__RARE__,Sales,White,Husband,True,Private,0,0.0,0.0,12.297388494971386,0.0
36,0.0,0.0,13,272090,45,Divorced,__RARE__,Prof-specialty,White,Unmarried,False,Private,0,0.0,0.0,12.51389184814934,0.0
46,0.0,0.0,7,185291,45,Married-civ-spouse,United-States,Handlers-cleaners,White,Husband,True,Private,1,0.0,0.0,12.129688238108864,0.8937728937728938
29,0.0,0.0,9,568490,40,Married-civ-spouse,United-States,Craft-repair,White,Husband,True,Private,0,0.0,0.0,13.25074076091285,0.8937728937728938
38,0.0,0.0,11,87282,40,Never-married,United-States,Exec-managerial,Asian-Pac-Islander,Other-relative,False,Private,0,0.0,0.0,11.376910992051899,0.8937728937728938
57,0.0,0.0,4,279340,29,Widowed,United-States,Other-service,Black,Unmarried,False,Private,0,0.0,0.0,12.540188536720184,0.8937728937728938
61,0.0,0.0,8,63526,52,Never-married,United-States,?,Black,Not-in-family,True,?,0,0.0,0.0,11.059220291360612,0.8937728937728938
44,0.0,1887.0,14,117012,40,Married-civ-spouse,United-States,Prof-specialty,White,Wife,False,Local-gov,1,0.0,7.543273346705446,11.670040318718621,0.8937728937728938
17,0.0,0.0,6,406920,40,Never-married,United-States,?,White,Own-child,True,?,0,0.0,0.0,12.916374342390165,0.8937728937728938
38,0.0,0.0,9,37931,40,Married-civ-spouse,United-States,Protective-serv,White,Husband,True,Local-gov,1,0.0,0.0,10.543550362003618,0.8937728937728938
49,0.0,0.0,9,296892,40,Married-civ-spouse,__RARE__,?,White,Husband,True,?,0,0.0,0.0,12.60112708351197,0.0
20,0.0,0.0,13,216436,30,Never-married,United-States,Sales,Black,Other-relative,False,Private,0,0.0,0.0,12.285054791006388,0.8937728937728938
32,0.0,0.0,9,220148,40,Married-civ-spouse,United-States,Exec-managerial,White,Husband,True,Self-emp-not-inc,0,0.0,0.0,12.3020598688161,0.8937728937728938
23,0.0,0.0,13,201682,40,Married-civ-spouse,United-States,Adm-clerical,White,Other-relative,False,Private,0,0.0,0.0,12.214452436800752,0.8937728937728938
27,0.0,0.0,8,184477,40,Never-married,United-States,Other-service,White,Not-in-family,True,Private,0,0.0,0.0,12.125285494160511,0.8937728937728938
31,0.0,0.0,10,323020,30,Married-civ-spouse,United-States,Other-service,White,Wife,False,Self-emp-not-inc,0,0.0,0.0,12.685472615571255,0.8937728937728938
46,0.0,0.0,13,35969,51,Married-civ-spouse,United-States,Exec-managerial,White,Husband,True,Private,0,0.0,0.0,10.49044053668967,0.8937728937728938
48,0.0,0.0,13,344381,42,Married-civ-spouse,United-States,Prof-specialty,Asian-Pac-Islander,Husband,True,Private,1,0.0,0.0,12.749506785361497,0.8937728937728938
55,4064.0,0.0,9,226875,40,Married-civ-spouse,United-States,Sales,White,Husband,True,Private,0,8.310169021981912,0.0,12.332158891705037,0.8937728937728938
46,0.0,0.0,10,358585,40,Divorced,United-States,Craft-repair,White,Unmarried,True,Private,1,0.0,0.0,12.789923798677174,0.8937728937728938
68,0.0,0.0,9,322025,5,Married-civ-spouse,United-States,Transport-moving,Black,Husband,True,Private,0,0.0,0.0,12.68238756660843,0.8937728937728938
36,0.0,0.0,10,117312,40,Married-civ-spouse,United-States,Transport-moving,White,Wife,False,Local-gov,0,0.0,0.0,11.672600855440187,0.8937728937728938
53,0.0,1669.0,14,137250,35,Widowed,United-States,Prof-specialty,Black,Unmarried,False,Local-gov,0,0.0,7.4205789054108005,11.829566645319733,0.8937728937728938
37,0.0,0.0,12,93225,45,Married-civ-spouse,United-States,Exec-managerial,White,Husband,True,State-gov,0,0.0,0.0,11.44278193172588,0.8937728937728938
26,0.0,0.0,9,181838,50,Married-civ-spouse,United-States,Machine-op-inspct,White,Husband,True,Private,0,0.0,0.0,12.110876959171224,0.8937728937728938
17,0.0,0.0,5,53367,35,Never-married,United-States,Other-service,White,Own-child,False,Private,0,0.0,0.0,10.88496659438935,0.8937728937728938
27,0.0,0.0,13,174419,40,Never-married,United-States,Prof-specialty,White,Not-in-family,False,Private,0,0.0,0.0,12.069221462780977,0.8937728937728938
76,7896.0,0.0,9,204113,18,Widowed,United-States,Protective-serv,White,Not-in-family,False,Private,0,8.97423821949758,0.0,12.226433940272043,0.8937728937728938
37,0.0,0.0,6,143058,50,Married-civ-spouse,United-States,Craft-repair,White,Husband,True,Private,0,0.0,0.0,11.87101241156385,0.8937728937728938
18,0.0,0.0,7,120243,27,Never-married,United-States,?,White,Own-child,True,?,0,0.0,0.0,11.697278290673262,0.8937728937728938
48,0.0,0.0,16,366089,45,Married-civ-spouse,United-States,Prof-specialty,White,Husband,True,Private,1,0.0,0.0,12.810634483793995,0.8937728937728938
27,0.0,0.0,13,26754,10,Married-civ-spouse,__RARE__,?,Asian-Pac-Islander,Wife,False,?,0,0.0,0.0,10.194476650745406,0.0
25,0.0,0.0,9,462869,40,Never-married,Mexico,Handlers-cleaners,White,Other-relative,True,Private,0,0.0,0.0,13.04520151610518,0.02197802197802198
48,0.0,0.0,14,39464,52,Never-married,United-States,Prof-specialty,White,Not-in-family,False,Local-gov,0,0.0,0.0,10.583169482142504,0.8937728937728938
72,0.0,0.0,13,157913,17,Married-civ-spouse,United-States,Protective-serv,White,Husband,True,Private,0,0.0,0.0,11.969805860024548,0.8937728937728938
49,0.0,0.0,9,117095,40,Separated,United-States,Machine-op-inspct,White,Unmarried,False,Private,0,0.0,0.0,11.670749390163783,0.8937728937728938
41,0.0,0.0,10,124639,40,Separated,United-States,Craft-repair,Black,Not-in-family,True,Private,0,0.0,0.0,11.733184861104576,0.8937728937728938
20,0.0,0.0,10,127185,15,Never-married,United-States,Prof-specialty,White,Own-child,False,Private,0,0.0,0.0,11.753405860937713,0.8937728937728938
18,0.0,0.0,9,175752,30,Never-married,United-States,Handlers-cleaners,White,Own-child,True,Private,0,0.0,0.0,12.076834879228507,0.8937728937728938
36,0.0,0.0,9,190350,40,Never-married,United-States,Adm-clerical,Black,Not-in-family,False,Private,0,0.0,0.0,12.156625015277275,0.8937728937728938
56,0.0,0.0,11,117872,40,Married-civ-spouse,United-States,Craft-repair,Black,Husband,True,Private,1,0.0,0.0,11.677363052665623,0.8937728937728938
33,0.0,0.0,10,152933,45,Never-married,United-States,Exec-managerial,White,Not-in-family,True,Private,0,0.0,0.0,11.937761734757649,0.8937728937728938
28,0.0,0.0,10,161155,48,Never-married,United-States,Craft-repair,White,Unmarried,True,Private,0,0.0,0.0,11.990128118942657,0.8937728937728938
38,3781.0,0.0,4,171150,78,Married-civ-spouse,United-States,Craft-repair,White,Husband,True,Private,0,8.238008249218403,0.0,12.050301486769191,0.8937728937728938
23,0.0,0.0,8,99543,46,Never-married,United-States,Transport-moving,White,Not-in-family,True,Private,0,0.0,0.0,11.508355036455468,0.8937728937728938
24,0.0,0.0,10,112854,16,Never-married,United-States,Tech-support,White,Not-in-family,False,Private,0,0.0,0.0,11.633859087865856,0.8937728937728938
41,0.0,0.0,12,136419,75,Married-civ-spouse,United-States,Tech-support,White,Husband,True,Private,1,0.0,0.0,11.82349364120871,0.8937728937728938
33,0.0,0.0,9,204752,40,Never-married,United-States,Other-service,White,Own-child,True,Private,0,0.0,0.0,12.229559653622628,0.8937728937728938
23,0.0,0.0,10,145964,20,Never-married,United-States,Other-service,White,Own-child,True,Private,0,0.0,0.0,11.891122145924198,0.8937728937728938
46,0.0,0.0,13,122177,60,Married-civ-spouse,United-States,Prof-specialty,White,Husband,True,Local-gov,0,0.0,0.0,11.71323427677857,0.8937728937728938
44,7688.0,0.0,13,167005,60,Married-civ-spouse,United-States,Exec-managerial,White,Husband,True,Private,1,8.94754601503218,0.0,12.025785018897205,0.8937728937728938
30,0.0,1485.0,12,97933,37,Married-civ-spouse,United-States,Transport-moving,White,Wife,False,Private,1,0.0,7.303843225277705,11.492049061382575,0.8937728937728938
40,0.0,0.0,9,33895,40,Divorced,United-States,Tech-support,White,Not-in-family,False,Private,0,0.0,0.0,10.431052292306395,0.8937728937728938
36,0.0,0.0,11,168894,40,Married-spouse-absent,__RARE__,Protective-serv,White,Own-child,False,State-gov,0,0.0,0.0,12.037032499042134,0.0
25,0.0,0.0,9,198163,40,Never-married,United-States,Exec-managerial,White,Own-child,False,Private,0,0.0,0.0,12.196850249668032,0.8937728937728938
67,6418.0,0.0,9,123393,58,Married-civ-spouse,United-States,Transport-moving,White,Husband,True,Self-emp-not-inc,1,8.767017621311778,0.0,11.72313776690503,0.8937728937728938
27,0.0,0.0,13,106562,50,Never-married,United-States,Prof-specialty,White,Not-in-family,False,Private,1,0.0,0.0,11.576491638531076,0.8937728937728938
39,0.0,0.0,9,360494,40,Never-married,United-States,Transport-moving,White,Not-in-family,True,Private,0,0.0,0.0,12.795233365985437,0.8937728937728938
20,0.0,0.0,9,73679,35,Never-married,United-States,Transport-moving,White,Own-child,False,Private,0,0.0,0.0,11.207486670929189,0.8937728937728938
24,0.0,0.0,13,325596,35,Never-married,United-States,Adm-clerical,White,Own-child,True,Private,0,0.0,0.0,12.693415699308861,0.8937728937728938
56,0.0,0.0,10,115439,60,Married-civ-spouse,United-States,Craft-repair,White,Husband,True,Self-emp-not-inc,0,0.0,0.0,11.656506193447752,0.8937728937728938
23,0.0,0.0,10,110128,40,Never-married,United-States,Other-service,White,Own-child,True,State-gov,0,0.0,0.0,11.609407684939793,0.8937728937728938
52,0.0,0.0,2,241444,50,Married-civ-spouse,__RARE__,Craft-repair,__RARE__,Husband,True,Private,0,0.0,0.0,12.394396982866105,0.0
52,0.0,0.0,10,104280,50,Married-civ-spouse,United-States,Tech-support,White,Husband,True,State-gov,0,0.0,0.0,11.55484445756801,0.8937728937728938
41,0.0,0.0,9,102085,40,Never-married,United-States,Machine-op-inspct,White,Unmarried,False,Private,0,0.0,0.0,11.533570874280759,0.8937728937728938
34,0.0,0.0,9,215857,40,Never-married,Mexico,Machine-op-inspct,Amer-Indian-Eskimo,Not-in-family,True,Private,0,0.0,0.0,12.282376063071892,0.02197802197802198
27,0.0,0.0,15,252813,45,Never-married,United-States,Prof-specialty,White,Not-in-family,False,Private,0,0.0,0.0,12.440409319468273,0.8937728937728938
40,0.0,0.0,16,91949,40,Never-married,United-States,Prof-specialty,Black,Not-in-family,False,State-gov,0,0.0,0.0,11.429000230032468,0.8937728937728938
23,0.0,0.0,9,121313,40,Never-married,United-States,Craft-repair,White,Own-child,True,Self-emp-not-inc,0,0.0,0.0,11.706137504595356,0.8937728937728938
48,0.0,0.0,9,266337,40,Married-civ-spouse,United-States,?,White,Husband,True,?,0,0.0,0.0,12.492521457829174,0.8937728937728938
44,0.0,0.0,13,196797,36,Married-civ-spouse,United-States,Prof-specialty,Black,Wife,False,Local-gov,1,0.0,0.0,12.189933100947025,0.8937728937728938
25,0.0,0.0,9,295289,40,Never-married,United-States,Prof-specialty,Black,Own-child,False,Local-gov,0,0.0,0.0,12.595713203291366,0.8937728937728938
48,0.0,0.0,9,54759,38,Divorced,United-States,Prof-specialty,White,Unmarried,False,Private,0,0.0,0.0,10.910715279402385,0.8937728937728938
19,0.0,0.0,6,199480,25,Never-married,United-States,Handlers-cleaners,White,Own-child,True,Private,0,0.0,0.0,12.203474272681381,0.8937728937728938
33,0.0,2824.0,10,230883,48,Divorced,United-States,Exec-managerial,White,Unmarried,True,Private,1,0.0,7.946263643580541,12.349670698874947,0.8937728937728938
41,0.0,0.0,10,93885,48,Divorced,United-States,Sales,White,Unmarried,False,Private,0,0.0,0.0,11.449836559298939,0.8937728937728938
36,0.0,0.0,13,116554,40,Never-married,United-States,Adm-clerical,White,Not-in-family,False,State-gov,0,0.0,0.0,11.666118543586622,0.8937728937728938
62,0.0,0.0,5,180162,24,Divorced,United-States,Protective-serv,Black,Not-in-family,True,Local-gov,0,0.0,0.0,12.10161727565983,0.8937728937728938
33,0.0,0.0,9,44623,45,Married-civ-spouse,United-States,Exec-managerial,White,Husband,True,Private,0,0.0,0.0,10.70602710986727,0.8937728937728938
25,0.0,0.0,13,183678,50,Never-married,United-States,Prof-specialty,White,Not-in-family,False,State-gov,0,0.0,0.0,12.120944947847647,0.8937728937728938
62,0.0,0.0,10,102631,50,Widowed,United-States,Farming-fishing,White,Unmarried,False,Self-emp-not-inc,0,0.0,0.0,11.538905053929176,0.8937728937728938
41,0.0,0.0,15,66208,45,Divorced,United-States,Prof-specialty,White,Unmarried,False,Private,0,0.0,0.0,11.100571684346141,0.8937728937728938
17,0.0,0.0,7,74706,20,Never-married,United-States,__RARE__,White,Own-child,True,Private,0,0.0,0.0,11.22132907489657,0.8937728937728938
28,0.0,0.0,13,30070,50,Married-civ-spouse,United-States,Sales,White,Husband,True,Private,0,0.0,0.0,10.311316531166229,0.8937728937728938
61,0.0,0.0,13,28291,40,Married-civ-spouse,United-States,Exec-managerial,White,Wife,False,Federal-gov,0,0.0,0.0,10.25033435815588,0.8937728937728938
38,0.0,0.0,13,109594,70,Divorced,United-States,Sales,White,Not-in-family,False,Private,1,0.0,0.0,11.604547032017452,0.8937728937728938
41,0.0,0.0,11,29927,40,Divorced,United-States,Prof-specialty,White,Unmarried,False,Private,0,0.0,0.0,10.306549776027982,0.8937728937728938
42,0.0,0.0,9,186689,60,Married-civ-spouse,United-States,Other-service,Black,Wife,False,Private,0,0.0,0.0,12.137204766231374,0.8937728937728938
31,0.0,0.0,9,96480,50,Never-married,United-States,Adm-clerical,White,Not-in-family,False,Private,0,0.0,0.0,11.477101376749753,0.8937728937728938
69,0.0,0.0,9,170458,20,Married-civ-spouse,United-States,Other-service,White,Husband,True,State-gov,0,0.0,0.0,12.046250077580142,0.8937728937728938
26,0.0,0.0,9,34803,40,Never-married,United-States,Exec-managerial,White,Not-in-family,False,Private,0,0.0,0.0,10.457487601685916,0.8937728937728938
30,0.0,0.0,4,209691,40,Divorced,United-States,Transport-moving,White,Not-in-family,True,Private,0,0.0,0.0,12.253395066424572,0.8937728937728938
21,0.0,0.0,10,229826,20,Married-civ-spouse,United-States,Machine-op-inspct,White,Husband,True,Private,0,0.0,0.0,12.34508213096756,0.8937728937728938
25,0.0,0.0,14,135645,20,Never-married,United-States,Sales,White,Not-in-family,True,Private,0,0.0,0.0,11.817803830000262,0.8937728937728938
39,0.0,0.0,10,19914,40,Divorced,United-States,Adm-clerical,Amer-Indian-Eskimo,Unmarried,False,Private,0,0.0,0.0,9.899228495615745,0.8937728937728938
63,0.0,0.0,5,201631,40,Married-civ-spouse,United-States,Farming-fishing,Black,Husband,True,Private,0,0.0,0.0,12.214199532741782,0.8937728937728938
24,0.0,0.0,9,232841,35,Never-married,United-States,Other-service,White,Not-in-family,True,Private,0,0.0,0.0,12.358115390938199,0.8937728937728938
44,0.0,0.0,11,185602,40,Divorced,United-States,Exec-managerial,White,Unmarried,False,Private,0,0.0,0.0,12.131365262996708,0.8937728937728938
50,0.0,1408.0,12,240922,5,Never-married,United-States,Sales,White,Not-in-family,False,Self-emp-not-inc,0,0.0,7.25063551189868,12.39223265934644,0.8937728937728938
21,0.0,0.0,9,317175,60,Never-married,United-States,Transport-moving,White,Not-in-family,True,Private,0,0.0,0.0,12.667212103837437,0.8937728937728938
30,0.0,0.0,9,348592,40,Separated,United-States,Other-service,White,Not-in-family,True,Private,0,0.0,0.0,12.76166033154516,0.8937728937728938
56,0.0,0.0,9,131608,10,Divorced,United-States,?,White,Not-in-family,True,?,0,0.0,0.0,11.78759068459268,0.8937728937728938
35,0.0,0.0,13,350103,40,Married-civ-spouse,United-States,Adm-clerical,White,Husband,True,Private,0,0.0,0.0,12.765985532184544,0.8937728937728938
22,0.0,0.0,9,388885,45,Married-civ-spouse,United-States,Craft-repair,White,Husband,True,Private,0,0.0,0.0,12.871041520524402,0.8937728937728938
34,0.0,0.0,13,303867,40,Married-civ-spouse,United-States,Prof-specialty,White,Husband,True,Private,1,0.0,0.0,12.624348675565354,0.8937728937728938
28,0.0,0.0,10,129624,40,Never-married,United-States,?,White,Other-relative,True,?,0,0.0,0.0,11.772400945531828,0.8937728937728938
30,0.0,0.0,9,140869,40,Never-married,United-States,Other-service,White,Unmarried,False,Private,0,0.0,0.0,11.855592758254353,0.8937728937728938
36,0.0,0.0,13,74791,60,Married-civ-spouse,?,Sales,White,Wife,True,Private,0,0.0,0.0,11.222466206371152,0.0115995115995116
46,0.0,0.0,9,167915,40,Married-civ-spouse,United-States,Craft-repair,White,Husband,True,Private,0,0.0,0.0,12.031219133343713,0.8937728937728938
45,0.0,0.0,9,278151,40,Married-civ-spouse,United-States,Protective-serv,White,Husband,True,Private,0,0.0,0.0,12.5359230058425,0.8937728937728938
50,0.0,1902.0,13,204577,60,Married-civ-spouse,United-States,?,Black,Husband,True,?,1,0.0,7.551186867296149,12.228704599836513,0.8937728937728938
17,0.0,0.0,6,130795,20,Never-married,United-States,Other-service,White,Own-child,True,Private,0,0.0,0.0,11.781394136497871,0.8937728937728938
43,0.0,0.0,10,320984,50,Married-civ-spouse,United-States,Machine-op-inspct,White,Husband,True,Self-emp-inc,0,0.0,0.0,12.679149672048357,0.8937728937728938
31,0.0,1590.0,13,190772,35,Never-married,?,Exec-managerial,White,Own-child,False,Private,0,0.0,7.372118028337787,12.158839518548957,0.0115995115995116
36,0.0,0.0,9,341672,60,Married-spouse-absent,__RARE__,Adm-clerical,Asian-Pac-Islander,Other-relative,True,Private,0,0.0,0.0,12.7416094183001,0.0
26,4650.0,0.0,13,186454,40,Never-married,__RARE__,Prof-specialty,Asian-Pac-Islander,Not-in-family,True,Private,0,8.444837529224097,0.0,12.135945202088378,0.0
62,0.0,0.0,11,208266,40,Divorced,United-States,Adm-clerical,Black,Not-in-family,False,Local-gov,0,0.0,0.0,12.246576189350387,0.8937728937728938
32,0.0,0.0,9,49593,40,Never-married,United-States,Adm-clerical,Black,Not-in-family,False,Private,0,0.0,0.0,10.811625137653897,0.8937728937728938
45,2174.0,0.0,11,138626,50,Divorced,United-States,Exec-managerial,White,Not-in-family,True,Private,0,7.684783943522785,0.0,11.839542151960677,0.8937728937728938
30,0.0,0.0,9,202450,40,Divorced,United-States,Craft-repair,White,Own-child,True,Private,0,0.0,0.0,12.21825316093934,0.8937728937728938
34,0.0,0.0,10,215047,45,Never-married,United-States,Exec-managerial,White,Not-in-family,True,Private,0,0.0,0.0,12.278616538005883,0.8937728937728938
37,0.0,0.0,12,215419,25,Married-civ-spouse,United-States,Other-service,White,Wife,False,Private,0,0.0,0.0,12.280344889904761,0.8937728937728938
20,0.0,0.0,2,472789,30,Never-married,__RARE__,Farming-fishing,White,Not-in-family,True,Private,0,0.0,0.0,13.066406594258131,0.0
30,0.0,0.0,11,203034,40,Married-spouse-absent,United-States,Craft-repair,White,Not-in-family,True,Private,0,0.0,0.0,12.221133656955478,0.8937728937728938
26,0.0,0.0,9,333108,40,Divorced,United-States,Sales,White,Not-in-family,True,Private,0,0.0,0.0,12.716225042730006,0.8937728937728938
46,0.0,0.0,14,144351,40,Married-civ-spouse,United-States,Prof-specialty,White,Husband,True,Private,1,0.0,0.0,11.880010040208122,0.8937728937728938
53,0.0,0.0,4,247651,56,Divorced,United-States,Machine-op-inspct,Black,Unmarried,False,Private,0,0.0,0.0,12.419779813897362,0.8937728937728938
32,0.0,0.0,4,175878,35,Married-civ-spouse,United-States,Craft-repair,White,Husband,True,Private,0,0.0,0.0,12.07755153758379,0.8937728937728938
38,0.0,0.0,13,312528,37,Married-civ-spouse,United-States,Exec-managerial,White,Husband,True,State-gov,0,0.0,0.0,12.65245254385294,0.8937728937728938
51,0.0,0.0,9,100933,40,Never-married,United-States,Exec-managerial,White,Other-relative,False,Private,0,0.0,0.0,11.522222116875323,0.8937728937728938
49,0.0,0.0,11,27067,60,Never-married,United-States,Adm-clerical,White,Not-in-family,False,Self-emp-not-inc,0,0.0,0.0,10.206107497352116,0.8937728937728938
36,0.0,0.0,9,179358,30,Widowed,United-States,Handlers-cleaners,White,Unmarried,False,Private,0,0.0,0.0,12.097144662911319,0.8937728937728938
37,0.0,0.0,9,28887,40,Married-civ-spouse,United-States,Machine-op-inspct,White,Husband,True,State-gov,1,0.0,0.0,10.271181562957294,0.8937728937728938
34,0.0,0.0,6,198693,30,Never-married,United-States,Other-service,White,Not-in-family,True,Private,0,0.0,0.0,12.199521231808198,0.8937728937728938
22,0.0,0.0,9,509048,37,Never-married,United-States,Sales,Black,Other-relative,False,Private,0,0.0,0.0,13.140299558089842,0.8937728937728938
42,0.0,0.0,14,114580,70,Divorced,United-States,Exec-managerial,White,Unmarried,False,Self-emp-not-inc,0,0.0,0.0,11.649037275451104,0.8937728937728938
37,0.0,0.0,10,241805,30,Married-civ-spouse,United-States,Other-service,Black,Husband,True,Private,0,0.0,0.0,12.395891030750752,0.8937728937728938
18,0.0,0.0,10,78567,30,Never-married,United-States,?,White,Own-child,True,?,0,0.0,0.0,11.27171977083761,0.8937728937728938
50,0.0,0.0,9,308764,40,Widowed,United-States,Transport-moving,White,Unmarried,False,Local-gov,0,0.0,0.0,12.64033574874016,0.8937728937728938
33,0.0,0.0,9,177727,40,Married-civ-spouse,United-States,Sales,White,Husband,True,Private,1,0.0,0.0,12.088009570666472,0.8937728937728938
24,0.0,0.0,10,155818,40,Never-married,United-States,Sales,White,Own-child,False,Private,0,0.0,0.0,11.956450356202852,0.8937728937728938
58,0.0,0.0,8,178660,40,Married-civ-spouse,United-States,?,White,Husband,True,?,0,0.0,0.0,12.093245434463944,0.8937728937728938
31,0.0,0.0,14,199655,30,Divorced,United-States,Other-service,__RARE__,Not-in-family,False,Private,0,0.0,0.0,12.204351164631833,0.8937728937728938
31,3137.0,0.0,9,109055,45,Married-civ-spouse,United-States,Farming-fishing,White,Husband,True,Private,0,8.051340933292979,0.0,11.599616790748932,0.8937728937728938
21,0.0,0.0,10,140001,30,Never-married,United-States,Handlers-cleaners,White,Own-child,True,Private,0,0.0,0.0,11.849411987203688,0.8937728937728938
61,0.0,0.0,9,141745,40,Divorced,United-States,Other-service,Black,Not-in-family,False,Private,0,0.0,0.0,11.861792002496959,0.8937728937728938
37,0.0,0.0,13,52870,40,Married-civ-spouse,United-States,Exec-managerial,White,Husband,True,Private,0,0.0,0.0,10.875610263368761,0.8937728937728938
23,0.0,0.0,11,325921,36,Never-married,United-States,Prof-specialty,White,Not-in-family,False,Private,0,0.0,0.0,12.694413367917013,0.8937728937728938
36,0.0,0.0,13,403681,40,Married-civ-spouse,United-States,Prof-specialty,White,Husband,True,Local-gov,1,0.0,0.0,12.908382718281954,0.8937728937728938
40,0.0,1977.0,12,207578,60,Married-civ-spouse,United-States,Tech-support,White,Husband,True,Private,1,0.0,7.589841512182657,12.243267269087886,0.8937728937728938
32,0.0,0.0,12,123253,42,Married-civ-spouse,United-States,Craft-repair,White,Husband,True,Private,0,0.0,0.0,11.72200254573936,0.8937728937728938
32,2407.0,0.0,9,104525,40,Married-civ-spouse,United-States,Craft-repair,White,Husband,True,Private,0,7.786551806428712,0.0,11.557191123268215,0.8937728937728938
23,0.0,0.0,9,191444,40,Never-married,United-States,?,White,Own-child,True,?,0,0.0,0.0,12.162355840084901,0.8937728937728938
24,0.0,0.0,11,103277,40,Never-married,United-States,Prof-specialty,White,Own-child,False,Private,0,0.0,0.0,11.54517966049956,0.8937728937728938
52,0.0,1740.0,10,191529,60,Married-civ-spouse,United-States,Exec-managerial,White,Husband,True,Private,0,0.0,7.462214939768189,12.162799733296707,0.8937728937728938
29,0.0,0.0,10,66473,50,Never-married,United-States,Farming-fishing,White,Unmarried,True,Private,0,0.0,0.0,11.104566172748727,0.8937728937728938
33,0.0,0.0,9,183612,40,Married-civ-spouse,United-States,Machine-op-inspct,White,Husband,True,Private,1,0.0,0.0,12.12058556076211,0.8937728937728938
55,0.0,0.0,9,164970,38,Married-civ-spouse,United-States,Other-service,Black,Husband,True,Private,0,0.0,0.0,12.013524979859787,0.8937728937728938
35,0.0,0.0,10,330664,40,Never-married,United-States,Sales,White,Not-in-family,True,Private,0,0.0,0.0,12.708861057263617,0.8937728937728938
32,0.0,0.0,9,262153,40,Married-civ-spouse,United-States,Machine-op-inspct,White,Husband,True,Private,0,0.0,0.0,12.476687396324095,0.8937728937728938
60,0.0,0.0,9,224377,40,Married-civ-spouse,United-States,Sales,White,Husband,True,Self-emp-not-inc,0,0.0,0.0,12.321087408608834,0.8937728937728938
68,0.0,0.0,9,107910,40,Never-married,United-States,Sales,White,Not-in-family,False,Private,0,0.0,0.0,11.589062092296585,0.8937728937728938
26,0.0,0.0,6,102541,40,Never-married,United-States,?,Amer-Indian-Eskimo,Unmarried,False,?,0,0.0,0.0,11.538027749731057,0.8937728937728938
34,0.0,0.0,9,179877,40,Never-married,United-States,Craft-repair,White,Own-child,True,Private,0,0.0,0.0,12.100034122299373,0.8937728937728938
44,0.0,0.0,10,84535,48,Divorced,United-States,Sales,White,Unmarried,False,Private,0,0.0,0.0,11.344932758120867,0.8937728937728938
52,0.0,0.0,9,225339,35,Widowed,United-States,Adm-clerical,Black,Unmarried,False,Private,0,0.0,0.0,12.325365651718156,0.8937728937728938
36,0.0,0.0,9,116608,40,Divorced,United-States,Exec-managerial,White,Not-in-family,False,Private,0,0.0,0.0,11.666581736883748,0.8937728937728938
23,0.0,0.0,13,197207,40,Never-married,United-States,Prof-specialty,White,Not-in-family,False,Private,0,0.0,0.0,12.192014288279134,0.8937728937728938
29,0.0,0.0,10,227890,40,Divorced,United-States,Machine-op-inspct,Black,Not-in-family,True,Private,0,0.0,0.0,12.336622723449159,0.8937728937728938
44,0.0,0.0,13,344060,40,Never-married,United-States,Other-service,White,Not-in-family,True,Private,1,0.0,0.0,12.748574246216608,0.8937728937728938
37,0.0,0.0,13,190297,45,Married-civ-spouse,United-States,Tech-support,White,Husband,True,Private,1,0.0,0.0,12.15634654350752,0.8937728937728938
36,0.0,0.0,9,214807,40,Divorced,United-States,Other-service,White,Unmarried,False,Private,0,0.0,0.0,12.277499884871167,0.8937728937728938
24,0.0,0.0,7,374763,40,Separated,Mexico,Craft-repair,White,Not-in-family,True,Private,0,0.0,0.0,12.834051773505868,0.02197802197802198
31,0.0,0.0,13,341672,60,Married-civ-spouse,__RARE__,Adm-clerical,Asian-Pac-Islander,Husband,True,Private,0,0.0,0.0,12.7416094183001,0.0
34,0.0,0.0,10,169496,40,Married-civ-spouse,United-States,Handlers-cleaners,White,Husband,True,Private,1,0.0,0.0,12.040590506530966,0.8937728937728938
47,10520.0,0.0,13,112200,45,Never-married,United-States,Exec-managerial,Black,Not-in-family,True,Self-emp-not-inc,1,9.261128538808288,0.0,11.628047184686986,0.8937728937728938
38,0.0,0.0,9,320811,50,Married-civ-spouse,United-States,Exec-managerial,White,Husband,True,Self-emp-inc,1,0.0,0.0,12.678610560758681,0.8937728937728938
29,0.0,0.0,4,144063,72,Married-civ-spouse,United-States,Farming-fishing,White,Husband,True,Self-emp-not-inc,0,0.0,0.0,11.878012924266404,0.8937728937728938
29,0.0,0.0,6,247507,43,Never-married,United-States,Craft-repair,White,Not-in-family,True,Private,0,0.0,0.0,12.419198183700821,0.8937728937728938
24,0.0,0.0,10,159567,40,Married-civ-spouse,United-States,Machine-op-inspct,White,Husband,True,Private,0,0.0,0.0,11.980225442641649,0.8937728937728938
37,0.0,0.0,13,64922,70,Separated,__RARE__,Other-service,White,Not-in-family,True,Private,0,0.0,0.0,11.080957231281733,0.0
45,0.0,0.0,13,201865,40,Married-spouse-absent,United-States,Exec-managerial,White,Unmarried,True,Private,0,0.0,0.0,12.215359389921906,0.8937728937728938
65,2964.0,0.0,4,72776,40,Never-married,United-States,Farming-fishing,White,Not-in-family,True,Self-emp-not-inc,0,7.994632311431825,0.0,11.195155250201163,0.8937728937728938
34,0.0,0.0,10,189843,40,Married-civ-spouse,United-States,Protective-serv,White,Husband,True,State-gov,0,0.0,0.0,12.153957961262721,0.8937728937728938
32,0.0,0.0,10,286675,40,Never-married,United-States,Exec-managerial,White,Other-relative,True,Private,0,0.0,0.0,12.566107937171111,0.8937728937728938
31,3908.0,0.0,13,256362,50,Married-civ-spouse,United-States,Sales,White,Husband,True,Self-emp-inc,0,8.271036865792954,0.0,12.454349687843342,0.8937728937728938
50,0.0,0.0,9,186888,40,Married-civ-spouse,United-States,Exec-managerial,Black,Wife,False,Local-gov,1,0.0,0.0,12.138270136708956,0.8937728937728938
32,0.0,0.0,10,97281,40,Never-married,United-States,Exec-managerial,White,Own-child,True,Private,0,0.0,0.0,11.485369256199183,0.8937728937728938
20,0.0,0.0,10,117789,10,Never-married,United-States,Sales,White,Own-child,False,Private,0,0.0,0.0,11.67665865695283,0.8937728937728938
26,0.0,0.0,9,195216,12,Divorced,United-States,Other-service,White,Not-in-family,False,Private,0,0.0,0.0,12.181867039332936,0.8937728937728938
70,0.0,0.0,5,142851,18,Married-civ-spouse,United-States,Exec-managerial,White,Husband,True,Private,0,0.0,0.0,11.869564408260945,0.8937728937728938
31,0.0,0.0,13,234500,40,Married-civ-spouse,United-States,Adm-clerical,White,Wife,False,Private,0,0.0,0.0,12.365215131251702,0.8937728937728938
58,0.0,0.0,14,170480,60,Married-civ-spouse,United-States,Exec-managerial,White,Husband,True,Private,1,0.0,0.0,12.046379132546004,0.8937728937728938
24,0.0,0.0,7,89347,40,Never-married,United-States,Machine-op-inspct,White,Not-in-family,False,Private,0,0.0,0.0,11.400294136453448,0.8937728937728938
39,0.0,0.0,13,99452,50,Married-civ-spouse,United-States,Prof-specialty,White,Husband,True,Private,1,0.0,0.0,11.507440449739654,0.8937728937728938
71,20051.0,0.0,10,118119,50,Married-civ-spouse,United-States,Exec-managerial,White,Husband,True,Self-emp-inc,1,9.906084178383393,0.0,11.679456335857859,0.8937728937728938
29,0.0,0.0,13,129528,40,Never-married,United-States,Prof-specialty,White,Not-in-family,False,Private,0,0.0,0.0,11.771660073275246,0.8937728937728938
25,0.0,0.0,13,257574,20,Never-married,United-States,Adm-clerical,Black,Not-in-family,False,Self-emp-not-inc,0,0.0,0.0,12.459066218813268,0.8937728937728938
58,0.0,0.0,9,160586,40,Married-civ-spouse,United-States,Farming-fishing,White,Husband,True,Local-gov,0,0.0,0.0,11.986591130767648,0.8937728937728938
23,0.0,0.0,9,202416,30,Never-married,United-States,Sales,White,Not-in-family,False,Private,0,0.0,0.0,12.21808520496317,0.8937728937728938
60,4508.0,0.0,9,71457,8,Married-civ-spouse,United-States,Transport-moving,White,Husband,True,Self-emp-not-inc,0,8.413830678421084,0.0,11.17686514350032,0.8937728937728938
60,0.0,0.0,7,220342,35,Married-civ-spouse,United-States,Farming-fishing,White,Husband,True,Self-emp-not-inc,0,0.0,0.0,12.302940702123143,0.8937728937728938
24,0.0,0.0,13,138513,20,Never-married,United-States,Prof-specialty,White,Not-in-family,True,State-gov,0,0.0,0.0,11.838726682533476,0.8937728937728938
60,0.0,0.0,14,165792,8,Married-civ-spouse,United-States,Prof-specialty,White,Wife,False,State-gov,0,0.0,0.0,12.018495301250445,0.8937728937728938
47,0.0,0.0,9,187563,40,Married-civ-spouse,United-States,Machine-op-inspct,White,Husband,True,Private,0,0.0,0.0,12.141875399484967,0.8937728937728938
31,0.0,0.0,9,227864,40,Married-civ-spouse,United-States,Craft-repair,Black,Husband,True,State-gov,0,0.0,0.0,12.336508627309872,0.8937728937728938
25,0.0,0.0,9,176616,40,Never-married,United-States,Other-service,White,Own-child,True,Local-gov,0,0.0,0.0,12.081738825259693,0.8937728937728938
35,0.0,0.0,13,144401,40,Married-civ-spouse,__RARE__,Prof-specialty,Asian-Pac-Islander,Wife,False,Private,1,0.0,0.0,11.88035635576046,0.0
29,0.0,0.0,14,360527,40,Married-civ-spouse,United-States,Prof-specialty,White,Husband,True,Federal-gov,1,0.0,0.0,12.795324902593903,0.8937728937728938
22,0.0,0.0,9,413110,15,Never-married,United-States,Other-service,Black,Other-relative,False,Private,0,0.0,0.0,12.931471600965464,0.8937728937728938
36,0.0,0.0,11,339116,40,Divorced,?,Exec-managerial,White,Not-in-family,False,Self-emp-inc,0,0.0,0.0,12.734100459561345,0.0115995115995116
46,0.0,0.0,6,216647,20,Divorced,United-States,Protective-serv,White,Unmarried,False,Local-gov,0,0.0,0.0,12.286029195646101,0.8937728937728938
41,0.0,0.0,14,32185,40,Married-civ-spouse,United-States,Exec-managerial,White,Husband,True,Local-gov,1,0.0,0.0,10.37928685437844,0.8937728937728938
47,0.0,0.0,9,211668,40,Married-civ-spouse,United-States,Machine-op-inspct,Black,Wife,False,Private,1,0.0,0.0,12.262779012768007,0.8937728937728938
28,5013.0,0.0,13,219705,55,Married-civ-spouse,United-States,Exec-managerial,White,Husband,True,Self-emp-inc,0,8.519989278718239,0.0,12.30004556796793,0.8937728937728938
38,0.0,0.0,10,184456,50,Never-married,__RARE__,Other-service,White,Not-in-family,True,Private,0,0.0,0.0,12.12517165296885,0.0
54,0.0,1977.0,16,182314,50,Married-civ-spouse,United-States,Exec-managerial,White,Husband,True,Private,1,0.0,7.589841512182657,12.113491239234605,0.8937728937728938
53,0.0,0.0,13,104501,42,Never-married,United-States,Exec-managerial,White,Not-in-family,True,Private,0,0.0,0.0,11.556961488959839,0.8937728937728938
60,0.0,0.0,9,178792,40,Widowed,United-States,Handlers-cleaners,White,Not-in-family,False,Private,0,0.0,0.0,12.09398399106703,0.8937728937728938
29,0.0,0.0,9,369114,40,Divorced,United-States,Adm-clerical,White,Not-in-family,False,Private,0,0.0,0.0,12.818863527585451,0.8937728937728938
55,0.0,0.0,14,134042,40,Married-civ-spouse,United-States,Exec-managerial,White,Wife,False,Local-gov,1,0.0,0.0,11.80591592297948,0.8937728937728938
32,0.0,0.0,12,230224,35,Married-civ-spouse,United-States,Other-service,White,Husband,True,State-gov,0,0.0,0.0,12.346812370589568,0.8937728937728938
42,0.0,0.0,16,34037,50,Never-married,United-States,Prof-specialty,White,Not-in-family,True,Private,0,0.0,0.0,10.435232826554623,0.8937728937728938
32,0.0,0.0,9,101266,40,Married-civ-spouse,?,Other-service,White,Husband,True,Private,0,0.0,0.0,11.52551587210952,0.0115995115995116
29,0.0,0.0,11,88432,50,Married-civ-spouse,United-States,Craft-repair,White,Husband,True,Private,0,0.0,0.0,11.390000482132864,0.8937728937728938
40,0.0,0.0,10,184682,40,Divorced,United-States,Adm-clerical,White,Unmarried,False,Private,0,0.0,0.0,12.126396120803477,0.8937728937728938
28,0.0,0.0,9,141702,60,Never-married,United-States,Sales,White,Not-in-family,True,Self-emp-not-inc,0,0.0,0.0,11.86148859694372,0.8937728937728938
36,0.0,0.0,14,77146,40,Never-married,United-States,Prof-specialty,White,Not-in-family,True,State-gov,0,0.0,0.0,11.253467971746856,0.8937728937728938
41,0.0,0.0,13,134130,50,Married-civ-spouse,United-States,Sales,White,Husband,True,Private,1,0.0,0.0,11.806572213322008,0.8937728937728938
54,0.0,0.0,6,175912,40,Married-civ-spouse,United-States,Transport-moving,White,Husband,True,Private,0,0.0,0.0,12.077744833622962,0.8937728937728938
34,0.0,0.0,9,195488,40,Separated,United-States,Adm-clerical,White,Own-child,False,Private,0,0.0,0.0,12.183259390839913,0.8937728937728938
59,0.0,0.0,13,110457,50,Married-civ-spouse,United-States,Exec-managerial,White,Husband,True,Self-emp-inc,1,0.0,0.0,11.612390637189504,0.8937728937728938
18,0.0,0.0,6,80616,27,Never-married,United-States,Handlers-cleaners,White,Own-child,True,Private,0,0.0,0.0,11.297464824368765,0.8937728937728938
34,0.0,0.0,9,159255,60,Married-civ-spouse,United-States,Exec-managerial,White,Husband,True,Private,1,0.0,0.0,11.97826824933377,0.8937728937728938
43,0.0,0.0,14,96102,50,Married-spouse-absent,United-States,Exec-managerial,White,Not-in-family,True,Private,0,0.0,0.0,11.473175811952919,0.8937728937728938
39,0.0,0.0,9,498785,40,Divorced,United-States,Adm-clerical,White,Not-in-family,True,Private,0,0.0,0.0,13.119932425032454,0.8937728937728938
35,0.0,0.0,10,238980,40,Never-married,United-States,Sales,White,Not-in-family,True,Private,0,0.0,0.0,12.384139329845572,0.8937728937728938
30,0.0,0.0,9,258170,40,Divorced,United-States,Adm-clerical,White,Not-in-family,False,Private,0,0.0,0.0,12.461377435052679,0.8937728937728938
39,15024.0,0.0,13,177154,50,Married-civ-spouse,United-States,Sales,White,Husband,True,Private,1,9.617470759403409,0.0,12.08478033456367,0.8937728937728938
35,0.0,0.0,9,342768,40,Married-civ-spouse,United-States,Craft-repair,White,Husband,True,Private,0,0.0,0.0,12.744812029877943,0.8937728937728938
40,0.0,0.0,9,176286,40,Married-civ-spouse,United-States,Craft-repair,White,Husband,True,Private,0,0.0,0.0,12.079868627720504,0.8937728937728938
42,0.0,0.0,9,185602,40,Married-civ-spouse,United-States,Exec-managerial,White,Wife,False,Private,1,0.0,0.0,12.131365262996708,0.8937728937728938
42,0.0,0.0,11,219155,45,Married-civ-spouse,United-States,Craft-repair,White,Husband,True,Private,1,0.0,0.0,12.297539083980043,0.8937728937728938
23,0.0,0.0,9,348092,40,Never-married,__RARE__,Transport-moving,Black,Own-child,True,Private,0,0.0,0.0,12.760224964433306,0.0
64,0.0,0.0,3,316627,40,Divorced,United-States,Craft-repair,White,Not-in-family,True,Private,0,0.0,0.0,12.665482862190002,0.8937728937728938
28,0.0,0.0,10,113839,40,Married-civ-spouse,United-States,Sales,White,Husband,True,Private,0,0.0,0.0,11.642549232763734,0.8937728937728938
43,0.0,0.0,9,303211,40,Never-married,United-States,Exec-managerial,White,Own-child,True,Self-emp-inc,0,0.0,0.0,12.622187509803583,0.8937728937728938
25,0.0,0.0,13,234263,40,Never-married,United-States,Sales,White,Not-in-family,True,Private,0,0.0,0.0,12.364203963522911,0.8937728937728938
50,0.0,0.0,9,196975,40,Married-civ-spouse,United-States,Craft-repair,White,Husband,True,Private,1,0.0,0.0,12.190837172887397,0.8937728937728938
35,0.0,0.0,9,253860,20,Divorced,United-States,?,White,Unmarried,False,?,0,0.0,0.0,12.444542152113485,0.8937728937728938
31,0.0,0.0,10,288983,40,Never-married,United-States,Protective-serv,White,Not-in-family,True,Private,0,0.0,0.0,12.574126602240165,0.8937728937728938
68,0.0,1668.0,9,144761,20,Widowed,United-States,Protective-serv,White,Not-in-family,True,Local-gov,0,0.0,7.419979923661835,11.882846293553502,0.8937728937728938
49,0.0,0.0,10,157991,40,Divorced,United-States,Adm-clerical,Black,Unmarried,False,Private,0,0.0,0.0,11.970299677815822,0.8937728937728938
20,0.0,0.0,10,194504,40,Separated,United-States,Sales,Black,Unmarried,False,Private,0,0.0,0.0,12.178213148651094,0.8937728937728938
36,0.0,0.0,9,30267,50,Married-civ-spouse,United-States,Transport-moving,White,Husband,True,Private,0,0.0,0.0,10.317846327814411,0.8937728937728938
39,0.0,0.0,9,76417,40,Married-civ-spouse,United-States,Farming-fishing,White,Husband,True,Private,0,0.0,0.0,11.243973549499037,0.8937728937728938
62,0.0,0.0,7,499971,40,Widowed,United-States,Handlers-cleaners,Black,Not-in-family,False,Private,0,0.0,0.0,13.12230737583627,0.8937728937728938
28,0.0,0.0,10,264961,45,Married-civ-spouse,United-States,Craft-repair,White,Husband,True,Self-emp-not-inc,0,0.0,0.0,12.487341698459723,0.8937728937728938
35,0.0,0.0,9,238802,20,Never-married,United-States,Other-service,White,Own-child,True,Private,0,0.0,0.0,12.383394223235744,0.8937728937728938
61,0.0,2339.0,3,43554,40,Never-married,United-States,Handlers-cleaners,Black,Not-in-family,True,Private,0,0.0,7.757906208351747,10.681779786252992,0.8937728937728938
53,0.0,0.0,9,227602,37,Divorced,Mexico,Sales,White,Not-in-family,False,Private,0,0.0,0.0,12.335358162166775,0.02197802197802198
32,0.0,0.0,9,174789,50,Never-married,United-States,Craft-repair,White,Other-relative,True,Private,0,0.0,0.0,12.071340532329133,0.8937728937728938
36,0.0,0.0,9,175759,40,Divorced,United-States,Exec-managerial,White,Unmarried,True,Private,0,0.0,0.0,12.076874707058492,0.8937728937728938
56,0.0,0.0,14,291529,50,Married-civ-spouse,United-States,Prof-specialty,White,Husband,True,Local-gov,1,0.0,0.0,12.582898195429173,0.8937728937728938
19,0.0,0.0,9,279968,42,Never-married,United-States,Adm-clerical,White,Not-in-family,False,Private,0,0.0,0.0,12.542434161736393,0.8937728937728938
33,0.0,0.0,10,454717,40,Separated,United-States,Other-service,White,Not-in-family,True,Private,0,0.0,0.0,13.027432725570153,0.8937728937728938
29,0.0,0.0,11,128553,40,Never-married,United-States,Adm-clerical,Black,Unmarried,False,Federal-gov,0,0.0,0.0,11.764104328507095,0.8937728937728938
22,0.0,0.0,10,303170,28,Never-married,United-States,__RARE__,White,Own-child,False,Private,0,0.0,0.0,12.622052281737947,0.8937728937728938
30,0.0,0.0,9,176992,50,Married-civ-spouse,United-States,Transport-moving,White,Husband,True,Local-gov,1,0.0,0.0,12.083865462751323,0.8937728937728938
27,0.0,0.0,10,212506,40,Divorced,United-States,Adm-clerical,Black,Unmarried,False,Private,0,0.0,0.0,12.266730207980531,0.8937728937728938
58,0.0,0.0,9,185459,45,Married-civ-spouse,United-States,Transport-moving,White,Husband,True,Private,0,0.0,0.0,12.130594504354217,0.8937728937728938
21,0.0,0.0,9,572285,20,Never-married,United-States,Other-service,White,Other-relative,False,Private,0,0.0,0.0,13.257394145403586,0.8937728937728938
47,0.0,0.0,11,114882,40,Married-civ-spouse,United-States,Transport-moving,White,Husband,True,Private,0,0.0,0.0,11.651669498147209,0.8937728937728938
26,0.0,0.0,13,291968,40,Never-married,United-States,Prof-specialty,White,Not-in-family,True,Private,0,0.0,0.0,12.58440291123102,0.8937728937728938
38,0.0,0.0,9,203763,40,Divorced,United-States,Adm-clerical,White,Not-in-family,False,Private,0,0.0,0.0,12.224717740399013,0.8937728937728938
61,0.0,0.0,9,128831,40,Married-civ-spouse,United-States,Machine-op-inspct,White,Husband,True,Private,0,0.0,0.0,11.766264508999463,0.8937728937728938
44,0.0,1504.0,9,262684,45,Divorced,United-States,Adm-clerical,White,Not-in-family,False,Private,0,0.0,7.316548177182976,12.478710874690528,0.8937728937728938
29,0.0,0.0,12,212895,35,Never-married,United-States,Craft-repair,White,Not-in-family,True,Private,0,0.0,0.0,12.268559062541614,0.8937728937728938
39,0.0,0.0,13,30875,40,Divorced,United-States,Sales,White,Unmarried,False,Private,1,0.0,0.0,10.337734462069745,0.8937728937728938
26,0.0,0.0,10,164737,40,Never-married,United-States,Sales,White,Not-in-family,False,Private,0,0.0,0.0,12.012111612079188,0.8937728937728938
21,0.0,0.0,9,251603,40,Never-married,United-States,Adm-clerical,White,Not-in-family,False,Private,0,0.0,0.0,12.435611701933238,0.8937728937728938
43,15024.0,0.0,15,194726,55,Married-civ-spouse,United-States,Prof-specialty,White,Husband,True,Private,1,9.617470759403409,0.0,12.179353856630255,0.8937728937728938
56,0.0,0.0,9,67841,40,Married-civ-spouse,United-States,Sales,White,Husband,True,Self-emp-not-inc,0,0.0,0.0,11.1249367511633,0.8937728937728938
29,0.0,0.0,10,162312,45,Never-married,__RARE__,Exec-managerial,Asian-Pac-Islander,Own-child,True,Self-emp-not-inc,0,0.0,0.0,11.997281848877833,0.0
30,0.0,0.0,13,252752,40,Married-civ-spouse,United-States,Prof-specialty,White,Wife,False,Private,0,0.0,0.0,12.440168006248479,0.8937728937728938
26,0.0,0.0,4,224361,75,Married-civ-spouse,United-States,Transport-moving,White,Husband,True,Self-emp-not-inc,0,0.0,0.0,12.321016097827505,0.8937728937728938
40,0.0,0.0,9,308296,40,Divorced,United-States,Other-service,White,Own-child,False,Self-emp-not-inc,0,0.0,0.0,12.638818883045191,0.8937728937728938
26,0.0,0.0,7,31350,50,Never-married,United-States,Farming-fishing,White,Not-in-family,True,Private,0,0.0,0.0,10.353001443478973,0.8937728937728938
44,0.0,0.0,14,112482,55,Married-civ-spouse,United-States,Exec-managerial,White,Husband,True,Private,1,0.0,0.0,11.630557378097066,0.8937728937728938
28,0.0,0.0,10,36601,35,Never-married,United-States,Other-service,White,Unmarried,False,Private,0,0.0,0.0,10.507858162705228,0.8937728937728938
31,0.0,0.0,10,54929,60,Divorced,United-States,Craft-repair,White,Not-in-family,True,Private,0,0.0,0.0,10.913814926336666,0.8937728937728938
30,0.0,0.0,13,186420,35,Never-married,United-States,Tech-support,White,Not-in-family,False,Private,0,0.0,0.0,12.135762835832066,0.8937728937728938
35,0.0,0.0,12,202263,38,Never-married,United-States,Exec-managerial,White,Not-in-family,True,Private,0,0.0,0.0,12.217329053785873,0.8937728937728938
43,0.0,0.0,13,240698,40,Married-civ-spouse,United-States,Adm-clerical,White,Husband,True,Private,1,0.0,0.0,12.391302469213302,0.8937728937728938
29,0.0,0.0,11,211299,45,Never-married,United-States,Sales,Black,Not-in-family,True,Private,0,0.0,0.0,12.261034203604147,0.8937728937728938
37,4650.0,0.0,11,117760,40,Never-married,United-States,Protective-serv,White,Not-in-family,True,Local-gov,0,8.444837529224097,0.0,11.676412425774474,0.8937728937728938
41,15024.0,0.0,15,153132,40,Married-civ-spouse,United-States,Exec-managerial,White,Husband,True,Self-emp-not-inc,1,9.617470759403409,0.0,11.93906210381437,0.8937728937728938
27,3325.0,0.0,9,287476,40,Never-married,United-States,Craft-repair,Black,Not-in-family,True,Private,0,8.109525659752872,0.0,12.56889813601937,0.8937728937728938
59,0.0,0.0,9,144962,40,Widowed,United-States,Machine-op-inspct,White,Not-in-family,False,Private,0,0.0,0.0,11.884233816426898,0.8937728937728938
42,0.0,0.0,9,298885,40,Divorced,United-States,Exec-managerial,White,Unmarried,True,Local-gov,0,0.0,0.0,12.607817508767583,0.8937728937728938
33,0.0,0.0,9,44559,35,Married-civ-spouse,United-States,Prof-specialty,White,Husband,True,Private,0,0.0,0.0,10.704591874601165,0.8937728937728938
33,0.0,0.0,9,194901,45,Married-civ-spouse,United-States,Craft-repair,White,Husband,True,Private,0,0.0,0.0,12.180252147115654,0.8937728937728938
35,0.0,0.0,6,340018,38,Never-married,United-States,Other-service,Black,Unmarried,False,Private,0,0.0,0.0,12.736756777383924,0.8937728937728938
35,0.0,0.0,13,33975,40,Married-civ-spouse,United-States,Prof-specialty,White,Husband,True,Local-gov,1,0.0,0.0,10.433409671993108,0.8937728937728938
22,0.0,0.0,10,90860,40,Never-married,United-States,Adm-clerical,Asian-Pac-Islander,Own-child,False,Private,0,0.0,0.0,11.41708614519604,0.8937728937728938
59,0.0,0.0,15,253062,55,Married-civ-spouse,United-States,Prof-specialty,White,Husband,True,Self-emp-inc,1,0.0,0.0,12.441393748569059,0.8937728937728938
30,0.0,0.0,9,179446,40,Separated,United-States,Adm-clerical,White,Unmarried,False,Private,0,0.0,0.0,12.097635178687334,0.8937728937728938
17,0.0,0.0,7,194517,18,Never-married,United-States,Farming-fishing,White,Own-child,False,Private,0,0.0,0.0,12.178279982745762,0.8937728937728938
40,0.0,0.0,9,390781,48,Divorced,United-States,Other-service,Black,Not-in-family,False,State-gov,0,0.0,0.0,12.875905138724596,0.8937728937728938
27,0.0,1504.0,13,38606,45,Never-married,United-States,Sales,White,Not-in-family,True,Private,0,0.0,7.316548177182976,10.561188886161775,0.8937728937728938
53,0.0,0.0,10,200190,40,Divorced,United-States,Craft-repair,White,Not-in-family,True,Private,1,0.0,0.0,12.207027189807794,0.8937728937728938
50,0.0,0.0,6,69614,56,Separated,United-States,Craft-repair,White,Not-in-family,True,Federal-gov,0,0.0,0.0,11.150735340343386,0.8937728937728938
23,0.0,0.0,10,99399,25,Never-married,United-States,?,Amer-Indian-Eskimo,Unmarried,False,?,0,0.0,0.0,11.506907392644665,0.8937728937728938
19,0.0,0.0,9,263338,15,Never-married,United-States,Other-service,White,Own-child,True,Private,0,0.0,0.0,12.481197454530907,0.8937728937728938
31,0.0,1594.0,9,651396,30,Never-married,United-States,Sales,White,Own-child,False,Private,0,0.0,7.374629015218945,13.386874566348514,0.8937728937728938
50,0.0,0.0,14,158680,50,Married-civ-spouse,United-States,Exec-managerial,White,Husband,True,Private,1,0.0,0.0,11.974651176599838,0.8937728937728938
45,0.0,0.0,11,238386,40,Married-civ-spouse,United-States,Machine-op-inspct,White,Husband,True,Private,1,0.0,0.0,12.381650682485164,0.8937728937728938
33,0.0,0.0,9,274800,40,Separated,United-States,?,Black,Own-child,False,?,0,0.0,0.0,12.523802478333899,0.8937728937728938
30,0.0,0.0,14,170449,40,Married-civ-spouse,United-States,Prof-specialty,Asian-Pac-Islander,Husband,True,Local-gov,1,0.0,0.0,12.04619727756605,0.8937728937728938
73,0.0,0.0,3,113446,54,Married-civ-spouse,United-States,Exec-managerial,White,Husband,True,Private,1,0.0,0.0,11.639091046491234,0.8937728937728938
20,0.0,0.0,10,239805,16,Never-married,United-States,?,White,Not-in-family,True,?,0,0.0,0.0,12.387585542113243,0.8937728937728938
45,7688.0,0.0,14,236586,55,Married-civ-spouse,United-States,Prof-specialty,White,Husband,True,Local-gov,1,8.94754601503218,0.0,12.374071283961944,0.8937728937728938
32,3103.0,0.0,10,108247,40,Married-civ-spouse,United-States,Craft-repair,White,Husband,True,Private,1,8.04044688130311,0.0,11.59218016994348,0.8937728937728938
52,0.0,1876.0,14,295826,50,Divorced,United-States,Prof-specialty,White,Unmarried,False,State-gov,0,0.0,7.537430036586509,12.597530102983729,0.8937728937728938
18,0.0,0.0,10,343059,40,Never-married,United-States,Sales,White,Own-child,False,Private,0,0.0,0.0,12.745660637963816,0.8937728937728938
23,0.0,0.0,12,212856,35,Never-married,United-States,Protective-serv,Black,Own-child,False,Local-gov,0,0.0,0.0,12.268375857725164,0.8937728937728938
37,0.0,0.0,12,293475,40,Never-married,United-States,Prof-specialty,White,Not-in-family,False,Private,0,0.0,0.0,12.589551143186185,0.8937728937728938
74,3471.0,0.0,5,340939,40,Married-civ-spouse,United-States,?,White,Husband,True,?,0,8.15248607578024,0.0,12.739461787704915,0.8937728937728938
17,0.0,0.0,7,224073,20,Never-married,United-States,Sales,White,Own-child,True,Private,0,0.0,0.0,12.319731633424128,0.8937728937728938
19,0.0,0.0,9,252752,35,Never-married,United-States,?,Black,Own-child,True,?,0,0.0,0.0,12.440168006248479,0.8937728937728938
22,0.0,0.0,9,24008,40,Never-married,United-States,Adm-clerical,White,Not-in-family,True,Private,0,0.0,0.0,10.086184039035157,0.8937728937728938
40,0.0,0.0,10,235786,44,Married-civ-spouse,United-States,Craft-repair,White,Husband,True,Private,1,0.0,0.0,12.370684134098267,0.8937728937728938
23,0.0,0.0,10,443701,40,Never-married,United-States,Adm-clerical,Black,Own-child,False,Private,0,0.0,0.0,13.00290844490699,0.8937728937728938
29,0.0,0.0,9,251170,40,Divorced,United-States,Adm-clerical,White,Own-child,False,Private,0,0.0,0.0,12.433889261051922,0.8937728937728938
56,0.0,0.0,9,288530,37,Married-civ-spouse,United-States,Adm-clerical,White,Wife,False,Private,1,0.0,0.0,12.57255781149739,0.8937728937728938
49,0.0,0.0,14,116927,60,Divorced,United-States,Prof-specialty,White,Not-in-family,True,Private,0,0.0,0.0,11.669313639737679,0.8937728937728938
20,0.0,0.0,4,200450,52,Never-married,United-States,Machine-op-inspct,White,Own-child,False,Private,0,0.0,0.0,12.208325106833465,0.8937728937728938
39,0.0,0.0,9,184659,40,Married-civ-spouse,United-States,Machine-op-inspct,White,Husband,True,Private,0,0.0,0.0,12.12627157532662,0.8937728937728938
28,0.0,0.0,13,180271,65,Married-civ-spouse,United-States,Handlers-cleaners,White,Husband,True,Local-gov,1,0.0,0.0,12.102222100403948,0.8937728937728938
45,0.0,2258.0,9,187901,44,Divorced,United-States,Farming-fishing,White,Not-in-family,True,Private,1,0.0,7.7226775164680035,12.143675829304463,0.8937728937728938
24,0.0,0.0,13,42251,30,Never-married,United-States,Prof-specialty,White,Not-in-family,False,Federal-gov,0,0.0,0.0,10.651406968943053,0.8937728937728938
29,0.0,0.0,14,157262,45,Never-married,United-States,Exec-managerial,White,Not-in-family,False,Private,0,0.0,0.0,11.965674842051836,0.8937728937728938
72,0.0,0.0,7,82635,40,Married-civ-spouse,United-States,?,White,Husband,True,?,0,0.0,0.0,11.32220069991152,0.8937728937728938
38,0.0,0.0,15,166497,60,Never-married,United-States,Prof-specialty,White,Not-in-family,True,Self-emp-not-inc,1,0.0,0.0,12.02273857631848,0.8937728937728938
37,0.0,0.0,9,342768,40,Married-civ-spouse,United-States,Craft-repair,White,Husband,True,Private,0,0.0,0.0,12.744812029877943,0.8937728937728938
38,0.0,1887.0,6,122493,40,Married-civ-spouse,United-States,Sales,White,Husband,True,Self-emp-not-inc,1,0.0,7.543273346705446,11.715817328175543,0.8937728937728938
46,0.0,0.0,16,214627,60,Married-civ-spouse,United-States,Prof-specialty,White,Husband,True,Self-emp-inc,1,0.0,0.0,12.276661575970461,0.8937728937728938
53,3411.0,0.0,9,237729,65,Married-civ-spouse,United-States,Prof-specialty,White,Wife,False,Self-emp-not-inc,0,8.13505390861157,0.0,12.378890854892319,0.8937728937728938
23,0.0,0.0,10,182117,40,Never-married,United-States,Other-service,White,Own-child,True,Private,0,0.0,0.0,12.112410107618157,0.8937728937728938
38,15024.0,0.0,13,333651,70,Married-civ-spouse,United-States,Prof-specialty,White,Husband,True,Private,1,9.617470759403409,0.0,12.717853812619197,0.8937728937728938
36,0.0,0.0,3,209993,40,Married-civ-spouse,__RARE__,__RARE__,White,Wife,False,Private,0,0.0,0.0,12.254834237862863,0.0
23,2907.0,0.0,13,55674,40,Never-married,United-States,Protective-serv,White,Not-in-family,False,Private,0,7.97522083865341,0.0,10.92728649212557,0.8937728937728938
46,0.0,0.0,9,174928,40,Divorced,__RARE__,Adm-clerical,White,Not-in-family,True,Private,0,0.0,0.0,12.072135456295628,0.0
58,0.0,0.0,9,205410,40,Married-civ-spouse,United-States,Craft-repair,White,Husband,True,Private,0,0.0,0.0,12.232768129083524,0.8937728937728938
33,0.0,1848.0,16,331615,40,Married-civ-spouse,United-States,Prof-specialty,White,Husband,True,Federal-gov,1,0.0,7.522400231387125,12.711732951983944,0.8937728937728938
34,0.0,0.0,9,62124,40,Separated,United-States,Other-service,Black,Not-in-family,True,Private,0,0.0,0.0,11.03690376339893,0.8937728937728938
43,0.0,0.0,9,206833,45,Separated,United-States,Handlers-cleaners,Black,Unmarried,False,Private,0,0.0,0.0,12.239671818160586,0.8937728937728938
46,0.0,0.0,9,224559,35,Married-civ-spouse,United-States,Craft-repair,Black,Husband,True,Private,0,0.0,0.0,12.321898211035764,0.8937728937728938
41,7430.0,0.0,14,112763,36,Divorced,United-States,Prof-specialty,White,Unmarried,False,Local-gov,1,8.91341571815747,0.0,11.633052418171065,0.8937728937728938
21,0.0,0.0,10,232591,8,Never-married,United-States,Sales,White,Own-child,True,Private,0,0.0,0.0,12.357041124666106,0.8937728937728938
64,0.0,0.0,10,47462,35,Never-married,United-States,Prof-specialty,White,Not-in-family,False,Self-emp-not-inc,0,0.0,0.0,10.767705739117174,0.8937728937728938
35,0.0,0.0,9,31269,40,Married-civ-spouse,United-States,Exec-managerial,White,Husband,True,Private,0,0.0,0.0,10.350414450451886,0.8937728937728938
35,0.0,0.0,10,202027,60,Divorced,United-States,Exec-managerial,White,Not-in-family,True,Self-emp-inc,0,0.0,0.0,12.216161580638714,0.8937728937728938
51,5178.0,0.0,13,106728,60,Married-civ-spouse,United-States,Exec-managerial,White,Husband,True,Private,1,8.552367266423891,0.0,11.57804819042722,0.8937728937728938
34,0.0,0.0,14,341051,50,Married-civ-spouse,United-States,Adm-clerical,White,Husband,True,Federal-gov,1,0.0,0.0,12.739790237308451,0.8937728937728938
52,0.0,0.0,10,166419,37,Divorced,United-States,Adm-clerical,Black,Not-in-family,False,Private,0,0.0,0.0,12.02226999245442,0.8937728937728938
30,0.0,0.0,12,393965,25,Divorced,United-States,Adm-clerical,White,Not-in-family,False,Private,0,0.0,0.0,12.88401989014025,0.8937728937728938
47,0.0,0.0,9,250170,40,Married-civ-spouse,United-States,Machine-op-inspct,Black,Husband,True,Private,1,0.0,0.0,12.429899963023,0.8937728937728938
39,0.0,0.0,12,245665,60,Divorced,United-States,Prof-specialty,White,Not-in-family,True,Private,0,0.0,0.0,12.411728168795475,0.8937728937728938
60,0.0,0.0,13,131681,50,Married-civ-spouse,United-States,Exec-managerial,White,Husband,True,Private,1,0.0,0.0,11.788145204130913,0.8937728937728938
28,0.0,0.0,9,214881,40,Married-civ-spouse,United-States,Craft-repair,White,Husband,True,Local-gov,0,0.0,0.0,12.277844319234227,0.8937728937728938
22,0.0,0.0,9,191878,35,Never-married,United-States,Other-service,Black,Not-in-family,False,Private,0,0.0,0.0,12.164620244011843,0.8937728937728938
36,0.0,0.0,9,166416,40,Married-civ-spouse,United-States,Handlers-cleaners,White,Husband,True,Private,0,0.0,0.0,12.022251965612453,0.8937728937728938
17,0.0,0.0,7,48703,30,Never-married,United-States,?,White,Own-child,False,?,0,0.0,0.0,10.793516441221358,0.8937728937728938
20,0.0,0.0,10,37783,25,Never-married,United-States,Other-service,White,Not-in-family,False,Private,0,0.0,0.0,10.539641011575952,0.8937728937728938
49,0.0,0.0,13,268090,26,Married-civ-spouse,United-States,Sales,White,Husband,True,Private,1,0.0,0.0,12.499081754096984,0.8937728937728938
39,0.0,0.0,13,206253,40,Married-civ-spouse,United-States,Prof-specialty,White,Wife,False,Self-emp-inc,0,0.0,0.0,12.23686369794826,0.8937728937728938
47,0.0,0.0,10,319205,40,Divorced,United-States,Adm-clerical,White,Unmarried,False,Local-gov,0,0.0,0.0,12.67359194137361,0.8937728937728938
63,15024.0,0.0,10,165611,40,Married-civ-spouse,United-States,Exec-managerial,White,Husband,True,Private,1,9.617470759403409,0.0,12.01740298207604,0.8937728937728938
39,0.0,0.0,9,121838,40,Divorced,United-States,Other-service,Black,Unmarried,False,State-gov,0,0.0,0.0,11.710455780050136,0.8937728937728938
42,15024.0,0.0,10,121998,40,Married-civ-spouse,United-States,Exec-managerial,White,Husband,True,Local-gov,1,9.617470759403409,0.0,11.71176812696049,0.8937728937728938
20,2907.0,0.0,10,121596,35,Never-married,United-States,Other-service,White,Own-child,False,Private,0,7.97522083865341,0.0,11.708467577157236,0.8937728937728938
27,0.0,0.0,13,170148,28,Never-married,United-States,Tech-support,White,Own-child,False,Private,0,0.0,0.0,12.044429802744576,0.8937728937728938
48,0.0,0.0,10,64156,45,Married-civ-spouse,United-States,Exec-managerial,White,Husband,True,Private,0,0.0,0.0,11.069088483342464,0.8937728937728938
54,0.0,0.0,9,99434,40,Married-civ-spouse,United-States,Exec-managerial,White,Husband,True,Private,1,0.0,0.0,11.507259443343601,0.8937728937728938
65,0.0,0.0,10,137354,20,Married-civ-spouse,United-States,?,Asian-Pac-Islander,Husband,True,?,0,0.0,0.0,11.830324094209942,0.8937728937728938
49,0.0,0.0,13,219611,75,Married-civ-spouse,United-States,Exec-managerial,White,Husband,True,Private,1,0.0,0.0,12.299617631933282,0.8937728937728938
25,0.0,0.0,13,220931,43,Never-married,__RARE__,Prof-specialty,White,Not-in-family,True,Private,0,0.0,0.0,12.305610240845207,0.0
62,0.0,0.0,13,72886,40,Married-civ-spouse,United-States,Exec-managerial,White,Husband,True,Private,0,0.0,0.0,11.19666557562007,0.8937728937728938
33,0.0,0.0,13,150657,40,Never-married,United-States,Prof-specialty,Black,Other-relative,False,State-gov,0,0.0,0.0,11.922767646367904,0.8937728937728938
44,0.0,0.0,13,98211,40,Married-civ-spouse,United-States,Exec-managerial,White,Husband,True,Private,1,0.0,0.0,11.494883686469464,0.8937728937728938
35,0.0,0.0,10,297767,40,Separated,United-States,Adm-clerical,Black,Not-in-family,True,Private,0,0.0,0.0,12.604069938790817,0.8937728937728938
17,0.0,0.0,6,108402,20,Never-married,United-States,Sales,White,Own-child,False,Private,0,0.0,0.0,11.593611042881482,0.8937728937728938
75,0.0,0.0,10,134414,50,Married-civ-spouse,United-States,Sales,White,Husband,True,Self-emp-inc,0,0.0,0.0,11.80868730798643,0.8937728937728938
39,0.0,0.0,7,403489,40,Divorced,United-States,Transport-moving,White,Own-child,True,Private,0,0.0,0.0,12.907906983237574,0.8937728937728938
19,0.0,0.0,10,26620,40,Never-married,United-States,?,White,Own-child,False,?,0,0.0,0.0,10.189455656983572,0.8937728937728938
28,0.0,0.0,5,70034,40,Never-married,__RARE__,Machine-op-inspct,White,Own-child,True,Private,0,0.0,0.0,11.156750396073146,0.0
54,4386.0,0.0,14,242606,45,Married-civ-spouse,United-States,Sales,White,Husband,True,Self-emp-not-inc,1,8.386400901166214,0.0,12.399198129156607,0.8937728937728938
60,0.0,0.0,3,170310,40,Married-civ-spouse,United-States,Transport-moving,White,Husband,True,Private,0,0.0,0.0,12.045381456461467,0.8937728937728938
23,0.0,0.0,9,149224,40,Never-married,United-States,Sales,White,Not-in-family,True,Private,0,0.0,0.0,11.91321051303685,0.8937728937728938
22,0.0,0.0,9,27881,45,Married-civ-spouse,United-States,Farming-fishing,White,Husband,True,Private,0,0.0,0.0,10.235736598313034,0.8937728937728938
59,0.0,0.0,3,214052,40,Divorced,United-States,Machine-op-inspct,White,Unmarried,False,Private,0,0.0,0.0,12.273978926891836,0.8937728937728938
56,0.0,0.0,10,442116,54,Married-civ-spouse,United-States,Exec-managerial,White,Husband,True,Private,1,0.0,0.0,12.999329831913768,0.8937728937728938
24,7298.0,0.0,10,161092,40,Married-civ-spouse,United-States,Adm-clerical,White,Husband,True,Private,1,8.895492631451633,0.0,11.98973711694853,0.8937728937728938
50,0.0,0.0,9,321770,40,Divorced,United-States,Adm-clerical,White,Not-in-family,False,Private,0,0.0,0.0,12.681595391393774,0.8937728937728938
34,0.0,0.0,13,153927,40,Married-civ-spouse,United-States,Prof-specialty,White,Husband,True,Private,1,0.0,0.0,11.944240239600852,0.8937728937728938
37,0.0,0.0,9,216473,48,Married-civ-spouse,United-States,Protective-serv,White,Husband,True,Local-gov,1,0.0,0.0,12.28522572683426,0.8937728937728938
36,0.0,0.0,13,112576,40,Never-married,United-States,Prof-specialty,White,Not-in-family,False,Private,0,0.0,0.0,11.631392710945782,0.8937728937728938
27,0.0,0.0,12,130807,40,Married-civ-spouse,United-States,Tech-support,White,Husband,True,Private,0,0.0,0.0,11.781485878214422,0.8937728937728938
35,0.0,0.0,9,245090,40,Married-civ-spouse,Mexico,Craft-repair,White,Husband,True,Private,0,0.0,0.0,12.409384849135776,0.02197802197802198
38,0.0,0.0,9,103925,40,Married-civ-spouse,United-States,Adm-clerical,White,Wife,False,Private,1,0.0,0.0,11.551434386398336,0.8937728937728938
45,0.0,0.0,13,102359,37,Married-civ-spouse,United-States,Prof-specialty,White,Husband,True,Local-gov,0,0.0,0.0,11.536251290273725,0.8937728937728938
41,0.0,0.0,13,240124,50,Married-civ-spouse,United-States,Exec-managerial,White,Husband,True,Private,1,0.0,0.0,12.388914900070858,0.8937728937728938
56,0.0,0.0,9,203580,35,Married-civ-spouse,?,Adm-clerical,White,Husband,True,Private,0,0.0,0.0,12.223819239068144,0.0115995115995116
22,0.0,0.0,7,482082,40,Married-civ-spouse,Mexico,Machine-op-inspct,White,Not-in-family,False,Private,0,0.0,0.0,13.085871577378287,0.02197802197802198
45,0.0,0.0,13,202496,37,Married-civ-spouse,United-States,Handlers-cleaners,White,Husband,True,Private,0,0.0,0.0,12.218480350604176,0.8937728937728938
48,4386.0,0.0,9,449354,45,Married-civ-spouse,United-States,Adm-clerical,White,Husband,True,Private,1,8.386400901166214,0.0,13.015568500208323,0.8937728937728938
23,0.0,0.0,10,148751,35,Never-married,United-States,?,White,Not-in-family,False,?,0,0.0,0.0,11.91003576869564,0.8937728937728938
28,0.0,0.0,7,268222,40,Never-married,United-States,?,Black,Not-in-family,False,?,0,0.0,0.0,12.49957400305064,0.8937728937728938
57,0.0,0.0,10,133126,40,Never-married,United-States,Craft-repair,Black,Not-in-family,False,Private,0,0.0,0.0,11.799058838807154,0.8937728937728938
41,15024.0,0.0,13,359696,60,Married-civ-spouse,United-States,Protective-serv,White,Husband,True,Private,1,9.617470759403409,0.0,12.793017289365364,0.8937728937728938
28,2176.0,0.0,3,126743,52,Never-married,Mexico,Other-service,White,Other-relative,True,Private,0,7.685703061234547,0.0,11.749924583054879,0.02197802197802198
57,0.0,0.0,15,180211,50,Married-civ-spouse,__RARE__,Prof-specialty,Asian-Pac-Islander,Husband,True,Self-emp-inc,1,0.0,0.0,12.101889214613987,0.0
43,0.0,0.0,10,26252,36,Separated,United-States,Other-service,Amer-Indian-Eskimo,Unmarried,False,Private,0,0.0,0.0,10.17553554720394,0.8937728937728938
24,0.0,0.0,9,132320,50,Divorced,United-States,Machine-op-inspct,White,Not-in-family,True,Self-emp-not-inc,0,0.0,0.0,11.792986067665478,0.8937728937728938
46,0.0,0.0,16,344415,40,Married-civ-spouse,United-States,Prof-specialty,White,Husband,True,Private,1,0.0,0.0,12.749605508064025,0.8937728937728938
32,0.0,0.0,7,375833,40,Never-married,United-States,Craft-repair,White,Other-relative,True,Private,0,0.0,0.0,12.836902835525208,0.8937728937728938
24,0.0,0.0,10,274398,20,Never-married,United-States,Adm-clerical,Black,Own-child,False,Private,0,0.0,0.0,12.522338530512357,0.8937728937728938
32,0.0,0.0,9,176410,38,Never-married,United-States,Adm-clerical,White,Own-child,False,Private,0,0.0,0.0,12.080571778887276,0.8937728937728938
35,0.0,0.0,6,208259,36,Married-civ-spouse,United-States,Adm-clerical,White,Wife,False,Private,0,0.0,0.0,12.246542578083886,0.8937728937728938
34,2977.0,0.0,10,117779,65,Divorced,United-States,Adm-clerical,White,Unmarried,False,Private,0,7.999007213243955,0.0,11.676573756498561,0.8937728937728938
44,0.0,0.0,6,212894,40,Married-civ-spouse,__RARE__,Machine-op-inspct,White,Husband,True,Private,0,0.0,0.0,12.268554365401467,0.0
25,0.0,0.0,13,40915,15,Married-spouse-absent,United-States,?,White,Not-in-family,False,?,0,0.0,0.0,10.619276463576899,0.8937728937728938
23,0.0,0.0,13,130773,40,Never-married,United-States,Exec-managerial,White,Unmarried,True,Private,0,0.0,0.0,11.781225921488108,0.8937728937728938
27,0.0,1876.0,9,38918,75,Never-married,United-States,Transport-moving,White,Not-in-family,True,Private,0,0.0,7.537430036586509,10.569237842239122,0.8937728937728938
19,0.0,2001.0,9,198459,40,Never-married,United-States,Adm-clerical,White,Own-child,True,Private,0,0.0,7.601901959875166,12.198342847468233,0.8937728937728938
41,0.0,0.0,9,247752,40,Married-civ-spouse,United-States,Sales,White,Husband,True,Private,0,0.0,0.0,12.420187561099748,0.8937728937728938
75,0.0,0.0,10,114204,13,Married-civ-spouse,United-States,?,White,Husband,True,?,0,0.0,0.0,11.645750358082735,0.8937728937728938
33,0.0,0.0,12,25610,40,Married-civ-spouse,__RARE__,Sales,__RARE__,Husband,True,Private,1,0.0,0.0,10.150777225678416,0.0
21,0.0,0.0,10,312017,40,Never-married,United-States,Craft-repair,White,Not-in-family,True,Private,0,0.0,0.0,12.650816157435175,0.8937728937728938
62,0.0,0.0,10,261437,40,Married-civ-spouse,United-States,Craft-repair,White,Husband,True,Private,0,0.0,0.0,12.473952440685714,0.8937728937728938
56,0.0,0.0,14,124319,40,Married-civ-spouse,United-States,?,White,Husband,True,?,1,0.0,0.0,11.730614165601475,0.8937728937728938
39,0.0,0.0,9,242922,35,Never-married,United-States,Tech-support,Black,Not-in-family,True,Private,0,0.0,0.0,12.400499799680025,0.8937728937728938
34,0.0,0.0,10,176673,35,Never-married,United-States,Sales,Black,Other-relative,False,Private,0,0.0,0.0,12.082061505432664,0.8937728937728938
73,0.0,0.0,3,205580,6,Married-civ-spouse,United-States,Prof-specialty,White,Husband,True,Local-gov,0,0.0,0.0,12.233595395841492,0.8937728937728938
19,0.0,0.0,10,29510,20,Never-married,United-States,Other-service,White,Own-child,False,Private,0,0.0,0.0,10.292518354180867,0.8937728937728938
23,0.0,0.0,9,156513,40,Never-married,United-States,Handlers-cleaners,Black,Own-child,True,Private,0,0.0,0.0,11.960900741830327,0.8937728937728938
67,0.0,0.0,10,181220,20,Divorced,United-States,Adm-clerical,Black,Not-in-family,False,Local-gov,0,0.0,0.0,12.107472559915555,0.8937728937728938
17,0.0,0.0,8,160118,10,Never-married,?,Sales,White,Not-in-family,False,Private,0,0.0,0.0,11.983672567770995,0.0115995115995116
53,4386.0,0.0,10,164195,40,Married-civ-spouse,United-States,Tech-support,White,Husband,True,Federal-gov,1,8.386400901166214,0.0,12.00881611516781,0.8937728937728938
77,0.0,0.0,10,120408,20,Married-civ-spouse,United-States,Protective-serv,White,Husband,True,Local-gov,0,0.0,0.0,11.698649559893719,0.8937728937728938
23,0.0,0.0,13,72143,40,Never-married,United-States,Exec-managerial,White,Not-in-family,False,Self-emp-not-inc,0,0.0,0.0,11.186419400660865,0.8937728937728938
41,0.0,0.0,10,123306,40,Married-civ-spouse,United-States,Farming-fishing,White,Husband,True,Private,0,0.0,0.0,11.722432459641528,0.8937728937728938
41,0.0,0.0,9,176663,40,Married-civ-spouse,United-States,Adm-clerical,White,Wife,False,State-gov,0,0.0,0.0,12.082004902406652,0.8937728937728938
49,0.0,2179.0,9,199862,40,Married-civ-spouse,United-States,Machine-op-inspct,White,Husband,True,Local-gov,0,0.0,7.687080155783135,12.205387410810479,0.8937728937728938
60,0.0,0.0,11,127712,45,Widowed,__RARE__,Machine-op-inspct,White,Not-in-family,False,Private,0,0.0,0.0,11.75754083793557,0.0
27,0.0,1740.0,11,212578,40,Married-civ-spouse,United-States,Craft-repair,White,Husband,True,Private,0,0.0,7.462214939768189,12.267068962965116,0.8937728937728938
39,0.0,0.0,9,299725,37,Divorced,United-States,Handlers-cleaners,White,Not-in-family,False,Private,0,0.0,0.0,12.61062400296198,0.8937728937728938
54,0.0,0.0,12,178251,30,Widowed,United-States,Adm-clerical,White,Unmarried,False,Private,0,0.0,0.0,12.09095355840995,0.8937728937728938
42,0.0,0.0,13,118947,40,Married-civ-spouse,United-States,Exec-managerial,White,Husband,True,Private,1,0.0,0.0,11.686441701802444,0.8937728937728938
51,0.0,0.0,10,149220,75,Married-civ-spouse,United-States,Farming-fishing,White,Husband,True,Self-emp-not-inc,0,0.0,0.0,11.913183707517593,0.8937728937728938
31,0.0,0.0,13,284889,41,Widowed,United-States,Sales,White,Unmarried,False,Private,0,0.0,0.0,12.559858419834878,0.8937728937728938
74,0.0,0.0,2,91488,20,Married-civ-spouse,United-States,Transport-moving,Black,Husband,True,Private,0,0.0,0.0,11.423974025457545,0.8937728937728938
38,0.0,0.0,14,91039,65,Married-civ-spouse,United-States,Exec-managerial,White,Husband,True,Private,1,0.0,0.0,11.419054249360158,0.8937728937728938
34,0.0,0.0,9,161444,39,Married-civ-spouse,United-States,Prof-specialty,White,Husband,True,Private,0,0.0,0.0,11.991919806366509,0.8937728937728938
20,0.0,0.0,9,194891,40,Never-married,United-States,Adm-clerical,White,Not-in-family,False,Private,0,0.0,0.0,12.180200837962603,0.8937728937728938
49,0.0,0.0,12,178160,40,Widowed,__RARE__,Sales,White,Not-in-family,False,Private,0,0.0,0.0,12.090442914847692,0.0
71,9386.0,0.0,13,132057,50,Married-civ-spouse,United-States,Prof-specialty,Black,Husband,True,Private,1,9.147081032336992,0.0,11.790996499002652,0.8937728937728938
50,0.0,0.0,10,76728,39,Divorced,United-States,Adm-clerical,White,Not-in-family,False,State-gov,0,0.0,0.0,11.248035012374677,0.8937728937728938
20,0.0,0.0,10,337488,30,Never-married,United-States,?,Black,Own-child,True,?,0,0.0,0.0,12.729288196170979,0.8937728937728938
38,0.0,0.0,15,212252,50,Married-civ-spouse,United-States,Prof-specialty,White,Wife,False,Private,1,0.0,0.0,12.265534238349325,0.8937728937728938
18,0.0,0.0,10,446771,25,Never-married,United-States,Adm-clerical,White,Own-child,True,Private,0,0.0,0.0,13.00980367635313,0.8937728937728938
36,0.0,0.0,9,238415,40,Divorced,United-States,Craft-repair,White,Unmarried,True,Private,0,0.0,0.0,12.381772326015241,0.8937728937728938
42,0.0,1740.0,9,248094,43,Married-civ-spouse,United-States,Transport-moving,White,Husband,True,Private,0,0.0,7.462214939768189,12.421567016312768,0.8937728937728938
51,0.0,0.0,9,185490,40,Divorced,United-States,Sales,White,Not-in-family,False,Private,0,0.0,0.0,12.130761642332399,0.8937728937728938
49,0.0,0.0,9,164799,40,Married-civ-spouse,United-States,Machine-op-inspct,White,Husband,True,Private,1,0.0,0.0,12.01248789645751,0.8937728937728938
50,0.0,0.0,9,134680,40,Never-married,United-States,Other-service,White,Not-in-family,True,Private,0,0.0,0.0,11.81066429825487,0.8937728937728938
24,0.0,0.0,13,179423,20,Never-married,United-States,Adm-clerical,White,Own-child,False,Private,0,0.0,0.0,12.097506998923398,0.8937728937728938
24,0.0,0.0,10,395297,30,Never-married,__RARE__,Other-service,White,Unmarried,False,Private,0,0.0,0.0,12.887395189823458,0.0
49,0.0,0.0,6,59612,70,Divorced,United-States,Farming-fishing,White,Unmarried,True,Self-emp-not-inc,0,0.0,0.0,10.995628950073925,0.8937728937728938
33,0.0,0.0,9,198211,40,Married-civ-spouse,United-States,Exec-managerial,White,Husband,True,Private,0,0.0,0.0,12.197092443949392,0.8937728937728938
45,0.0,0.0,8,242552,35,Divorced,United-States,Craft-repair,Black,Other-relative,True,Self-emp-not-inc,0,0.0,0.0,12.398975522180669,0.8937728937728938
29,0.0,0.0,9,40295,40,Married-civ-spouse,United-States,Prof-specialty,White,Husband,True,Private,0,0.0,0.0,10.604007487425486,0.8937728937728938
36,0.0,0.0,4,185692,35,Married-civ-spouse,United-States,Farming-fishing,White,Husband,True,Private,0,0.0,0.0,12.131850051422992,0.8937728937728938
52,0.0,0.0,10,40200,35,Widowed,United-States,Craft-repair,Black,Not-in-family,True,Self-emp-not-inc,0,0.0,0.0,10.601647149919609,0.8937728937728938
45,0.0,0.0,9,88265,40,Never-married,United-States,Machine-op-inspct,White,Own-child,False,Private,0,0.0,0.0,11.388110261478268,0.8937728937728938
37,0.0,0.0,9,317580,40,Married-civ-spouse,United-States,Craft-repair,White,Husband,True,Self-emp-inc,0,0.0,0.0,12.668488182888028,0.8937728937728938
47,0.0,0.0,13,191957,40,Married-civ-spouse,United-States,Sales,Black,Husband,True,Private,1,0.0,0.0,12.165031877080647,0.8937728937728938
42,0.0,0.0,4,369781,25,Divorced,United-States,Craft-repair,White,Unmarried,True,Self-emp-inc,0,0.0,0.0,12.820668921791059,0.8937728937728938
75,0.0,0.0,15,208426,35,Married-civ-spouse,United-States,Prof-specialty,White,Husband,True,Self-emp-not-inc,0,0.0,0.0,12.247344139010632,0.8937728937728938
33,0.0,0.0,9,184245,50,Married-civ-spouse,Mexico,Exec-managerial,White,Husband,True,Self-emp-inc,1,0.0,0.0,12.124027100182275,0.02197802197802198
43,0.0,1741.0,13,191712,40,Never-married,United-States,Adm-clerical,White,Not-in-family,True,Private,0,0.0,7.462789157412448,12.163754741027617,0.8937728937728938
46,0.0,0.0,9,319163,40,Married-civ-spouse,United-States,Craft-repair,Black,Husband,True,Private,0,0.0,0.0,12.67346035624254,0.8937728937728938
35,0.0,0.0,14,206951,40,Married-civ-spouse,United-States,Sales,White,Husband,True,Private,1,0.0,0.0,12.24024216130027,0.8937728937728938
21,0.0,0.0,4,262634,36,Never-married,United-States,Farming-fishing,White,Not-in-family,True,Private,0,0.0,0.0,12.478520514528526,0.8937728937728938
30,0.0,0.0,9,91145,55,Never-married,United-States,Handlers-cleaners,White,Unmarried,True,Private,0,0.0,0.0,11.420217895435718,0.8937728937728938
67,0.0,0.0,5,110331,20,Divorced,United-States,Adm-clerical,White,Other-relative,False,Private,0,0.0,0.0,11.611249281025925,0.8937728937728938
39,0.0,0.0,13,144860,40,Married-civ-spouse,United-States,Exec-managerial,White,Husband,True,State-gov,0,0.0,0.0,11.883529940942388,0.8937728937728938
47,0.0,0.0,10,330416,60,Never-married,United-States,Farming-fishing,White,Not-in-family,True,Self-emp-not-inc,0,0.0,0.0,12.708110772089814,0.8937728937728938
41,0.0,0.0,13,344624,50,Divorced,United-States,Exec-managerial,White,Not-in-family,True,Private,1,0.0,0.0,12.750212148326098,0.8937728937728938
41,0.0,0.0,9,38397,40,Divorced,United-States,Other-service,White,Not-in-family,False,Private,0,0.0,0.0,10.5557606538861,0.8937728937728938
26,0.0,0.0,10,287797,45,Married-civ-spouse,United-States,Craft-repair,White,Husband,True,Private,0,0.0,0.0,12.570014124140931,0.8937728937728938
31,0.0,0.0,3,252210,40,Never-married,Mexico,Other-service,White,Own-child,True,Private,0,0.0,0.0,12.438021317739436,0.02197802197802198
25,0.0,0.0,13,262818,35,Never-married,__RARE__,Prof-specialty,White,Own-child,True,Local-gov,0,0.0,0.0,12.479220861304917,0.0
53,0.0,0.0,13,177705,44,Married-civ-spouse,United-States,Craft-repair,White,Husband,True,Private,1,0.0,0.0,12.087885778344813,0.8937728937728938
44,0.0,0.0,13,483201,40,Married-civ-spouse,United-States,Exec-managerial,White,Husband,True,Self-emp-not-inc,0,0.0,0.0,13.088190064667025,0.8937728937728938
27,0.0,0.0,12,206889,40,Never-married,United-States,Protective-serv,White,Not-in-family,True,State-gov,0,0.0,0.0,12.239942530037789,0.8937728937728938
59,0.0,0.0,9,147098,40,Married-civ-spouse,United-States,Craft-repair,White,Husband,True,Private,1,0.0,0.0,11.89886110846989,0.8937728937728938
34,0.0,0.0,13,85355,40,Never-married,United-States,Adm-clerical,White,Own-child,True,Private,0,0.0,0.0,11.354586024521515,0.8937728937728938
22,0.0,0.0,10,341368,50,Never-married,United-States,Other-service,White,Not-in-family,True,Private,0,0.0,0.0,12.740719282642052,0.8937728937728938
38,0.0,0.0,13,29702,45,Married-civ-spouse,United-States,Exec-managerial,White,Husband,True,Private,1,0.0,0.0,10.299003329790624,0.8937728937728938
42,0.0,0.0,10,86185,40,Widowed,United-States,Exec-managerial,Amer-Indian-Eskimo,Not-in-family,False,Private,0,0.0,0.0,11.364263030468326,0.8937728937728938
32,0.0,0.0,9,282622,28,Divorced,United-States,?,White,Unmarried,False,?,0,0.0,0.0,12.551869133040416,0.8937728937728938
40,0.0,0.0,9,227236,50,Married-civ-spouse,United-States,Sales,White,Husband,True,Private,0,0.0,0.0,12.333748804682843,0.8937728937728938
53,0.0,0.0,15,340723,40,Never-married,United-States,Prof-specialty,White,Not-in-family,False,Private,0,0.0,0.0,12.738828044373218,0.8937728937728938
40,0.0,0.0,9,137142,60,Married-civ-spouse,United-States,Sales,White,Husband,True,Private,0,0.0,0.0,11.82877945605483,0.8937728937728938
45,0.0,0.0,9,325390,40,Married-civ-spouse,United-States,Sales,White,Husband,True,Private,0,0.0,0.0,12.692782815117829,0.8937728937728938
40,15024.0,0.0,13,25005,99,Married-civ-spouse,United-States,Prof-specialty,White,Husband,True,Private,1,9.617470759403409,0.0,10.126871075054945,0.8937728937728938
18,0.0,0.0,10,437851,40,Never-married,United-States,?,White,Own-child,True,?,0,0.0,0.0,12.98963623271429,0.8937728937728938
56,0.0,0.0,10,187355,40,Divorced,United-States,Sales,White,Unmarried,False,Private,0,0.0,0.0,12.14076582932952,0.8937728937728938
19,0.0,0.0,9,375077,50,Never-married,United-States,Sales,White,Own-child,True,Private,0,0.0,0.0,12.834889283323546,0.8937728937728938
31,0.0,0.0,9,332379,40,Never-married,United-States,Machine-op-inspct,White,Not-in-family,True,Private,0,0.0,0.0,12.714034171681515,0.8937728937728938
65,0.0,0.0,3,90907,40,Married-civ-spouse,United-States,Other-service,Asian-Pac-Islander,Husband,True,Private,0,0.0,0.0,11.417603285093904,0.8937728937728938
65,0.0,0.0,5,144822,45,Married-civ-spouse,United-States,Craft-repair,White,Husband,True,Self-emp-not-inc,0,0.0,0.0,11.883267586099057,0.8937728937728938
25,0.0,1741.0,9,120268,40,Never-married,United-States,Sales,White,Own-child,True,Private,0,0.0,7.462789157412448,11.69748617964467,0.8937728937728938
39,0.0,0.0,13,103260,30,Married-civ-spouse,United-States,Craft-repair,White,Wife,False,Private,1,0.0,0.0,11.545015042678825,0.8937728937728938
39,0.0,0.0,8,261504,40,Divorced,United-States,Adm-clerical,White,Unmarried,False,Private,0,0.0,0.0,12.474208682763212,0.8937728937728938
65,0.0,0.0,10,180280,40,Married-civ-spouse,United-States,Exec-managerial,White,Wife,False,Private,0,0.0,0.0,12.102272023716203,0.8937728937728938
46,0.0,1902.0,3,147640,40,Married-civ-spouse,United-States,Transport-moving,Amer-Indian-Eskimo,Husband,True,Private,0,0.0,7.551186867296149,11.902538930353183,0.8937728937728938
27,0.0,0.0,10,413870,40,Never-married,United-States,Exec-managerial,Black,Own-child,True,State-gov,0,0.0,0.0,12.933309610048992,0.8937728937728938
39,0.0,0.0,13,286026,52,Married-civ-spouse,United-States,Craft-repair,White,Husband,True,Private,0,0.0,0.0,12.563841490940467,0.8937728937728938
42,0.0,0.0,13,91453,50,Divorced,United-States,Sales,White,Unmarried,False,Private,0,0.0,0.0,11.423591392610954,0.8937728937728938
34,3325.0,0.0,13,111843,40,Never-married,United-States,Adm-clerical,Black,Not-in-family,False,State-gov,0,8.109525659752872,0.0,11.624860322207184,0.8937728937728938
30,0.0,0.0,13,267281,50,Never-married,United-States,Prof-specialty,White,Not-in-family,True,Private,0,0.0,0.0,12.496059559792226,0.8937728937728938
17,0.0,0.0,7,193199,12,Never-married,__RARE__,Sales,White,Unmarried,False,Private,0,0.0,0.0,12.171481200760555,0.0
39,0.0,0.0,9,102865,40,Married-civ-spouse,United-States,Craft-repair,White,Husband,True,Private,0,0.0,0.0,11.541182449340686,0.8937728937728938
38,0.0,0.0,9,412296,28,Divorced,United-States,Craft-repair,White,Own-child,True,Private,0,0.0,0.0,12.929499242413366,0.8937728937728938
27,0.0,1721.0,10,212578,20,Never-married,United-States,Other-service,White,Own-child,True,Private,0,0.0,7.451241684987676,12.267068962965116,0.8937728937728938
32,0.0,1876.0,13,244147,50,Never-married,United-States,Prof-specialty,White,Not-in-family,True,Private,0,0.0,7.537430036586509,12.405529877770816,0.8937728937728938
56,0.0,0.0,9,160932,44,Married-civ-spouse,United-States,Transport-moving,White,Husband,True,Private,1,0.0,0.0,11.988743408284224,0.8937728937728938
50,0.0,0.0,9,249644,50,Married-civ-spouse,United-States,Exec-managerial,White,Husband,True,Self-emp-inc,1,0.0,0.0,12.427795187688936,0.8937728937728938
20,0.0,0.0,9,148509,40,Never-married,United-States,Other-service,White,Not-in-family,False,Private,0,0.0,0.0,11.908407575024992,0.8937728937728938
51,0.0,1980.0,9,378126,40,Divorced,United-States,Adm-clerical,White,Unmarried,False,Federal-gov,0,0.0,7.591357046698551,12.842985397009453,0.8937728937728938
19,1055.0,0.0,9,164339,70,Never-married,United-States,Handlers-cleaners,White,Own-child,True,Private,0,6.962243464266207,0.0,12.00969273148518,0.8937728937728938
50,0.0,0.0,11,62593,40,Married-civ-spouse,United-States,Farming-fishing,Asian-Pac-Islander,Husband,True,Private,1,0.0,0.0,11.04442470584924,0.8937728937728938
46,99999.0,0.0,13,198660,72,Married-civ-spouse,United-States,Sales,White,Husband,True,Self-emp-inc,1,11.512925464970229,0.0,12.199355133482642,0.8937728937728938
61,0.0,0.0,4,196773,30,Married-civ-spouse,United-States,Sales,White,Husband,True,Self-emp-not-inc,1,0.0,0.0,12.189811141051353,0.8937728937728938
50,15024.0,0.0,16,143822,40,Married-civ-spouse,United-States,Prof-specialty,White,Husband,True,State-gov,1,9.617470759403409,0.0,11.876338655846524,0.8937728937728938
20,0.0,0.0,10,317443,15,Never-married,United-States,Adm-clerical,Black,Own-child,False,Private,0,0.0,0.0,12.668056703805707,0.8937728937728938
26,0.0,1848.0,9,366219,60,Married-civ-spouse,United-States,Craft-repair,Black,Husband,True,Private,1,0.0,7.522400231387125,12.810989524695705,0.8937728937728938
41,0.0,0.0,13,43467,99,Divorced,United-States,Other-service,White,Not-in-family,False,Private,0,0.0,0.0,10.679780314182743,0.8937728937728938
52,0.0,1579.0,9,129893,30,Married-civ-spouse,United-States,?,Black,Husband,True,?,0,0.0,7.365180126021013,11.774474012215485,0.8937728937728938
56,0.0,0.0,13,181220,40,Married-civ-spouse,United-States,Sales,White,Husband,True,Private,1,0.0,0.0,12.107472559915555,0.8937728937728938
72,0.0,0.0,13,164724,28,Divorced,United-States,Sales,White,Unmarried,False,Private,0,0.0,0.0,12.01203269578202,0.8937728937728938
58,0.0,0.0,9,197665,45,Married-spouse-absent,United-States,Other-service,White,Unmarried,False,Self-emp-not-inc,0,0.0,0.0,12.194334016624783,0.8937728937728938
48,0.0,0.0,5,176239,40,Divorced,United-States,Other-service,White,Not-in-family,False,Private,0,0.0,0.0,12.079601981476225,0.8937728937728938
26,0.0,0.0,9,199143,50,Married-civ-spouse,United-States,Handlers-cleaners,White,Husband,True,Private,0,0.0,0.0,12.201783460111743,0.8937728937728938
54,0.0,0.0,6,135840,45,Married-civ-spouse,United-States,Protective-serv,White,Husband,True,Local-gov,0,0.0,0.0,11.819240363119963,0.8937728937728938
28,0.0,0.0,9,300915,60,Married-civ-spouse,United-States,Transport-moving,White,Husband,True,Private,0,0.0,0.0,12.614586435016356,0.8937728937728938
33,0.0,0.0,9,275632,40,Married-civ-spouse,United-States,Transport-moving,White,Husband,True,Private,0,0.0,0.0,12.526825549705343,0.8937728937728938
27,0.0,0.0,13,105830,60,Never-married,United-States,Prof-specialty,White,Not-in-family,False,Local-gov,0,0.0,0.0,11.569598761159636,0.8937728937728938
49,0.0,0.0,13,173584,50,Never-married,United-States,Prof-specialty,White,Not-in-family,False,Local-gov,0,0.0,0.0,12.06442267194526,0.8937728937728938
66,0.0,0.0,9,76212,50,Married-civ-spouse,United-States,Transport-moving,White,Husband,True,Self-emp-inc,1,0.0,0.0,11.241287330798126,0.8937728937728938
47,0.0,0.0,13,149700,36,Married-civ-spouse,United-States,?,White,Husband,True,?,1,0.0,0.0,11.916395250412128,0.8937728937728938
54,0.0,0.0,4,283281,50,Never-married,United-States,Craft-repair,Black,Not-in-family,True,Private,0,0.0,0.0,12.554198146913361,0.8937728937728938
25,0.0,0.0,10,212302,40,Separated,United-States,Adm-clerical,White,Unmarried,False,Private,0,0.0,0.0,12.26576977853828,0.8937728937728938
42,0.0,0.0,10,169980,50,Married-civ-spouse,United-States,Craft-repair,Black,Husband,True,Private,1,0.0,0.0,12.043441945080376,0.8937728937728938
33,0.0,0.0,9,143485,40,Married-civ-spouse,United-States,Handlers-cleaners,Black,Husband,True,Private,0,0.0,0.0,11.873992748446822,0.8937728937728938
26,0.0,0.0,10,173992,45,Married-civ-spouse,United-States,Craft-repair,White,Husband,True,Private,1,0.0,0.0,12.066770347502365,0.8937728937728938
27,0.0,0.0,13,31493,30,Married-civ-spouse,United-States,Tech-support,White,Husband,True,Private,0,0.0,0.0,10.357552330480354,0.8937728937728938
37,0.0,0.0,9,150566,44,Separated,United-States,Craft-repair,White,Not-in-family,True,State-gov,0,0.0,0.0,11.922163446830892,0.8937728937728938
23,0.0,0.0,9,73514,40,Never-married,__RARE__,Adm-clerical,Asian-Pac-Islander,Own-child,False,Private,0,0.0,0.0,11.205244746011758,0.0
45,0.0,0.0,10,112305,40,Divorced,United-States,Other-service,Black,Unmarried,False,Private,0,0.0,0.0,11.628982567616301,0.8937728937728938
39,0.0,0.0,9,148015,52,Never-married,United-States,Machine-op-inspct,Black,Not-in-family,False,Private,0,0.0,0.0,11.9050756550111,0.8937728937728938
22,0.0,0.0,9,244773,15,Never-married,United-States,Sales,Black,Own-child,False,Private,0,0.0,0.0,12.40809061482939,0.8937728937728938
63,0.0,2205.0,9,234083,40,Divorced,United-States,?,White,Not-in-family,False,?,0,0.0,7.698936199813447,12.363435304282932,0.8937728937728938
39,0.0,0.0,13,123983,40,Divorced,__RARE__,Sales,Asian-Pac-Islander,Not-in-family,True,Private,0,0.0,0.0,11.727907804003731,0.0
38,0.0,0.0,13,140854,50,Married-civ-spouse,United-States,Craft-repair,White,Husband,True,Self-emp-inc,1,0.0,0.0,11.855486271431996,0.8937728937728938
32,0.0,0.0,9,26803,50,Married-civ-spouse,United-States,Exec-managerial,White,Husband,True,Private,1,0.0,0.0,10.196306409093062,0.8937728937728938
24,0.0,0.0,9,412156,40,Married-civ-spouse,Mexico,?,White,Wife,False,?,0,0.0,0.0,12.929159623704873,0.02197802197802198
45,0.0,0.0,9,54098,45,Married-civ-spouse,United-States,Exec-managerial,White,Husband,True,Private,1,0.0,0.0,10.898570980375382,0.8937728937728938
46,0.0,0.0,10,166269,50,Divorced,United-States,Sales,White,Unmarried,True,Private,0,0.0,0.0,12.021368252034424,0.8937728937728938
40,0.0,0.0,12,438427,55,Separated,United-States,?,Black,Unmarried,False,?,0,0.0,0.0,12.990950881189569,0.8937728937728938
28,0.0,0.0,9,51672,35,Never-married,United-States,Craft-repair,White,Not-in-family,True,Private,0,0.0,0.0,10.852690680366042,0.8937728937728938
40,0.0,0.0,9,199031,40,Married-civ-spouse,Mexico,Machine-op-inspct,White,Husband,True,Private,0,0.0,0.0,12.20122089479915,0.02197802197802198
30,0.0,1902.0,13,167309,40,Married-civ-spouse,United-States,Adm-clerical,White,Husband,True,Private,1,0.0,7.551186867296149,12.027603658051708,0.8937728937728938
34,0.0,0.0,13,114185,50,Divorced,?,Transport-moving,White,Not-in-family,True,Self-emp-not-inc,0,0.0,0.0,11.645583976745082,0.0115995115995116
29,0.0,0.0,9,198997,20,Married-civ-spouse,United-States,Adm-clerical,White,Wife,False,Private,0,0.0,0.0,12.201050053404868,0.8937728937728938
20,0.0,0.0,10,49179,35,Never-married,United-States,Prof-specialty,White,Not-in-family,True,Private,0,0.0,0.0,10.803242315770184,0.8937728937728938
59,0.0,0.0,11,141326,50,Divorced,United-States,Prof-specialty,White,Not-in-family,True,Self-emp-inc,1,0.0,0.0,11.858831633221174,0.8937728937728938
20,0.0,0.0,10,181370,40,Never-married,United-States,Other-service,Black,Own-child,True,Private,0,0.0,0.0,12.10829993618727,0.8937728937728938
33,0.0,0.0,9,223046,40,Never-married,United-States,Craft-repair,White,Not-in-family,True,Self-emp-not-inc,0,0.0,0.0,12.315137790566835,0.8937728937728938
19,0.0,0.0,9,61855,30,Never-married,United-States,?,White,Other-relative,False,?,0,0.0,0.0,11.032564382008058,0.8937728937728938
43,0.0,0.0,7,188331,40,Separated,United-States,Sales,White,Unmarried,False,Private,0,0.0,0.0,12.14596164178939,0.8937728937728938
59,0.0,0.0,13,227856,37,Married-civ-spouse,United-States,Sales,White,Husband,True,Private,1,0.0,0.0,12.336473518186324,0.8937728937728938
32,0.0,0.0,12,247481,48,Married-civ-spouse,United-States,Prof-specialty,White,Husband,True,State-gov,1,0.0,0.0,12.419093131073398,0.8937728937728938
38,0.0,0.0,9,107303,40,Married-civ-spouse,United-States,Craft-repair,White,Husband,True,Private,0,0.0,0.0,11.583421206581926,0.8937728937728938
19,0.0,0.0,10,86860,15,Never-married,United-States,Exec-managerial,White,Own-child,True,Private,0,0.0,0.0,11.372064418801726,0.8937728937728938
41,0.0,0.0,9,421871,40,Married-civ-spouse,United-States,Craft-repair,Black,Husband,True,Private,1,0.0,0.0,12.952457229472536,0.8937728937728938
18,0.0,0.0,9,92112,30,Never-married,United-States,Other-service,White,Own-child,False,Private,0,0.0,0.0,11.430771363205453,0.8937728937728938
19,0.0,0.0,9,39026,30,Never-married,United-States,Other-service,White,Not-in-family,True,Private,0,0.0,0.0,10.57200899326967,0.8937728937728938
35,0.0,1887.0,13,269323,40,Married-civ-spouse,United-States,Tech-support,White,Husband,True,Private,1,0.0,7.543273346705446,12.503670394769332,0.8937728937728938
58,4787.0,0.0,13,244830,40,Separated,United-States,Prof-specialty,White,Not-in-family,True,Federal-gov,1,8.473868066677865,0.0,12.40832345558983,0.8937728937728938
36,0.0,0.0,6,373952,40,Married-civ-spouse,United-States,Machine-op-inspct,White,Husband,True,Private,0,0.0,0.0,12.83188540005053,0.8937728937728938
25,27828.0,0.0,11,169905,40,Never-married,United-States,Sales,White,Not-in-family,True,Private,1,10.233833921427351,0.0,12.043000621927579,0.8937728937728938
67,0.0,0.0,6,112318,40,Married-civ-spouse,United-States,Craft-repair,White,Husband,True,Self-emp-inc,0,0.0,0.0,11.629098316086102,0.8937728937728938
17,0.0,0.0,6,75333,24,Never-married,United-States,Sales,Black,Own-child,False,Private,0,0.0,0.0,11.229686839104678,0.8937728937728938
45,0.0,0.0,12,282172,40,Never-married,United-States,Exec-managerial,White,Not-in-family,False,Private,0,0.0,0.0,12.550275636998585,0.8937728937728938
43,0.0,0.0,10,316820,84,Married-civ-spouse,United-States,Farming-fishing,White,Husband,True,Self-emp-not-inc,0,0.0,0.0,12.66609222460425,0.8937728937728938
39,0.0,0.0,12,257597,42,Married-civ-spouse,United-States,Tech-support,White,Husband,True,Private,0,0.0,0.0,12.45915550920704,0.8937728937728938
47,0.0,0.0,9,138342,50,Married-civ-spouse,United-States,Craft-repair,White,Husband,True,Private,0,0.0,0.0,11.837491387621338,0.8937728937728938
37,2174.0,0.0,10,177858,40,Never-married,United-States,Exec-managerial,White,Not-in-family,True,Private,0,7.684783943522785,0.0,12.088746380538185,0.8937728937728938
65,0.0,0.0,9,179985,40,Divorced,United-States,Adm-clerical,White,Not-in-family,False,Federal-gov,0,0.0,0.0,12.100634349069722,0.8937728937728938
23,0.0,0.0,4,287681,25,Never-married,Mexico,Other-service,White,Not-in-family,True,Private,0,0.0,0.0,12.569610982410303,0.02197802197802198
34,0.0,0.0,15,108247,55,Married-civ-spouse,United-States,Prof-specialty,White,Husband,True,Self-emp-not-inc,1,0.0,0.0,11.59218016994348,0.8937728937728938
20,0.0,0.0,10,170091,10,Never-married,United-States,Adm-clerical,White,Own-child,False,Private,0,0.0,0.0,12.04409474611981,0.8937728937728938
43,0.0,0.0,9,211450,40,Never-married,United-States,Adm-clerical,White,Own-child,True,Federal-gov,0,0.0,0.0,12.261748572139865,0.8937728937728938
48,0.0,0.0,13,204629,40,Married-civ-spouse,United-States,Prof-specialty,White,Husband,True,Private,1,0.0,0.0,12.228958749316874,0.8937728937728938
38,0.0,0.0,10,307404,40,Divorced,United-States,Adm-clerical,White,Unmarried,False,Federal-gov,0,0.0,0.0,12.63592137540653,0.8937728937728938
31,0.0,0.0,13,179186,90,Married-civ-spouse,United-States,Sales,Black,Husband,True,Private,1,0.0,0.0,12.09618523224862,0.8937728937728938
45,0.0,0.0,9,123844,60,Divorced,United-States,Other-service,White,Own-child,False,Private,0,0.0,0.0,11.726786062685521,0.8937728937728938
45,0.0,0.0,13,139268,60,Married-civ-spouse,United-States,Sales,White,Husband,True,Self-emp-inc,1,0.0,0.0,11.844162593724095,0.8937728937728938
33,0.0,0.0,9,336061,50,Married-civ-spouse,United-States,Exec-managerial,White,Husband,True,Private,0,0.0,0.0,12.725050945732441,0.8937728937728938
24,0.0,0.0,11,218215,20,Never-married,United-States,Adm-clerical,White,Own-child,False,Private,0,0.0,0.0,12.293240676915529,0.8937728937728938
36,0.0,0.0,10,176101,40,Married-civ-spouse,United-States,Handlers-cleaners,White,Husband,True,Private,0,0.0,0.0,12.078818651603223,0.8937728937728938
21,0.0,0.0,10,349365,15,Never-married,United-States,Adm-clerical,White,Own-child,False,Private,0,0.0,0.0,12.763875362273474,0.8937728937728938
19,0.0,0.0,10,98283,32,Never-married,United-States,?,Asian-Pac-Islander,Own-child,True,?,0,0.0,0.0,11.495616525847591,0.8937728937728938
35,0.0,0.0,9,140752,25,Never-married,United-States,Sales,White,Not-in-family,True,Private,0,0.0,0.0,11.854761860162,0.8937728937728938
28,0.0,0.0,9,239753,40,Never-married,United-States,Other-service,White,Not-in-family,False,Private,0,0.0,0.0,12.387368676652388,0.8937728937728938
66,0.0,0.0,9,252842,20,Never-married,United-States,Farming-fishing,White,Other-relative,True,Self-emp-not-inc,0,0.0,0.0,12.440524021727045,0.8937728937728938
28,0.0,0.0,9,128055,60,Married-civ-spouse,United-States,Craft-repair,White,Husband,True,Private,0,0.0,0.0,11.760222947226534,0.8937728937728938
28,0.0,0.0,9,200733,40,Married-civ-spouse,United-States,Craft-repair,White,Husband,True,Private,0,0.0,0.0,12.209735927511908,0.8937728937728938
68,0.0,2377.0,14,202699,42,Married-civ-spouse,?,Prof-specialty,White,Husband,True,State-gov,1,0.0,7.774015077250727,12.21948233244009,0.0115995115995116
52,0.0,0.0,11,400004,40,Married-civ-spouse,United-States,Exec-managerial,White,Husband,True,Private,1,0.0,0.0,12.899232326011994,0.8937728937728938
60,10520.0,0.0,9,404023,40,Divorced,United-States,Exec-managerial,White,Not-in-family,True,Federal-gov,1,9.261128538808288,0.0,12.909229561119417,0.8937728937728938
64,0.0,0.0,12,180624,30,Never-married,United-States,Prof-specialty,White,Other-relative,False,Private,0,0.0,0.0,12.104178337848834,0.8937728937728938
39,0.0,0.0,13,189623,60,Divorced,United-States,Sales,White,Unmarried,True,Private,0,0.0,0.0,12.15279844307068,0.8937728937728938
36,0.0,0.0,10,292380,10,Married-civ-spouse,United-States,Exec-managerial,Black,Husband,True,Private,0,0.0,0.0,12.585813025266338,0.8937728937728938
23,0.0,0.0,13,87528,45,Never-married,United-States,Sales,White,Not-in-family,False,Private,0,0.0,0.0,11.379725446006818,0.8937728937728938
36,0.0,0.0,9,225330,40,Divorced,United-States,Other-service,White,Unmarried,False,Private,0,0.0,0.0,12.325325711273791,0.8937728937728938
24,0.0,0.0,9,102323,40,Never-married,United-States,Machine-op-inspct,White,Own-child,True,Private,0,0.0,0.0,11.53589952853005,0.8937728937728938
29,0.0,0.0,13,59932,40,Never-married,United-States,Prof-specialty,White,Not-in-family,False,Federal-gov,0,0.0,0.0,11.000982550600819,0.8937728937728938
63,0.0,0.0,9,287277,40,Divorced,United-States,Protective-serv,White,Not-in-family,True,Private,0,0.0,0.0,12.568205667026664,0.8937728937728938
59,0.0,0.0,9,172667,40,Married-civ-spouse,United-States,Transport-moving,White,Husband,True,Private,0,0.0,0.0,12.059125954551417,0.8937728937728938
58,0.0,0.0,13,290670,55,Married-civ-spouse,United-States,Exec-managerial,White,Husband,True,Self-emp-not-inc,1,0.0,0.0,12.57994732236876,0.8937728937728938
32,0.0,0.0,11,257978,40,Widowed,United-States,Tech-support,Black,Unmarried,False,Private,0,0.0,0.0,12.460633465242136,0.8937728937728938
28,0.0,0.0,5,154863,40,Married-civ-spouse,__RARE__,Craft-repair,Black,Husband,True,Local-gov,1,0.0,0.0,11.95030259138887,0.0
51,0.0,0.0,12,124963,45,Married-civ-spouse,United-States,Sales,White,Husband,True,Without-pay,0,0.0,0.0,11.735780974804474,0.8937728937728938
43,0.0,0.0,3,255635,40,Married-civ-spouse,Mexico,Machine-op-inspct,__RARE__,Husband,True,Private,0,0.0,0.0,12.451509836638204,0.02197802197802198
33,0.0,0.0,9,260560,40,Married-civ-spouse,United-States,Machine-op-inspct,White,Husband,True,Private,0,0.0,0.0,12.470592277830377,0.8937728937728938
32,0.0,0.0,10,329993,50,Married-civ-spouse,United-States,Transport-moving,White,Husband,True,Private,0,0.0,0.0,12.706829751459189,0.8937728937728938
60,0.0,0.0,12,114413,30,Married-civ-spouse,United-States,Sales,White,Husband,True,Private,0,0.0,0.0,11.647578728062681,0.8937728937728938
56,0.0,0.0,13,97213,60,Never-married,United-States,Adm-clerical,White,Not-in-family,False,Federal-gov,0,0.0,0.0,11.484670012998595,0.8937728937728938
34,0.0,0.0,10,193344,40,Never-married,__RARE__,Adm-clerical,White,Unmarried,False,Private,0,0.0,0.0,12.172231436861402,0.0
38,0.0,0.0,11,359001,42,Married-civ-spouse,United-States,Prof-specialty,White,Husband,True,Private,0,0.0,0.0,12.79108323848554,0.8937728937728938
23,0.0,0.0,11,140764,15,Never-married,United-States,Other-service,White,Own-child,False,Private,0,0.0,0.0,11.854847112259609,0.8937728937728938
68,0.0,0.0,14,99106,20,Divorced,United-States,Prof-specialty,White,Not-in-family,False,State-gov,0,0.0,0.0,11.503955353544988,0.8937728937728938
18,0.0,0.0,7,318190,15,Never-married,United-States,Other-service,White,Own-child,True,Private,0,0.0,0.0,12.67040711038777,0.8937728937728938
35,0.0,0.0,9,214816,36,Married-civ-spouse,United-States,Adm-clerical,White,Husband,True,Private,0,0.0,0.0,12.277541781874373,0.8937728937728938
31,0.0,0.0,9,118966,18,Never-married,United-States,Craft-repair,White,Own-child,True,Private,0,0.0,0.0,11.686601422711512,0.8937728937728938
46,0.0,0.0,14,110110,65,Married-civ-spouse,United-States,Prof-specialty,White,Wife,False,Local-gov,1,0.0,0.0,11.609244226893662,0.8937728937728938
33,0.0,0.0,7,286675,40,Married-civ-spouse,United-States,Craft-repair,White,Husband,True,Private,0,0.0,0.0,12.566107937171111,0.8937728937728938
20,0.0,0.0,10,109952,25,Never-married,United-States,Handlers-cleaners,White,Own-child,True,Private,0,0.0,0.0,11.60780828074028,0.8937728937728938
29,0.0,0.0,7,121523,60,Married-civ-spouse,United-States,Transport-moving,White,Husband,True,Private,0,0.0,0.0,11.707867053120285,0.8937728937728938
50,7688.0,0.0,10,196307,40,Married-civ-spouse,United-States,Craft-repair,White,Husband,True,Local-gov,1,8.94754601503218,0.0,12.187440133382172,0.8937728937728938
45,0.0,0.0,14,195418,40,Divorced,United-States,Prof-specialty,Black,Not-in-family,True,Local-gov,0,0.0,0.0,12.18290125030174,0.8937728937728938
41,0.0,0.0,11,43556,40,Divorced,United-States,Tech-support,White,Not-in-family,False,Private,0,0.0,0.0,10.681825704151798,0.8937728937728938
58,0.0,0.0,10,204816,60,Married-civ-spouse,United-States,Exec-managerial,White,Husband,True,Self-emp-not-inc,1,0.0,0.0,12.229872176515032,0.8937728937728938
35,0.0,0.0,12,33975,40,Married-civ-spouse,United-States,Craft-repair,White,Husband,True,Private,0,0.0,0.0,10.433409671993108,0.8937728937728938
32,0.0,0.0,9,245378,60,Married-civ-spouse,United-States,Sales,White,Husband,True,Private,0,0.0,0.0,12.410559233025108,0.8937728937728938
33,0.0,0.0,9,154227,50,Married-civ-spouse,United-States,Sales,White,Husband,True,Self-emp-inc,1,0.0,0.0,11.946187305987856,0.8937728937728938
40,0.0,0.0,13,167678,40,Married-civ-spouse,__RARE__,Craft-repair,White,Husband,True,Self-emp-not-inc,1,0.0,0.0,12.029806716356573,0.0
44,0.0,0.0,6,111483,50,Never-married,United-States,Craft-repair,White,Own-child,True,Self-emp-not-inc,0,0.0,0.0,11.621636361827674,0.8937728937728938
20,0.0,0.0,9,24274,35,Never-married,United-States,Other-service,Amer-Indian-Eskimo,Unmarried,False,Private,0,0.0,0.0,10.097202293159526,0.8937728937728938
30,0.0,0.0,9,154587,40,Never-married,__RARE__,Other-service,White,Not-in-family,True,Private,0,0.0,0.0,11.948518792459248,0.0
42,0.0,0.0,16,162003,36,Never-married,United-States,Prof-specialty,White,Not-in-family,True,Private,1,0.0,0.0,11.995376305267719,0.8937728937728938
23,0.0,0.0,13,154373,50,Never-married,United-States,?,White,Not-in-family,False,?,0,0.0,0.0,11.947133508610605,0.8937728937728938
26,0.0,0.0,10,154966,50,Married-civ-spouse,United-States,Sales,White,Husband,True,Private,1,0.0,0.0,11.950967470008468,0.8937728937728938
25,0.0,0.0,12,397317,40,Never-married,United-States,Prof-specialty,White,Not-in-family,False,Private,0,0.0,0.0,12.89249224659066,0.8937728937728938
20,0.0,0.0,10,358783,35,Never-married,United-States,?,White,Own-child,False,?,0,0.0,0.0,12.790475815084406,0.8937728937728938
46,0.0,0.0,12,165484,44,Married-civ-spouse,United-States,Exec-managerial,White,Husband,True,Local-gov,1,0.0,0.0,12.016635835250618,0.8937728937728938
24,0.0,0.0,13,198259,40,Never-married,United-States,Exec-managerial,White,Own-child,False,Private,0,0.0,0.0,12.197334579586888,0.8937728937728938
35,0.0,0.0,9,219902,48,Separated,United-States,Transport-moving,Black,Unmarried,False,Private,0,0.0,0.0,12.300941819014596,0.8937728937728938
24,0.0,0.0,9,151818,35,Never-married,United-States,Craft-repair,White,Not-in-family,True,Self-emp-not-inc,0,0.0,0.0,11.930444300801602,0.8937728937728938
48,7298.0,0.0,9,493862,38,Married-civ-spouse,United-States,Exec-managerial,Black,Husband,True,Local-gov,1,8.895492631451633,0.0,13.110013429772334,0.8937728937728938
40,0.0,0.0,9,235786,40,Separated,United-States,Craft-repair,White,Not-in-family,True,Private,0,0.0,0.0,12.370684134098267,0.8937728937728938
40,0.0,0.0,7,98466,50,Married-civ-spouse,United-States,Craft-repair,White,Husband,True,Private,0,0.0,0.0,11.49747674564593,0.8937728937728938
44,0.0,1977.0,13,340885,40,Married-civ-spouse,United-States,Machine-op-inspct,White,Husband,True,Private,1,0.0,7.589841512182657,12.739303389520884,0.8937728937728938
36,0.0,0.0,10,41017,52,Married-civ-spouse,United-States,Exec-managerial,White,Husband,True,Private,1,0.0,0.0,10.621766273733678,0.8937728937728938
21,0.0,0.0,6,766115,35,Married-civ-spouse,United-States,Handlers-cleaners,White,Husband,True,Private,0,0.0,0.0,13.549088873288781,0.8937728937728938
34,0.0,0.0,10,337587,50,Married-civ-spouse,United-States,Prof-specialty,White,Husband,True,Private,1,0.0,0.0,12.729581496048503,0.8937728937728938
25,0.0,0.0,9,169905,40,Never-married,United-States,Craft-repair,White,Own-child,True,Private,0,0.0,0.0,12.043000621927579,0.8937728937728938
67,0.0,0.0,9,231604,40,Never-married,United-States,Adm-clerical,White,Not-in-family,True,Federal-gov,1,0.0,0.0,12.352788613394399,0.8937728937728938
59,0.0,0.0,9,172071,38,Married-civ-spouse,__RARE__,Prof-specialty,Black,Wife,False,Private,0,0.0,0.0,12.055668272856268,0.0
37,7688.0,0.0,9,112158,99,Married-civ-spouse,United-States,Craft-repair,White,Husband,True,Private,1,8.94754601503218,0.0,11.627672786394148,0.8937728937728938
19,0.0,0.0,10,194905,12,Never-married,United-States,Other-service,White,Own-child,False,Private,0,0.0,0.0,12.180272670039761,0.8937728937728938
39,0.0,0.0,9,183892,40,Married-civ-spouse,United-States,Machine-op-inspct,White,Husband,True,Private,0,0.0,0.0,12.122109345702647,0.8937728937728938
49,0.0,0.0,9,157272,50,Separated,United-States,Sales,White,Unmarried,True,Private,0,0.0,0.0,11.965738427778135,0.8937728937728938
42,0.0,0.0,14,211450,45,Never-married,United-States,Exec-managerial,White,Not-in-family,True,Private,1,0.0,0.0,12.261748572139865,0.8937728937728938
54,0.0,0.0,10,113649,40,Married-civ-spouse,United-States,Exec-managerial,White,Husband,True,Local-gov,0,0.0,0.0,11.64087882928069,0.8937728937728938
18,2176.0,0.0,9,376647,25,Never-married,United-States,Handlers-cleaners,White,Own-child,True,Private,0,7.685703061234547,0.0,12.839066343270275,0.8937728937728938
44,0.0,0.0,9,199191,30,Married-civ-spouse,United-States,Adm-clerical,White,Wife,False,Private,0,0.0,0.0,12.202024462683605,0.8937728937728938
40,0.0,0.0,13,118853,60,Married-civ-spouse,United-States,Exec-managerial,White,Husband,True,Private,0,0.0,0.0,11.685651128090736,0.8937728937728938
33,15024.0,0.0,14,219619,40,Married-civ-spouse,United-States,Prof-specialty,White,Husband,True,Private,1,9.617470759403409,0.0,12.299654059151704,0.8937728937728938
24,0.0,0.0,9,200207,40,Never-married,United-States,Handlers-cleaners,White,Not-in-family,True,Private,0,0.0,0.0,12.207112105104835,0.8937728937728938
34,0.0,0.0,9,167063,40,Never-married,United-States,Protective-serv,White,Own-child,True,Local-gov,0,0.0,0.0,12.026132251516612,0.8937728937728938
69,0.0,0.0,2,113035,4,Widowed,United-States,__RARE__,Black,Not-in-family,False,Private,0,0.0,0.0,11.635461631028145,0.8937728937728938
42,0.0,0.0,16,116632,45,Married-civ-spouse,United-States,Prof-specialty,White,Husband,True,Private,1,0.0,0.0,11.666787531724168,0.8937728937728938
20,0.0,0.0,9,175808,40,Never-married,United-States,Craft-repair,White,Own-child,True,Private,0,0.0,0.0,12.077153457462067,0.8937728937728938
25,0.0,0.0,9,285367,50,Divorced,United-States,Other-service,White,Not-in-family,True,Private,0,0.0,0.0,12.561534854402913,0.8937728937728938
40,0.0,0.0,9,191544,35,Never-married,United-States,Other-service,White,Not-in-family,False,Private,0,0.0,0.0,12.1628780469429,0.8937728937728938
35,0.0,0.0,9,476573,4,Never-married,United-States,?,White,Not-in-family,False,?,0,0.0,0.0,13.074378289074359,0.8937728937728938
33,0.0,0.0,9,23871,30,Divorced,United-States,Other-service,White,Unmarried,False,Private,0,0.0,0.0,10.080461503003487,0.8937728937728938
19,0.0,0.0,10,149528,12,Never-married,United-States,Farming-fishing,White,Own-child,True,State-gov,0,0.0,0.0,11.915245632934313,0.8937728937728938
55,0.0,0.0,10,342121,40,Married-civ-spouse,United-States,Tech-support,White,Husband,True,Private,0,0.0,0.0,12.742922677579653,0.8937728937728938
61,0.0,0.0,9,201965,40,Married-civ-spouse,United-States,Exec-managerial,White,Husband,True,Self-emp-not-inc,0,0.0,0.0,12.215854645384791,0.8937728937728938
34,0.0,0.0,13,244147,40,Married-civ-spouse,?,Prof-specialty,White,Husband,True,Private,1,0.0,0.0,12.405529877770816,0.0115995115995116
25,0.0,0.0,13,193511,35,Never-married,__RARE__,?,White,Own-child,False,?,0,0.0,0.0,12.173094805032967,0.0
22,0.0,1590.0,9,21154,32,Never-married,United-States,Other-service,White,Not-in-family,False,Private,0,0.0,7.372118028337787,9.959631563154169,0.8937728937728938
57,0.0,0.0,9,217886,36,Widowed,United-States,Adm-clerical,White,Not-in-family,False,Private,0,0.0,0.0,12.291731858758283,0.8937728937728938
35,0.0,0.0,9,197365,40,Married-civ-spouse,United-States,Farming-fishing,White,Husband,True,Private,0,0.0,0.0,12.19281515203825,0.8937728937728938
29,0.0,0.0,9,113464,40,Never-married,__RARE__,Transport-moving,__RARE__,Other-relative,True,Private,0,0.0,0.0,11.639249698303722,0.0
21,0.0,0.0,9,185357,50,Never-married,United-States,Adm-clerical,White,Not-in-family,True,Private,0,0.0,0.0,12.130044369233632,0.8937728937728938
43,0.0,0.0,6,361280,42,Married-civ-spouse,__RARE__,Craft-repair,Asian-Pac-Islander,Husband,True,Private,0,0.0,0.0,12.79741132787583,0.0
54,0.0,0.0,9,139127,40,Divorced,United-States,Other-service,White,Not-in-family,False,Private,0,0.0,0.0,11.843149651687678,0.8937728937728938
56,3103.0,0.0,9,176118,40,Married-civ-spouse,United-States,Craft-repair,White,Husband,True,Private,1,8.04044688130311,0.0,12.078915181906716,0.8937728937728938
44,0.0,0.0,6,240043,30,Married-spouse-absent,United-States,Adm-clerical,Black,Unmarried,False,Private,0,0.0,0.0,12.38857751885396,0.8937728937728938
27,0.0,0.0,13,192936,40,Never-married,United-States,Prof-specialty,White,Not-in-family,False,Private,0,0.0,0.0,12.170118989728362,0.8937728937728938
40,0.0,0.0,13,199018,40,Married-civ-spouse,United-States,Adm-clerical,White,Husband,True,Private,1,0.0,0.0,12.20115557653589,0.8937728937728938
46,0.0,1902.0,14,138107,60,Married-civ-spouse,United-States,Exec-managerial,White,Husband,True,Local-gov,1,0.0,7.551186867296149,11.835791266756491,0.8937728937728938
50,0.0,0.0,13,251585,55,Divorced,United-States,Exec-managerial,White,Not-in-family,True,Federal-gov,1,0.0,0.0,12.435540158381071,0.8937728937728938
58,7688.0,0.0,10,289364,45,Married-civ-spouse,United-States,Exec-managerial,White,Husband,True,Private,1,8.94754601503218,0.0,12.5754441459901,0.8937728937728938
42,0.0,0.0,12,45363,50,Married-civ-spouse,United-States,Prof-specialty,White,Husband,True,Private,0,0.0,0.0,10.72247411793522,0.8937728937728938
58,0.0,0.0,2,227800,50,Separated,United-States,Farming-fishing,Black,Not-in-family,True,Private,0,0.0,0.0,12.336227719801212,0.8937728937728938
58,0.0,0.0,7,32521,20,Married-spouse-absent,United-States,?,White,Not-in-family,False,?,0,0.0,0.0,10.389672062385667,0.8937728937728938
24,0.0,0.0,10,373718,20,Never-married,United-States,Farming-fishing,White,Not-in-family,True,Private,0,0.0,0.0,12.831259457103247,0.8937728937728938
20,0.0,0.0,10,64292,50,Never-married,United-States,Sales,White,Not-in-family,False,Private,0,0.0,0.0,11.071206039602785,0.8937728937728938
35,0.0,0.0,13,99156,50,Never-married,United-States,Sales,White,Not-in-family,True,Private,0,0.0,0.0,11.504459731556729,0.8937728937728938
29,0.0,0.0,13,116372,50,Never-married,United-States,Sales,White,Not-in-family,False,Private,1,0.0,0.0,11.664555828609993,0.8937728937728938
55,0.0,0.0,9,174353,35,Married-civ-spouse,United-States,Transport-moving,White,Husband,True,Private,0,0.0,0.0,12.068842994197952,0.8937728937728938
39,0.0,0.0,10,46028,60,Divorced,United-States,Other-service,White,Unmarried,False,Private,0,0.0,0.0,10.737026911613315,0.8937728937728938
52,0.0,0.0,12,65624,40,Never-married,United-States,Machine-op-inspct,Asian-Pac-Islander,Own-child,True,Private,0,0.0,0.0,11.091711999893924,0.8937728937728938
27,0.0,0.0,14,124680,40,Never-married,United-States,Prof-specialty,White,Not-in-family,False,Local-gov,0,0.0,0.0,11.733513754381672,0.8937728937728938
53,4386.0,0.0,11,151580,40,Married-civ-spouse,United-States,Prof-specialty,White,Husband,True,State-gov,1,8.386400901166214,0.0,11.928875414520668,0.8937728937728938
31,0.0,0.0,9,147654,40,Never-married,United-States,Exec-managerial,White,Own-child,True,Private,0,0.0,0.0,11.902633750465954,0.8937728937728938
33,2105.0,0.0,9,365908,40,Married-civ-spouse,United-States,Other-service,Black,Husband,True,Local-gov,0,7.652545692693921,0.0,12.810139947589194,0.8937728937728938
54,0.0,0.0,9,174319,40,Divorced,United-States,Transport-moving,White,Not-in-family,True,Private,0,0.0,0.0,12.068647969618501,0.8937728937728938
39,0.0,0.0,9,189344,40,Married-civ-spouse,Mexico,Machine-op-inspct,White,Husband,True,Private,0,0.0,0.0,12.151326026855072,0.02197802197802198
20,0.0,0.0,9,38455,40,Never-married,United-States,?,White,Unmarried,True,?,0,0.0,0.0,10.557270009573797,0.8937728937728938
67,10605.0,0.0,10,279980,10,Married-civ-spouse,United-States,Transport-moving,White,Husband,True,Private,1,9.269175157697076,0.0,12.54247702270613,0.8937728937728938
39,5013.0,0.0,9,196673,40,Married-civ-spouse,United-States,Other-service,White,Wife,False,Private,0,8.519989278718239,0.0,12.1893028146542,0.8937728937728938
46,3103.0,0.0,9,145636,50,Married-civ-spouse,United-States,Exec-managerial,White,Husband,True,Private,1,8.04044688130311,0.0,11.888872503340602,0.8937728937728938
66,20051.0,0.0,16,174486,35,Married-civ-spouse,__RARE__,Prof-specialty,Black,Husband,True,Local-gov,1,9.906084178383393,0.0,12.069605519282128,0.0
38,0.0,0.0,13,272476,24,Married-civ-spouse,United-States,Prof-specialty,White,Wife,False,Private,1,0.0,0.0,12.515309485853521,0.8937728937728938
26,0.0,0.0,9,58371,40,Never-married,United-States,Adm-clerical,White,Own-child,True,Private,0,0.0,0.0,10.974591601787637,0.8937728937728938
44,0.0,0.0,14,222011,25,Divorced,United-States,Prof-specialty,White,Unmarried,False,Private,1,0.0,0.0,12.310486713447602,0.8937728937728938
21,0.0,0.0,10,212661,30,Never-married,United-States,?,White,Own-child,False,?,0,0.0,0.0,12.267459329844385,0.8937728937728938
20,0.0,0.0,10,333838,35,Never-married,United-States,Adm-clerical,White,Own-child,True,Private,0,0.0,0.0,12.718414119814026,0.8937728937728938
49,0.0,0.0,13,368355,43,Married-civ-spouse,United-States,Exec-managerial,White,Husband,True,Private,1,0.0,0.0,12.816805140834006,0.8937728937728938
34,0.0,0.0,9,202450,50,Married-civ-spouse,United-States,Craft-repair,White,Husband,True,Self-emp-inc,0,0.0,0.0,12.21825316093934,0.8937728937728938
51,0.0,0.0,13,122533,40,Married-civ-spouse,United-States,Exec-managerial,White,Husband,True,Private,1,0.0,0.0,11.716143821477168,0.8937728937728938
38,99999.0,0.0,14,227945,65,Married-civ-spouse,United-States,Prof-specialty,White,Husband,True,Private,1,11.512925464970229,0.0,12.336864037779794,0.8937728937728938
24,0.0,0.0,5,243923,10,Married-civ-spouse,Mexico,?,White,Husband,True,?,0,0.0,0.0,12.404611980346962,0.02197802197802198
39,0.0,0.0,9,210991,40,Married-civ-spouse,United-States,Craft-repair,White,Husband,True,Private,0,0.0,0.0,12.25957549704748,0.8937728937728938
61,0.0,0.0,9,171840,16,Widowed,United-States,Prof-specialty,White,Unmarried,False,Self-emp-not-inc,0,0.0,0.0,12.054324909652557,0.8937728937728938
18,0.0,0.0,7,106943,12,Never-married,United-States,Sales,White,Own-child,False,Private,0,0.0,0.0,11.580060611955066,0.8937728937728938
20,0.0,0.0,10,318865,40,Never-married,United-States,?,White,Not-in-family,True,?,0,0.0,0.0,12.672526230820008,0.8937728937728938
27,0.0,0.0,3,278736,40,Married-civ-spouse,Mexico,Craft-repair,White,Husband,True,Private,0,0.0,0.0,12.538023963897636,0.02197802197802198
43,0.0,0.0,9,478972,50,Married-civ-spouse,United-States,?,White,Husband,True,?,0,0.0,0.0,13.079399507372198,0.8937728937728938
42,0.0,0.0,13,188615,60,Married-civ-spouse,United-States,Sales,White,Husband,True,Self-emp-inc,1,0.0,0.0,12.147468481214121,0.8937728937728938
24,0.0,0.0,13,29591,40,Never-married,United-States,Prof-specialty,__RARE__,Not-in-family,False,Federal-gov,0,0.0,0.0,10.29525933351229,0.8937728937728938
66,0.0,0.0,9,48034,16,Married-civ-spouse,United-States,Transport-moving,White,Husband,True,Private,0,0.0,0.0,10.77968519084384,0.8937728937728938
40,0.0,0.0,16,36556,55,Married-civ-spouse,United-States,Prof-specialty,White,Husband,True,Private,0,0.0,0.0,10.506627965308457,0.8937728937728938
50,0.0,0.0,10,271160,40,Divorced,United-States,Sales,White,Not-in-family,False,Private,0,0.0,0.0,12.510468019397669,0.8937728937728938
46,7298.0,0.0,9,238648,40,Married-civ-spouse,United-States,Other-service,Black,Husband,True,State-gov,1,8.895492631451633,0.0,12.382749132188515,0.8937728937728938
39,0.0,0.0,14,183081,60,Never-married,United-States,Sales,White,Not-in-family,True,Self-emp-not-inc,1,0.0,0.0,12.117689418894058,0.8937728937728938
35,0.0,0.0,9,175769,65,Married-civ-spouse,United-States,Sales,White,Husband,True,Self-emp-inc,1,0.0,0.0,12.076931601206944,0.8937728937728938
35,0.0,0.0,9,23892,40,Divorced,United-States,Prof-specialty,White,Unmarried,False,Federal-gov,0,0.0,0.0,10.08134080799053,0.8937728937728938
24,0.0,0.0,13,322658,40,Never-married,United-States,Exec-managerial,White,Not-in-family,False,State-gov,0,0.0,0.0,12.684351316977745,0.8937728937728938
37,0.0,0.0,13,182148,39,Never-married,United-States,Other-service,White,Not-in-family,True,Private,0,0.0,0.0,12.112580312440855,0.8937728937728938
42,0.0,0.0,9,33155,45,Married-civ-spouse,United-States,Machine-op-inspct,White,Husband,True,Private,0,0.0,0.0,10.408978974711417,0.8937728937728938
52,0.0,0.0,2,190762,40,Married-civ-spouse,Mexico,Machine-op-inspct,White,Husband,True,Private,0,0.0,0.0,12.158787098855914,0.02197802197802198
27,0.0,0.0,14,209109,35,Never-married,United-States,Prof-specialty,White,Own-child,True,Local-gov,0,0.0,0.0,12.250615708280845,0.8937728937728938
40,0.0,0.0,9,225165,40,Married-civ-spouse,United-States,Exec-managerial,White,Husband,True,Self-emp-inc,0,0.0,0.0,12.324593186940097,0.8937728937728938
17,0.0,0.0,7,368700,10,Never-married,United-States,Farming-fishing,White,Own-child,True,Self-emp-not-inc,0,0.0,0.0,12.817741296450725,0.8937728937728938
30,5178.0,0.0,11,164190,52,Married-civ-spouse,United-States,Prof-specialty,White,Husband,True,Private,1,8.552367266423891,0.0,12.008785663292429,0.8937728937728938
32,0.0,0.0,13,288273,70,Married-civ-spouse,Mexico,Craft-repair,White,Husband,True,Private,0,0.0,0.0,12.571666695723405,0.02197802197802198
52,0.0,0.0,14,63004,40,Married-civ-spouse,__RARE__,Exec-managerial,Asian-Pac-Islander,Husband,True,Self-emp-not-inc,0,0.0,0.0,11.050969367303793,0.0
32,0.0,0.0,7,137367,40,Never-married,__RARE__,Craft-repair,Asian-Pac-Islander,Not-in-family,True,Private,0,0.0,0.0,11.83041873499364,0.0
79,0.0,0.0,13,183686,20,Married-civ-spouse,United-States,Sales,White,Husband,True,Self-emp-inc,1,0.0,0.0,12.120988501143279,0.8937728937728938
61,0.0,1902.0,15,284710,45,Married-civ-spouse,__RARE__,Prof-specialty,White,Husband,True,Private,1,0.0,7.551186867296149,12.559229909681658,0.0
26,0.0,0.0,3,464552,40,Never-married,Mexico,Handlers-cleaners,White,Not-in-family,True,Private,0,0.0,0.0,13.048830931911054,0.02197802197802198
56,0.0,0.0,13,231232,30,Married-civ-spouse,__RARE__,Adm-clerical,White,Husband,True,Private,0,0.0,0.0,12.351181139158907,0.0
46,0.0,0.0,10,325372,40,Married-civ-spouse,United-States,Exec-managerial,White,Husband,True,Private,0,0.0,0.0,12.69272749552423,0.8937728937728938
50,3103.0,0.0,11,158294,40,Married-civ-spouse,United-States,Tech-support,White,Husband,True,Private,1,8.04044688130311,0.0,11.9722156597733,0.8937728937728938
30,15024.0,0.0,11,167990,65,Married-civ-spouse,United-States,Prof-specialty,White,Husband,True,Self-emp-not-inc,1,9.617470759403409,0.0,12.031665685521824,0.8937728937728938
51,0.0,0.0,7,106151,40,Divorced,United-States,Transport-moving,White,Own-child,True,Private,0,0.0,0.0,11.572627308216273,0.8937728937728938
20,0.0,0.0,10,143604,2,Never-married,United-States,Sales,White,Unmarried,False,Private,0,0.0,0.0,11.8748217539316,0.8937728937728938
17,0.0,0.0,8,226203,45,Never-married,United-States,Sales,White,Own-child,True,Self-emp-not-inc,0,0.0,0.0,12.329192525973767,0.8937728937728938
55,0.0,0.0,9,169482,40,Married-civ-spouse,United-States,Farming-fishing,White,Husband,True,State-gov,1,0.0,0.0,12.040507905787512,0.8937728937728938
54,0.0,0.0,12,392286,50,Married-civ-spouse,United-States,Sales,White,Husband,True,Self-emp-not-inc,1,0.0,0.0,12.879748993743906,0.8937728937728938
26,0.0,0.0,13,62438,40,Married-civ-spouse,United-States,Sales,White,Wife,False,Private,1,0.0,0.0,11.04194535912636,0.8937728937728938
51,0.0,2002.0,10,373448,40,Married-civ-spouse,United-States,Exec-managerial,White,Husband,True,Private,0,0.0,7.602401335665818,12.830536728046992,0.8937728937728938
33,0.0,0.0,6,209415,32,Divorced,United-States,Protective-serv,White,Not-in-family,False,Private,0,0.0,0.0,12.252077983286581,0.8937728937728938
43,0.0,0.0,13,200508,40,Married-civ-spouse,United-States,?,White,Husband,True,?,0,0.0,0.0,12.208614412501884,0.8937728937728938
23,0.0,0.0,10,180475,40,Never-married,United-States,Exec-managerial,White,Not-in-family,True,Private,0,0.0,0.0,12.103353083925658,0.8937728937728938
30,0.0,0.0,10,197886,45,Never-married,United-States,Sales,White,Not-in-family,True,Private,1,0.0,0.0,12.195451439690697,0.8937728937728938
50,0.0,0.0,9,67794,60,Married-spouse-absent,United-States,Sales,White,Not-in-family,True,Self-emp-inc,0,0.0,0.0,11.12424372489641,0.8937728937728938
66,0.0,0.0,14,102686,20,Married-civ-spouse,United-States,Exec-managerial,White,Husband,True,Self-emp-not-inc,1,0.0,0.0,11.539440805625956,0.8937728937728938
59,15024.0,0.0,14,31359,80,Married-civ-spouse,United-States,Exec-managerial,White,Husband,True,Self-emp-inc,1,9.617470759403409,0.0,10.353288474464344,0.8937728937728938
65,0.0,0.0,9,172348,20,Widowed,United-States,Adm-clerical,White,Unmarried,False,State-gov,0,0.0,0.0,12.057276769781385,0.8937728937728938
33,0.0,0.0,10,287878,26,Married-civ-spouse,United-States,Other-service,White,Wife,False,Private,0,0.0,0.0,12.570295531946122,0.8937728937728938
55,0.0,0.0,13,135339,40,Married-civ-spouse,__RARE__,Prof-specialty,Asian-Pac-Islander,Husband,True,Private,1,0.0,0.0,11.815545409786216,0.0
23,0.0,0.0,9,200973,40,Never-married,United-States,Adm-clerical,White,Not-in-family,False,Private,0,0.0,0.0,12.210930825440531,0.8937728937728938
41,0.0,0.0,9,111483,45,Married-civ-spouse,United-States,Machine-op-inspct,White,Husband,True,Private,0,0.0,0.0,11.621636361827674,0.8937728937728938
54,0.0,0.0,3,197975,51,Married-civ-spouse,United-States,Sales,White,Husband,True,Private,0,0.0,0.0,12.195901090208677,0.8937728937728938
27,0.0,0.0,9,217530,45,Never-married,Mexico,Sales,White,Own-child,False,Private,0,0.0,0.0,12.290096648090254,0.02197802197802198
54,0.0,0.0,9,96062,40,Married-civ-spouse,__RARE__,Machine-op-inspct,White,Husband,True,Private,0,0.0,0.0,11.472759505212103,0.0
33,0.0,0.0,14,615893,40,Married-civ-spouse,__RARE__,Transport-moving,Black,Husband,True,Federal-gov,0,0.0,0.0,13.330830149786475,0.0
50,0.0,0.0,14,83311,40,Married-civ-spouse,United-States,Exec-managerial,White,Husband,True,Private,1,0.0,0.0,11.33034787540268,0.8937728937728938
56,0.0,0.0,12,101128,25,Married-spouse-absent,__RARE__,Other-service,White,Not-in-family,True,Private,0,0.0,0.0,11.524152208584695,0.0
45,0.0,0.0,9,234195,35,Divorced,United-States,Adm-clerical,White,Unmarried,False,Local-gov,0,0.0,0.0,12.3639136505806,0.8937728937728938
23,0.0,0.0,12,412248,25,Never-married,United-States,Other-service,White,Not-in-family,False,Private,0,0.0,0.0,12.92938281470635,0.8937728937728938
19,0.0,0.0,9,235849,35,Never-married,United-States,Transport-moving,White,Own-child,True,Private,0,0.0,0.0,12.370951288712408,0.8937728937728938
27,2829.0,0.0,10,215955,40,Married-civ-spouse,United-States,Adm-clerical,White,Husband,True,Private,0,7.948031990637284,0.0,12.282829962212181,0.8937728937728938
31,0.0,0.0,9,166248,40,Married-civ-spouse,United-States,Machine-op-inspct,White,Husband,True,Private,0,0.0,0.0,12.021241943462416,0.8937728937728938
27,0.0,0.0,9,173944,40,Married-civ-spouse,United-States,Craft-repair,White,Husband,True,Private,1,0.0,0.0,12.066494436275052,0.8937728937728938
56,0.0,0.0,12,38573,45,Married-civ-spouse,United-States,Tech-support,White,Husband,True,Local-gov,1,0.0,0.0,10.560333753369742,0.8937728937728938
37,0.0,2415.0,13,30529,50,Married-civ-spouse,United-States,Sales,White,Husband,True,Self-emp-inc,1,0.0,7.789868559054706,10.326465085728923,0.8937728937728938
24,0.0,0.0,10,225739,40,Never-married,United-States,Sales,White,Not-in-family,True,Private,0,0.0,0.0,12.327139173509618,0.8937728937728938
23,0.0,0.0,7,207546,40,Married-civ-spouse,United-States,Machine-op-inspct,White,Husband,True,Private,0,0.0,0.0,12.24311309902837,0.8937728937728938
58,0.0,0.0,5,214502,50,Married-civ-spouse,United-States,Handlers-cleaners,White,Husband,True,Private,1,0.0,0.0,12.276079003266391,0.8937728937728938
34,0.0,0.0,13,254270,40,Never-married,United-States,Prof-specialty,White,Not-in-family,False,Local-gov,0,0.0,0.0,12.446155906370162,0.8937728937728938
24,0.0,0.0,10,27939,24,Married-civ-spouse,?,Other-service,Asian-Pac-Islander,Husband,True,State-gov,0,0.0,0.0,10.237814632810952,0.0115995115995116
29,0.0,0.0,11,169544,40,Never-married,United-States,Tech-support,White,Not-in-family,True,Private,0,0.0,0.0,12.040873657292941,0.8937728937728938
37,0.0,0.0,10,84306,40,Married-civ-spouse,United-States,Other-service,White,Husband,True,Private,0,0.0,0.0,11.342220177316014,0.8937728937728938
34,0.0,0.0,9,226296,40,Married-civ-spouse,United-States,Other-service,White,Husband,True,Private,1,0.0,0.0,12.329603574794914,0.8937728937728938
43,0.0,0.0,13,95634,45,Married-civ-spouse,?,Other-service,Asian-Pac-Islander,Wife,False,Private,0,0.0,0.0,11.468294140824634,0.0115995115995116
40,0.0,0.0,12,345969,40,Married-civ-spouse,United-States,Adm-clerical,White,Husband,True,State-gov,1,0.0,0.0,12.754107345078436,0.8937728937728938
26,0.0,0.0,12,224045,36,Never-married,United-States,Adm-clerical,White,Not-in-family,False,Private,0,0.0,0.0,12.319606666897142,0.8937728937728938
58,0.0,0.0,10,114362,30,Married-civ-spouse,United-States,?,Black,Husband,True,?,0,0.0,0.0,11.647132879040754,0.8937728937728938
54,0.0,0.0,10,287831,55,Married-civ-spouse,United-States,Adm-clerical,Black,Wife,False,Local-gov,1,0.0,0.0,12.570132255579667,0.8937728937728938
46,0.0,0.0,12,201694,40,Separated,United-States,Exec-managerial,White,Unmarried,False,Private,0,0.0,0.0,12.214511934344017,0.8937728937728938
22,0.0,0.0,9,210474,40,Never-married,United-States,Other-service,White,Not-in-family,False,Private,0,0.0,0.0,12.257122160205865,0.8937728937728938
30,0.0,0.0,8,327202,40,Never-married,United-States,Craft-repair,Black,Not-in-family,True,Private,0,0.0,0.0,12.698336052372854,0.8937728937728938
44,0.0,1902.0,9,231853,40,Married-civ-spouse,United-States,Handlers-cleaners,Black,Husband,True,Private,1,0.0,7.551186867296149,12.35386314220475,0.8937728937728938
36,0.0,0.0,13,127424,50,Married-civ-spouse,?,Adm-clerical,Black,Husband,True,Local-gov,1,0.0,0.0,11.755283235208243,0.0115995115995116
24,0.0,0.0,9,350917,30,Never-married,United-States,?,White,Not-in-family,False,?,0,0.0,0.0,12.768307856921394,0.8937728937728938
45,0.0,0.0,9,251786,37,Never-married,United-States,Adm-clerical,White,Not-in-family,False,Local-gov,0,0.0,0.0,12.43633877098319,0.8937728937728938
26,0.0,0.0,10,207258,40,Never-married,United-States,Exec-managerial,White,Own-child,False,Private,0,0.0,0.0,12.241724497868901,0.8937728937728938
17,0.0,0.0,7,98572,20,Never-married,United-States,Sales,White,Not-in-family,False,Private,0,0.0,0.0,11.498552669420041,0.8937728937728938
21,0.0,0.0,10,183945,35,Never-married,United-States,?,White,Own-child,False,?,0,0.0,0.0,12.12239751525708,0.8937728937728938
42,1151.0,0.0,14,178897,40,Divorced,United-States,Prof-specialty,White,Unmarried,False,State-gov,0,7.049254841255837,0.0,12.094571090004472,0.8937728937728938
47,0.0,0.0,10,46857,40,Divorced,United-States,Adm-clerical,White,Not-in-family,True,Private,0,0.0,0.0,10.754877030826584,0.8937728937728938
41,0.0,0.0,9,183105,44,Separated,__RARE__,Machine-op-inspct,White,Unmarried,False,Private,0,0.0,0.0,12.117820499104411,0.0
22,0.0,0.0,6,142875,40,Never-married,United-States,?,White,Other-relative,True,?,0,0.0,0.0,11.869732400197728,0.8937728937728938
31,0.0,0.0,13,502752,40,Married-civ-spouse,United-States,Adm-clerical,White,Wife,False,Private,1,0.0,0.0,13.127854274797603,0.8937728937728938
32,0.0,0.0,13,79586,40,Married-civ-spouse,__RARE__,Prof-specialty,Asian-Pac-Islander,Husband,True,Private,0,0.0,0.0,11.284606041911955,0.0
24,0.0,0.0,7,478457,30,Never-married,United-States,Prof-specialty,Black,Not-in-family,False,Private,0,0.0,0.0,13.078323711728085,0.8937728937728938
47,0.0,0.0,11,214800,40,Married-civ-spouse,United-States,Handlers-cleaners,White,Husband,True,Private,0,0.0,0.0,12.277467297099491,0.8937728937728938
62,0.0,0.0,9,77884,40,Married-civ-spouse,__RARE__,Sales,Asian-Pac-Islander,Husband,True,Private,0,0.0,0.0,11.262988658760706,0.0
51,0.0,0.0,5,128272,45,Married-civ-spouse,United-States,Machine-op-inspct,White,Husband,True,Private,0,0.0,0.0,11.761916084185986,0.8937728937728938
39,0.0,2415.0,14,179731,65,Married-civ-spouse,United-States,Exec-managerial,White,Wife,False,Private,1,0.0,7.789868559054706,12.099222131486982,0.8937728937728938
31,0.0,0.0,13,253354,50,Married-civ-spouse,United-States,Prof-specialty,White,Husband,True,Private,0,0.0,0.0,12.442546946253026,0.8937728937728938
34,0.0,0.0,9,154667,40,Married-civ-spouse,United-States,Machine-op-inspct,White,Wife,False,Private,0,0.0,0.0,11.94903616319278,0.8937728937728938
55,0.0,0.0,7,169611,40,Widowed,United-States,Adm-clerical,White,Unmarried,False,Private,0,0.0,0.0,12.041268754553924,0.8937728937728938
59,0.0,2179.0,10,303176,40,Married-civ-spouse,United-States,Exec-managerial,White,Husband,True,State-gov,0,0.0,7.687080155783135,12.622072072353237,0.8937728937728938
44,7298.0,0.0,9,127482,50,Married-civ-spouse,__RARE__,Craft-repair,White,Husband,True,Self-emp-not-inc,1,8.895492631451633,0.0,11.755738301357605,0.0
24,0.0,0.0,10,153583,40,Never-married,United-States,Sales,White,Own-child,False,Private,0,0.0,0.0,11.942002927603319,0.8937728937728938
28,0.0,0.0,10,354095,40,Never-married,United-States,Sales,White,Not-in-family,False,Private,0,0.0,0.0,12.777323341792194,0.8937728937728938
17,0.0,0.0,7,150262,20,Never-married,United-States,Sales,White,Own-child,False,Private,0,0.0,0.0,11.920142371117164,0.8937728937728938
23,0.0,0.0,10,115458,40,Married-civ-spouse,United-States,Sales,White,Husband,True,Private,0,0.0,0.0,11.656670767569276,0.8937728937728938
29,0.0,0.0,10,224215,40,Married-civ-spouse,United-States,Craft-repair,White,Husband,True,Private,1,0.0,0.0,12.320365151926657,0.8937728937728938
20,0.0,0.0,9,200819,40,Never-married,United-States,Transport-moving,White,Own-child,True,State-gov,0,0.0,0.0,12.210164263433427,0.8937728937728938
46,0.0,0.0,13,96260,20,Divorced,United-States,Exec-managerial,White,Not-in-family,True,Self-emp-not-inc,0,0.0,0.0,11.474818531334202,0.8937728937728938
59,0.0,1977.0,13,170104,50,Married-civ-spouse,United-States,Exec-managerial,White,Husband,True,Private,1,0.0,7.589841512182657,12.044171172425783,0.8937728937728938
34,0.0,0.0,9,202210,40,Never-married,United-States,Other-service,Black,Unmarried,False,Private,0,0.0,0.0,12.217066985671387,0.8937728937728938
51,4787.0,0.0,14,76044,35,Divorced,Mexico,Prof-specialty,__RARE__,Unmarried,True,Private,1,8.473868066677865,0.0,11.239080549306468,0.02197802197802198
44,0.0,0.0,8,268098,36,Never-married,United-States,Transport-moving,Black,Not-in-family,True,Private,0,0.0,0.0,12.499111594265583,0.8937728937728938
52,0.0,1887.0,9,34973,60,Married-civ-spouse,United-States,Farming-fishing,White,Husband,True,Self-emp-not-inc,1,0.0,7.543273346705446,10.462360207273605,0.8937728937728938
50,0.0,0.0,6,93730,60,Married-civ-spouse,United-States,Transport-moving,White,Husband,True,Private,0,0.0,0.0,11.448184256626327,0.8937728937728938
54,0.0,0.0,11,164757,16,Married-civ-spouse,United-States,Craft-repair,White,Husband,True,Self-emp-not-inc,0,0.0,0.0,12.012233009607684,0.8937728937728938
48,0.0,0.0,14,328610,50,Married-civ-spouse,United-States,Prof-specialty,White,Husband,True,Local-gov,1,0.0,0.0,12.702629959374987,0.8937728937728938
45,0.0,0.0,9,162958,35,Separated,United-States,Other-service,White,Not-in-family,False,Private,0,0.0,0.0,12.00125391440665,0.8937728937728938
25,0.0,0.0,9,51148,40,Divorced,United-States,Adm-clerical,White,Other-relative,False,Private,0,0.0,0.0,10.842498220846531,0.8937728937728938
29,0.0,0.0,9,148182,40,Married-civ-spouse,United-States,Transport-moving,Black,Husband,True,Local-gov,0,0.0,0.0,11.906203275412894,0.8937728937728938
18,0.0,0.0,7,78045,40,Married-civ-spouse,United-States,Handlers-cleaners,White,Own-child,True,Private,0,0.0,0.0,11.265053675431062,0.8937728937728938
37,0.0,0.0,9,172538,40,Never-married,United-States,Machine-op-inspct,White,Own-child,True,Private,0,0.0,0.0,12.058378576856269,0.8937728937728938
18,0.0,0.0,7,348131,20,Never-married,United-States,Adm-clerical,Black,Own-child,False,Private,0,0.0,0.0,12.760336997181456,0.8937728937728938
61,0.0,0.0,11,238913,40,Married-civ-spouse,United-States,Tech-support,White,Husband,True,Private,1,0.0,0.0,12.383858933522367,0.8937728937728938
35,5013.0,0.0,9,112077,40,Married-civ-spouse,United-States,Handlers-cleaners,White,Husband,True,Private,0,8.519989278718239,0.0,11.626950336454817,0.8937728937728938
22,0.0,0.0,10,34310,25,Never-married,United-States,Transport-moving,White,Own-child,True,State-gov,0,0.0,0.0,10.443221281449327,0.8937728937728938
26,0.0,0.0,10,128553,40,Never-married,United-States,Exec-managerial,Black,Own-child,False,Private,0,0.0,0.0,11.764104328507095,0.8937728937728938
56,0.0,0.0,15,282023,45,Married-civ-spouse,United-States,Prof-specialty,White,Husband,True,Private,1,0.0,0.0,12.549747452681887,0.8937728937728938
26,0.0,0.0,13,176981,50,Never-married,United-States,Adm-clerical,White,Own-child,False,Self-emp-inc,0,0.0,0.0,12.083803311469433,0.8937728937728938
29,0.0,0.0,9,342989,40,Never-married,United-States,Adm-clerical,White,Own-child,False,Private,0,0.0,0.0,12.745456571204125,0.8937728937728938
35,0.0,0.0,9,556902,40,Divorced,United-States,Other-service,Black,Not-in-family,True,Private,0,0.0,0.0,13.230146356526799,0.8937728937728938
18,0.0,0.0,10,89478,20,Never-married,United-States,Sales,White,Own-child,False,Private,0,0.0,0.0,11.401759239859901,0.8937728937728938
41,0.0,0.0,13,120277,35,Married-civ-spouse,United-States,Prof-specialty,White,Husband,True,Local-gov,1,0.0,0.0,11.697561009095914,0.8937728937728938
62,3103.0,0.0,13,121319,40,Married-civ-spouse,United-States,Prof-specialty,White,Husband,True,Private,1,8.04044688130311,0.0,11.706186961802517,0.8937728937728938
36,0.0,0.0,3,328466,50,Married-civ-spouse,Mexico,Transport-moving,White,Husband,True,Self-emp-not-inc,1,0.0,0.0,12.702191655239693,0.02197802197802198
61,0.0,0.0,9,149653,50,Married-civ-spouse,United-States,Exec-managerial,White,Husband,True,Private,0,0.0,0.0,11.916081241958045,0.8937728937728938
29,0.0,0.0,9,176137,40,Divorced,United-States,Adm-clerical,White,Unmarried,False,Private,0,0.0,0.0,12.079023057690694,0.8937728937728938
29,0.0,1564.0,9,341672,50,Married-spouse-absent,__RARE__,Transport-moving,Asian-Pac-Islander,Other-relative,True,Self-emp-not-inc,1,0.0,7.355641102974253,12.7416094183001,0.0
32,0.0,0.0,9,227012,40,Never-married,United-States,Craft-repair,White,Not-in-family,True,Private,0,0.0,0.0,12.332762563546217,0.8937728937728938
18,0.0,0.0,7,216284,20,Never-married,United-States,Adm-clerical,White,Own-child,False,Private,0,0.0,0.0,12.284352261408857,0.8937728937728938
22,0.0,0.0,10,306967,25,Never-married,United-States,Adm-clerical,White,Not-in-family,False,Private,0,0.0,0.0,12.634498786608852,0.8937728937728938
29,0.0,0.0,14,309620,20,Married-civ-spouse,__RARE__,Prof-specialty,Asian-Pac-Islander,Husband,True,State-gov,0,0.0,0.0,12.64310424785476,0.0
28,0.0,0.0,9,241580,55,Divorced,United-States,?,White,Unmarried,False,?,0,0.0,0.0,12.394960099566216,0.8937728937728938
33,0.0,0.0,10,290763,40,Never-married,United-States,Sales,White,Not-in-family,False,Private,0,0.0,0.0,12.580267220554433,0.8937728937728938
18,0.0,1602.0,7,238867,40,Never-married,United-States,Handlers-cleaners,White,Own-child,True,Private,0,0.0,7.3796321526095525,12.383666377083898,0.8937728937728938
39,0.0,0.0,13,289890,60,Divorced,United-States,Sales,White,Not-in-family,True,Private,0,0.0,0.0,12.577260269239838,0.8937728937728938
19,0.0,0.0,9,43627,10,Never-married,United-States,Other-service,White,Own-child,True,Without-pay,0,0.0,0.0,10.683454425048634,0.8937728937728938
45,0.0,0.0,9,154117,38,Divorced,United-States,Exec-managerial,White,Unmarried,False,State-gov,1,0.0,0.0,11.945473821754778,0.8937728937728938
29,0.0,0.0,10,202182,50,Married-civ-spouse,United-States,Craft-repair,White,Husband,True,Private,0,0.0,0.0,12.216928506860897,0.8937728937728938
24,0.0,0.0,5,479296,48,Never-married,United-States,Sales,White,Own-child,True,Private,0,0.0,0.0,13.08007572600024,0.8937728937728938
63,0.0,0.0,13,144391,20,Married-civ-spouse,United-States,Farming-fishing,White,Husband,True,Self-emp-not-inc,0,0.0,0.0,11.880287102244084,0.8937728937728938
33,0.0,0.0,8,110592,40,Married-civ-spouse,United-States,Machine-op-inspct,White,Husband,True,Private,0,0.0,0.0,11.613612074928163,0.8937728937728938
23,0.0,0.0,9,129232,40,Never-married,United-States,Adm-clerical,White,Own-child,True,Local-gov,0,0.0,0.0,11.769372255673682,0.8937728937728938
31,0.0,0.0,4,197252,40,Married-civ-spouse,Mexico,Other-service,White,Husband,True,Private,0,0.0,0.0,12.192242447717938,0.02197802197802198
37,0.0,0.0,9,497300,40,Never-married,United-States,Other-service,Black,Unmarried,True,Private,0,0.0,0.0,13.116950755559445,0.8937728937728938
47,0.0,0.0,9,184402,32,Divorced,United-States,Other-service,White,Not-in-family,True,Private,0,0.0,0.0,12.12487885895277,0.8937728937728938
50,0.0,0.0,9,99316,50,Divorced,United-States,Transport-moving,White,Not-in-family,True,Private,0,0.0,0.0,11.506072033769213,0.8937728937728938
33,2829.0,0.0,10,202153,40,Married-civ-spouse,United-States,Craft-repair,White,Husband,True,Self-emp-not-inc,0,7.948031990637284,0.0,12.21678506215982,0.8937728937728938
26,0.0,0.0,9,552529,40,Married-civ-spouse,United-States,Machine-op-inspct,Black,Wife,False,Private,0,0.0,0.0,13.222263009542461,0.8937728937728938
49,0.0,0.0,14,340755,40,Married-civ-spouse,United-States,Sales,White,Husband,True,Private,1,0.0,0.0,12.738921957620924,0.8937728937728938
38,0.0,0.0,15,187983,40,Married-civ-spouse,United-States,Sales,White,Wife,False,Private,0,0.0,0.0,12.144112131807354,0.8937728937728938
37,0.0,0.0,11,226947,40,Married-civ-spouse,United-States,Craft-repair,White,Husband,True,Private,1,0.0,0.0,12.332476195332012,0.8937728937728938
71,0.0,0.0,5,258126,39,Married-civ-spouse,__RARE__,Protective-serv,White,Husband,True,Private,0,0.0,0.0,12.461206990851437,0.0
36,0.0,0.0,10,219155,50,Married-civ-spouse,United-States,Sales,White,Husband,True,Self-emp-not-inc,1,0.0,0.0,12.297539083980043,0.8937728937728938
64,0.0,0.0,12,267546,40,Separated,United-States,Prof-specialty,White,Not-in-family,False,Federal-gov,1,0.0,0.0,12.497050530819177,0.8937728937728938
33,0.0,0.0,13,182556,40,Married-civ-spouse,United-States,Exec-managerial,White,Husband,True,Private,1,0.0,0.0,12.11481773200733,0.8937728937728938
43,0.0,0.0,16,35662,70,Married-civ-spouse,United-States,Prof-specialty,White,Wife,False,Self-emp-inc,1,0.0,0.0,10.481869015752949,0.8937728937728938
45,0.0,0.0,13,364365,35,Never-married,United-States,Sales,White,Not-in-family,False,Self-emp-not-inc,0,0.0,0.0,12.805914135953374,0.8937728937728938
36,0.0,0.0,9,143385,60,Married-civ-spouse,United-States,Farming-fishing,White,Husband,True,Self-emp-not-inc,0,0.0,0.0,11.873295573371871,0.8937728937728938
50,0.0,0.0,14,185354,35,Divorced,United-States,Exec-managerial,White,Not-in-family,False,Private,0,0.0,0.0,12.1300281842064,0.8937728937728938
38,2202.0,0.0,13,108140,45,Never-married,United-States,Exec-managerial,White,Not-in-family,True,Private,0,7.697575346802343,0.0,11.591191210165295,0.8937728937728938
38,99999.0,0.0,15,478829,50,Married-civ-spouse,United-States,Prof-specialty,White,Husband,True,Self-emp-inc,1,11.512925464970229,0.0,13.079100907344714,0.8937728937728938
31,0.0,0.0,10,103772,40,Divorced,United-States,Adm-clerical,White,Not-in-family,False,Private,0,0.0,0.0,11.549961100271057,0.8937728937728938
51,0.0,0.0,9,141388,55,Married-civ-spouse,United-States,Farming-fishing,White,Husband,True,Self-emp-not-inc,0,0.0,0.0,11.859270235924903,0.8937728937728938
38,0.0,0.0,10,24126,40,Divorced,United-States,Exec-managerial,White,Not-in-family,False,Private,0,0.0,0.0,10.091086824325448,0.8937728937728938
40,13550.0,0.0,13,121956,40,Married-spouse-absent,__RARE__,Prof-specialty,Asian-Pac-Islander,Not-in-family,True,Private,1,9.514215624322715,0.0,11.711423802570723,0.0
27,0.0,0.0,13,214695,30,Married-civ-spouse,United-States,?,White,Husband,True,?,0,0.0,0.0,12.276978353045905,0.8937728937728938
24,0.0,0.0,13,197757,40,Never-married,__RARE__,Prof-specialty,Asian-Pac-Islander,Own-child,False,Private,0,0.0,0.0,12.194799339931714,0.0
31,0.0,0.0,9,96245,42,Married-civ-spouse,United-States,Handlers-cleaners,White,Husband,True,Private,0,0.0,0.0,11.474662692844896,0.8937728937728938
42,0.0,0.0,9,340885,44,Divorced,United-States,Farming-fishing,White,Not-in-family,True,Private,0,0.0,0.0,12.739303389520884,0.8937728937728938
46,0.0,0.0,15,201865,60,Married-civ-spouse,United-States,Prof-specialty,White,Husband,True,Self-emp-inc,1,0.0,0.0,12.215359389921906,0.8937728937728938
40,0.0,0.0,14,26929,40,Never-married,United-States,Prof-specialty,White,Not-in-family,False,Local-gov,0,0.0,0.0,10.200996185805645,0.8937728937728938
36,3103.0,0.0,13,131239,45,Married-civ-spouse,United-States,Prof-specialty,White,Husband,True,Private,1,8.04044688130311,0.0,11.784782987075038,0.8937728937728938
41,0.0,0.0,9,160785,40,Married-civ-spouse,United-States,Craft-repair,White,Husband,True,Local-gov,0,0.0,0.0,11.987829567260038,0.8937728937728938
64,0.0,0.0,14,96076,40,Married-civ-spouse,United-States,Prof-specialty,White,Husband,True,Private,1,0.0,0.0,11.47290523228637,0.8937728937728938
39,0.0,0.0,6,473547,40,Divorced,United-States,Handlers-cleaners,Black,Own-child,True,Local-gov,0,0.0,0.0,13.06800855922647,0.8937728937728938
61,0.0,0.0,1,243019,40,Married-civ-spouse,United-States,Craft-repair,White,Husband,True,Self-emp-not-inc,0,0.0,0.0,12.400899023462603,0.8937728937728938
36,0.0,0.0,9,220696,40,Divorced,United-States,Machine-op-inspct,White,Not-in-family,True,Private,0,0.0,0.0,12.304545999039618,0.8937728937728938
36,0.0,0.0,10,251730,50,Never-married,United-States,Sales,White,Not-in-family,True,Private,0,0.0,0.0,12.436116336034564,0.8937728937728938
56,0.0,0.0,9,146660,60,Married-civ-spouse,United-States,Craft-repair,White,Husband,True,Private,0,0.0,0.0,11.895879080116295,0.8937728937728938
48,99999.0,0.0,14,25468,50,Divorced,United-States,Exec-managerial,White,Not-in-family,True,Private,1,11.512925464970229,0.0,10.145217305326018,0.8937728937728938
59,0.0,0.0,4,32855,70,Married-civ-spouse,United-States,Farming-fishing,White,Husband,True,Self-emp-not-inc,0,0.0,0.0,10.399889655636395,0.8937728937728938
34,0.0,0.0,13,163110,45,Married-civ-spouse,United-States,Craft-repair,White,Husband,True,Private,1,0.0,0.0,12.002186229621236,0.8937728937728938
55,0.0,0.0,6,176904,50,Married-civ-spouse,United-States,Transport-moving,White,Husband,True,Private,0,0.0,0.0,12.083368144304687,0.8937728937728938
31,0.0,0.0,10,441949,40,Married-civ-spouse,Mexico,Tech-support,White,Husband,True,Private,1,0.0,0.0,12.998952032489093,0.02197802197802198
30,0.0,0.0,9,83066,40,Married-civ-spouse,United-States,Other-service,Black,Husband,True,Local-gov,0,0.0,0.0,11.327402790060365,0.8937728937728938
41,0.0,0.0,12,160893,45,Never-married,United-States,Adm-clerical,White,Not-in-family,False,Private,0,0.0,0.0,11.98850104204279,0.8937728937728938
30,0.0,0.0,15,194901,55,Divorced,United-States,Sales,White,Own-child,True,Private,0,0.0,0.0,12.180252147115654,0.8937728937728938
45,0.0,0.0,14,126754,45,Married-civ-spouse,United-States,Prof-specialty,White,Husband,True,Federal-gov,1,0.0,0.0,11.750011368407144,0.8937728937728938
21,0.0,0.0,9,232591,40,Never-married,United-States,Adm-clerical,White,Own-child,True,Private,0,0.0,0.0,12.357041124666106,0.8937728937728938
56,0.0,1977.0,15,94156,50,Married-civ-spouse,United-States,Prof-specialty,White,Husband,True,Self-emp-not-inc,1,0.0,7.589841512182657,11.452718880763895,0.8937728937728938
26,0.0,0.0,9,330263,40,Separated,United-States,Other-service,White,Not-in-family,True,Private,0,0.0,0.0,12.707647613613227,0.8937728937728938
52,0.0,0.0,15,57855,60,Married-civ-spouse,United-States,Prof-specialty,White,Husband,True,Federal-gov,1,0.0,0.0,10.965712443751848,0.8937728937728938
30,0.0,0.0,5,61272,40,Married-civ-spouse,__RARE__,Machine-op-inspct,White,Wife,False,Private,0,0.0,0.0,11.023094568124744,0.0
17,0.0,0.0,7,317681,10,Never-married,United-States,Craft-repair,White,Own-child,True,Private,0,0.0,0.0,12.66880616142873,0.8937728937728938
47,0.0,0.0,10,201127,50,Married-civ-spouse,United-States,Transport-moving,White,Husband,True,Private,0,0.0,0.0,12.211696800280395,0.8937728937728938
29,0.0,0.0,10,137240,45,Divorced,United-States,Handlers-cleaners,White,Not-in-family,True,Private,0,0.0,0.0,11.829493783451232,0.8937728937728938
28,0.0,0.0,8,291374,40,Never-married,United-States,Sales,Black,Unmarried,False,Private,0,0.0,0.0,12.582366376338058,0.8937728937728938
47,3325.0,0.0,9,184005,45,Divorced,United-States,Exec-managerial,Amer-Indian-Eskimo,Not-in-family,False,Private,0,8.109525659752872,0.0,12.122723644755123,0.8937728937728938
38,0.0,1876.0,9,329980,40,Never-married,__RARE__,Craft-repair,White,Not-in-family,True,Local-gov,0,0.0,7.537430036586509,12.70679035602754,0.0
32,0.0,0.0,11,191777,35,Never-married,__RARE__,Exec-managerial,Black,Not-in-family,False,Private,0,0.0,0.0,12.164093732037172,0.0
23,0.0,0.0,9,220168,25,Never-married,__RARE__,Sales,Black,Other-relative,False,Private,0,0.0,0.0,12.302150712252043,0.0
24,0.0,0.0,13,192711,41,Never-married,United-States,?,White,Not-in-family,True,?,0,0.0,0.0,12.168952125426733,0.8937728937728938
51,0.0,0.0,7,125796,40,Never-married,United-States,Farming-fishing,Black,Not-in-family,False,Local-gov,0,0.0,0.0,11.742424775587335,0.8937728937728938
59,0.0,0.0,14,100270,60,Divorced,United-States,Prof-specialty,White,Not-in-family,False,State-gov,0,0.0,0.0,11.515631799540945,0.8937728937728938
32,0.0,0.0,10,218407,70,Never-married,__RARE__,Exec-managerial,White,Not-in-family,True,Self-emp-inc,0,0.0,0.0,12.294120152218653,0.0
19,0.0,0.0,6,222866,40,Never-married,United-States,Farming-fishing,White,Other-relative,True,Private,0,0.0,0.0,12.314330459961486,0.8937728937728938
59,0.0,1485.0,9,174864,45,Married-civ-spouse,United-States,Craft-repair,White,Husband,True,Private,1,0.0,7.303843225277705,12.071769526630087,0.8937728937728938
37,0.0,0.0,12,29660,40,Divorced,United-States,Adm-clerical,White,Not-in-family,False,Private,0,0.0,0.0,10.297588330565242,0.8937728937728938
46,0.0,0.0,10,285335,60,Married-civ-spouse,United-States,Sales,White,Husband,True,Self-emp-inc,1,0.0,0.0,12.56142271220649,0.8937728937728938
40,0.0,0.0,11,336707,60,Separated,United-States,Craft-repair,White,Not-in-family,False,Private,0,0.0,0.0,12.72697136489066,0.8937728937728938
37,0.0,0.0,9,112554,45,Married-civ-spouse,United-States,Sales,White,Husband,True,Private,0,0.0,0.0,11.631197270048263,0.8937728937728938
45,0.0,0.0,9,188432,40,Married-civ-spouse,United-States,Craft-repair,White,Husband,True,Private,0,0.0,0.0,12.14649778502148,0.8937728937728938
30,0.0,0.0,13,184901,40,Married-civ-spouse,United-States,Exec-managerial,White,Husband,True,State-gov,1,0.0,0.0,12.12758123397437,0.8937728937728938
42,0.0,0.0,9,211860,40,Separated,United-States,Adm-clerical,White,Not-in-family,True,Private,0,0.0,0.0,12.263685678237525,0.8937728937728938
25,0.0,0.0,13,176729,60,Married-civ-spouse,United-States,Craft-repair,White,Husband,True,Private,1,0.0,0.0,12.082378423183842,0.8937728937728938
36,0.0,0.0,9,212433,40,Never-married,United-States,Craft-repair,Black,Own-child,True,Private,0,0.0,0.0,12.2663866308688,0.8937728937728938
56,0.0,0.0,9,118993,40,Never-married,United-States,Adm-clerical,White,Other-relative,False,Private,0,0.0,0.0,11.68682835065446,0.8937728937728938
31,0.0,0.0,10,44503,40,Married-civ-spouse,United-States,Craft-repair,White,Husband,True,Self-emp-not-inc,0,0.0,0.0,10.70333435175513,0.8937728937728938
68,0.0,0.0,4,168794,30,Married-civ-spouse,United-States,Other-service,White,Husband,True,Private,0,0.0,0.0,12.036440239852206,0.8937728937728938
19,0.0,0.0,8,97261,40,Never-married,United-States,Handlers-cleaners,White,Not-in-family,True,Private,0,0.0,0.0,11.485163647184558,0.8937728937728938
39,0.0,0.0,9,172700,40,Never-married,United-States,Other-service,Black,Unmarried,False,State-gov,0,0.0,0.0,12.059317054505962,0.8937728937728938
26,0.0,0.0,10,175044,40,Never-married,United-States,Protective-serv,White,Own-child,True,State-gov,0,0.0,0.0,12.072798362707235,0.8937728937728938
45,0.0,0.0,9,318280,40,Widowed,United-States,Protective-serv,White,Not-in-family,True,Local-gov,1,0.0,0.0,12.670689919374182,0.8937728937728938
38,0.0,0.0,12,168496,50,Married-civ-spouse,United-States,Sales,White,Husband,True,Private,1,0.0,0.0,12.034673224461756,0.8937728937728938
73,0.0,0.0,9,144872,25,Married-civ-spouse,__RARE__,?,White,Husband,True,?,0,0.0,0.0,11.88361277554245,0.0
35,0.0,0.0,13,226311,40,Never-married,United-States,Sales,White,Not-in-family,False,Private,0,0.0,0.0,12.329669857171119,0.8937728937728938
25,0.0,0.0,9,209230,6,Never-married,United-States,Other-service,White,Own-child,False,Private,0,0.0,0.0,12.251194183751211,0.8937728937728938
19,0.0,0.0,10,302945,10,Never-married,__RARE__,Adm-clerical,White,Own-child,True,Private,0,0.0,0.0,12.621309850787041,0.0
39,0.0,0.0,10,116369,48,Married-civ-spouse,United-States,Adm-clerical,White,Husband,True,Federal-gov,0,0.0,0.0,11.664530049102122,0.8937728937728938
22,0.0,0.0,10,322674,40,Never-married,United-States,Exec-managerial,White,Own-child,True,Private,0,0.0,0.0,12.684400903703388,0.8937728937728938
25,0.0,0.0,13,192321,40,Never-married,United-States,Prof-specialty,White,Own-child,False,Local-gov,0,0.0,0.0,12.16692632960935,0.8937728937728938
39,0.0,0.0,10,117381,50,Married-civ-spouse,United-States,Sales,White,Husband,True,Private,1,0.0,0.0,11.673188852644968,0.8937728937728938
45,0.0,0.0,10,125933,40,Divorced,United-States,Adm-clerical,Black,Unmarried,False,Local-gov,0,0.0,0.0,11.743513239173671,0.8937728937728938
19,0.0,0.0,9,124265,50,Never-married,United-States,Sales,White,Own-child,True,Private,0,0.0,0.0,11.730179708304206,0.8937728937728938
51,0.0,0.0,10,388496,8,Divorced,__RARE__,Craft-repair,White,Not-in-family,True,Self-emp-not-inc,1,0.0,0.0,12.870040726752302,0.0
26,0.0,0.0,9,270276,40,Never-married,United-States,Adm-clerical,White,Not-in-family,False,Private,0,0.0,0.0,12.507202638004095,0.8937728937728938
49,0.0,0.0,9,211762,40,Married-civ-spouse,United-States,Craft-repair,White,Husband,True,Self-emp-not-inc,1,0.0,0.0,12.263223003782121,0.8937728937728938
64,0.0,0.0,13,46087,50,Divorced,United-States,Exec-managerial,White,Not-in-family,False,Private,0,0.0,0.0,10.73830789141222,0.8937728937728938
52,0.0,0.0,3,94988,50,Never-married,United-States,Handlers-cleaners,White,Not-in-family,True,Private,0,0.0,0.0,11.461516374404875,0.8937728937728938
47,0.0,0.0,16,54887,40,Married-civ-spouse,United-States,Prof-specialty,White,Husband,True,State-gov,1,0.0,0.0,10.913050024370726,0.8937728937728938
48,0.0,0.0,9,185039,30,Divorced,United-States,Sales,White,Unmarried,False,Private,0,0.0,0.0,12.12832729690532,0.8937728937728938
53,0.0,0.0,14,55139,40,Married-civ-spouse,United-States,Exec-managerial,White,Husband,True,Self-emp-inc,1,0.0,0.0,10.917630684577787,0.8937728937728938
21,0.0,0.0,9,43475,40,Never-married,United-States,Protective-serv,White,Not-in-family,True,Private,0,0.0,0.0,10.679964340683078,0.8937728937728938
32,0.0,0.0,13,30499,32,Divorced,United-States,?,White,Unmarried,False,?,0,0.0,0.0,10.325481962595504,0.8937728937728938
42,0.0,1977.0,9,188738,60,Married-civ-spouse,__RARE__,Exec-managerial,White,Husband,True,Self-emp-inc,1,0.0,7.589841512182657,12.148120387267339,0.0
29,0.0,0.0,15,152951,50,Married-civ-spouse,__RARE__,Prof-specialty,White,Husband,True,Private,1,0.0,0.0,11.93787942566224,0.0
51,3325.0,0.0,15,209320,40,Never-married,United-States,Prof-specialty,White,Not-in-family,True,Local-gov,0,8.109525659752872,0.0,12.251624237849088,0.8937728937728938
25,0.0,0.0,10,60828,50,Never-married,United-States,Farming-fishing,White,Own-child,False,Self-emp-not-inc,0,0.0,0.0,11.01582192792268,0.8937728937728938
49,0.0,0.0,6,336509,40,Married-civ-spouse,United-States,Other-service,White,Husband,True,State-gov,0,0.0,0.0,12.726383145307379,0.8937728937728938
55,0.0,0.0,9,194371,40,Married-civ-spouse,__RARE__,Sales,White,Wife,False,Private,1,0.0,0.0,12.177529127712928,0.0
53,0.0,0.0,2,291096,40,Divorced,United-States,Machine-op-inspct,White,Not-in-family,True,Private,0,0.0,0.0,12.58141182394375,0.8937728937728938
43,0.0,0.0,9,178866,25,Married-civ-spouse,United-States,Adm-clerical,White,Wife,False,Private,1,0.0,0.0,12.094397791889353,0.8937728937728938
55,0.0,0.0,10,173093,40,Divorced,United-States,Adm-clerical,Asian-Pac-Islander,Not-in-family,False,Private,0,0.0,0.0,12.061590078518497,0.8937728937728938
30,0.0,0.0,10,214063,72,Never-married,United-States,Farming-fishing,Black,Other-relative,True,Private,0,0.0,0.0,12.2740303147134,0.8937728937728938
44,15024.0,0.0,16,109912,32,Married-civ-spouse,United-States,Exec-managerial,White,Wife,False,Private,1,9.617470759403409,0.0,11.607444422750037,0.8937728937728938
18,0.0,1602.0,10,261276,40,Never-married,__RARE__,?,Black,Own-child,False,?,0,0.0,7.3796321526095525,12.473336426203286,0.0
27,0.0,0.0,10,192698,40,Never-married,United-States,Adm-clerical,White,Not-in-family,False,Private,0,0.0,0.0,12.168884664975396,0.8937728937728938
31,0.0,0.0,13,331126,48,Never-married,United-States,Protective-serv,Black,Own-child,True,Local-gov,0,0.0,0.0,12.71025726657123,0.8937728937728938
37,0.0,0.0,9,264700,35,Married-civ-spouse,United-States,Tech-support,Black,Wife,False,Private,0,0.0,0.0,12.486356166069786,0.8937728937728938
49,0.0,0.0,13,207540,40,Married-civ-spouse,United-States,Adm-clerical,White,Husband,True,Federal-gov,1,0.0,0.0,12.243084189495931,0.8937728937728938
35,0.0,0.0,8,166549,40,Married-civ-spouse,United-States,Machine-op-inspct,White,Husband,True,Private,0,0.0,0.0,12.023050843621826,0.8937728937728938
49,0.0,0.0,10,393691,40,Married-civ-spouse,United-States,Prof-specialty,White,Husband,True,Self-emp-not-inc,1,0.0,0.0,12.883324156684735,0.8937728937728938
47,0.0,0.0,3,185254,40,Never-married,__RARE__,__RARE__,White,Own-child,False,Private,0,0.0,0.0,12.129488533347402,0.0
26,0.0,0.0,13,30793,55,Married-civ-spouse,United-States,Prof-specialty,White,Wife,False,Local-gov,1,0.0,0.0,10.335075144789863,0.8937728937728938
66,0.0,2377.0,16,427422,25,Married-civ-spouse,United-States,Sales,White,Husband,True,Self-emp-not-inc,1,0.0,7.774015077250727,12.96552943417688,0.8937728937728938
47,15024.0,0.0,13,246891,45,Married-civ-spouse,United-States,Sales,White,Husband,True,Private,1,9.617470759403409,0.0,12.416706273026223,0.8937728937728938
48,0.0,0.0,7,177211,40,Married-civ-spouse,United-States,Machine-op-inspct,White,Husband,True,Private,0,0.0,0.0,12.08510203495051,0.8937728937728938
49,0.0,0.0,9,228399,40,Divorced,United-States,Machine-op-inspct,Black,Unmarried,False,Self-emp-not-inc,0,0.0,0.0,12.338853756763992,0.8937728937728938
57,0.0,0.0,13,47178,35,Married-civ-spouse,United-States,Prof-specialty,White,Wife,False,Self-emp-not-inc,1,0.0,0.0,10.76170415731525,0.8937728937728938
25,0.0,0.0,13,173212,40,Never-married,United-States,Prof-specialty,White,Own-child,True,Private,0,0.0,0.0,12.0622773300305,0.8937728937728938
28,0.0,0.0,15,34452,40,Married-civ-spouse,United-States,Prof-specialty,White,Husband,True,Local-gov,0,0.0,0.0,10.447351355378917,0.8937728937728938
27,0.0,0.0,10,289039,40,Never-married,United-States,Protective-serv,Asian-Pac-Islander,Unmarried,False,Local-gov,0,0.0,0.0,12.574320365821523,0.8937728937728938
44,0.0,0.0,11,64506,20,Divorced,United-States,Other-service,White,Not-in-family,True,Private,0,0.0,0.0,11.074529024027004,0.8937728937728938
58,0.0,0.0,4,255822,40,Married-civ-spouse,United-States,Handlers-cleaners,White,Husband,True,Private,0,0.0,0.0,12.452241078080167,0.8937728937728938
48,0.0,1977.0,13,216414,70,Married-civ-spouse,United-States,Exec-managerial,White,Husband,True,Private,1,0.0,7.589841512182657,12.284953139633545,0.8937728937728938
33,0.0,0.0,13,272411,40,Never-married,United-States,Exec-managerial,White,Not-in-family,False,Private,0,0.0,0.0,12.515070905150631,0.8937728937728938
59,0.0,0.0,13,105866,30,Married-civ-spouse,United-States,Protective-serv,Black,Husband,True,Local-gov,0,0.0,0.0,11.56993886829666,0.8937728937728938
23,0.0,0.0,9,231866,38,Never-married,United-States,Handlers-cleaners,White,Own-child,True,Private,0,0.0,0.0,12.353919210400942,0.8937728937728938
25,0.0,0.0,9,136357,40,Married-civ-spouse,United-States,Craft-repair,White,Husband,True,Local-gov,0,0.0,0.0,11.823039059086488,0.8937728937728938
31,0.0,0.0,9,113364,40,Married-civ-spouse,United-States,Craft-repair,White,Husband,True,Private,1,0.0,0.0,11.638367980660743,0.8937728937728938
30,0.0,0.0,11,176862,40,Married-civ-spouse,United-States,Prof-specialty,White,Husband,True,Private,0,0.0,0.0,12.083130700555127,0.8937728937728938
50,0.0,0.0,13,105010,45,Married-civ-spouse,United-States,Farming-fishing,White,Husband,True,Private,1,0.0,0.0,11.561820385557278,0.8937728937728938
29,0.0,0.0,13,211482,50,Never-married,United-States,Prof-specialty,White,Not-in-family,True,Private,1,0.0,0.0,12.261899895987375,0.8937728937728938
41,0.0,0.0,9,169628,40,Married-civ-spouse,?,Machine-op-inspct,Black,Wife,False,Private,0,0.0,0.0,12.041368978288757,0.0115995115995116
63,0.0,0.0,13,109849,21,Never-married,United-States,Prof-specialty,Black,Not-in-family,False,Local-gov,0,0.0,0.0,11.606871077812757,0.8937728937728938
34,0.0,0.0,12,234096,40,Married-civ-spouse,United-States,Prof-specialty,White,Husband,True,Local-gov,1,0.0,0.0,12.36349083836058,0.8937728937728938
19,0.0,0.0,10,466458,20,Never-married,United-States,Adm-clerical,White,Own-child,False,Private,0,0.0,0.0,13.052925406875493,0.8937728937728938
35,0.0,0.0,7,348771,36,Married-civ-spouse,United-States,Craft-repair,White,Husband,True,Self-emp-not-inc,0,0.0,0.0,12.762173692565375,0.8937728937728938
35,0.0,0.0,10,259727,55,Married-civ-spouse,United-States,Craft-repair,White,Husband,True,Private,0,0.0,0.0,12.467390208550626,0.8937728937728938
44,0.0,0.0,13,308027,40,Divorced,United-States,Exec-managerial,Black,Not-in-family,False,Federal-gov,0,0.0,0.0,12.63794596691464,0.8937728937728938
42,0.0,0.0,13,96115,40,Separated,United-States,Other-service,White,Not-in-family,True,Private,0,0.0,0.0,11.473311074336136,0.8937728937728938
59,0.0,0.0,9,148844,40,Divorced,United-States,Machine-op-inspct,White,Not-in-family,False,Private,0,0.0,0.0,11.910660775016451,0.8937728937728938
29,0.0,0.0,9,264961,45,Never-married,United-States,Craft-repair,White,Own-child,True,Private,0,0.0,0.0,12.487341698459723,0.8937728937728938
24,0.0,0.0,11,157332,40,Divorced,United-States,Tech-support,White,Not-in-family,False,Private,0,0.0,0.0,11.96611985725327,0.8937728937728938
41,0.0,0.0,11,254630,80,Divorced,United-States,?,White,Not-in-family,True,?,0,0.0,0.0,12.44757071731628,0.8937728937728938
51,0.0,0.0,9,103803,50,Married-civ-spouse,United-States,Machine-op-inspct,Black,Husband,True,Private,0,0.0,0.0,11.550259784616918,0.8937728937728938
39,0.0,0.0,10,184964,40,Divorced,United-States,Adm-clerical,White,Not-in-family,True,Federal-gov,1,0.0,0.0,12.12792189697274,0.8937728937728938
31,0.0,0.0,9,118941,35,Never-married,United-States,Adm-clerical,White,Own-child,False,Private,0,0.0,0.0,11.686391258320153,0.8937728937728938
70,0.0,0.0,9,111712,22,Married-civ-spouse,United-States,Exec-managerial,White,Husband,True,Local-gov,0,0.0,0.0,11.6236883614545,0.8937728937728938
35,0.0,0.0,13,226916,40,Widowed,United-States,Adm-clerical,White,Not-in-family,True,Federal-gov,1,0.0,0.0,12.332339590834867,0.8937728937728938
20,114.0,0.0,5,59948,20,Never-married,United-States,Adm-clerical,Black,Unmarried,False,Private,0,4.74493212836325,0.0,11.001249479749399,0.8937728937728938
34,0.0,0.0,9,236543,40,Never-married,United-States,Craft-repair,White,Own-child,True,Private,0,0.0,0.0,12.373889516121247,0.8937728937728938
28,0.0,0.0,9,137898,35,Divorced,United-States,Adm-clerical,White,Not-in-family,False,Private,0,0.0,0.0,11.834276812123482,0.8937728937728938
35,0.0,0.0,13,166416,50,Married-civ-spouse,United-States,Exec-managerial,White,Husband,True,Private,1,0.0,0.0,12.022251965612453,0.8937728937728938
48,0.0,0.0,6,207848,40,Married-civ-spouse,United-States,Adm-clerical,White,Wife,False,Private,0,0.0,0.0,12.244567133507314,0.8937728937728938
42,0.0,0.0,9,221172,40,Divorced,United-States,Craft-repair,White,Not-in-family,True,Self-emp-not-inc,0,0.0,0.0,12.306700479697387,0.8937728937728938
23,0.0,0.0,10,33884,40,Separated,United-States,Sales,White,Unmarried,False,Private,0,0.0,0.0,10.430727717570214,0.8937728937728938
40,0.0,0.0,10,303291,35,Married-civ-spouse,United-States,Other-service,White,Wife,False,Private,0,0.0,0.0,12.622451316803913,0.8937728937728938
25,0.0,1726.0,13,122489,60,Never-married,United-States,Exec-managerial,White,Own-child,False,Private,0,0.0,7.454141078146678,11.715784672981732,0.8937728937728938
49,0.0,0.0,5,192203,40,Married-civ-spouse,__RARE__,Craft-repair,White,Husband,True,Self-emp-not-inc,0,0.0,0.0,12.166312586956296,0.0
31,0.0,0.0,10,171184,40,Divorced,__RARE__,Exec-managerial,White,Not-in-family,False,Private,0,0.0,0.0,12.05050012202877,0.0
17,0.0,0.0,6,158762,16,Never-married,United-States,Adm-clerical,White,Own-child,False,Private,0,0.0,0.0,11.975167803165935,0.8937728937728938
48,0.0,0.0,9,222478,20,Married-civ-spouse,United-States,?,White,Husband,True,?,0,0.0,0.0,12.312587994111697,0.8937728937728938
52,0.0,0.0,10,174767,45,Married-civ-spouse,United-States,Exec-managerial,White,Husband,True,Private,1,0.0,0.0,12.071214659083324,0.8937728937728938
28,0.0,0.0,9,125442,40,Divorced,United-States,Craft-repair,White,Own-child,True,Self-emp-not-inc,0,0.0,0.0,11.739606751114582,0.8937728937728938
34,0.0,0.0,13,169708,40,Married-civ-spouse,United-States,Prof-specialty,White,Wife,False,Local-gov,1,0.0,0.0,12.041840484583261,0.8937728937728938
44,0.0,0.0,9,102238,40,Divorced,United-States,Craft-repair,White,Unmarried,True,Federal-gov,0,0.0,0.0,11.53506848865586,0.8937728937728938
29,0.0,0.0,10,190330,10,Never-married,United-States,Other-service,White,Own-child,False,Local-gov,0,0.0,0.0,12.156519940700496,0.8937728937728938
18,594.0,0.0,8,198616,20,Never-married,United-States,Craft-repair,White,Own-child,True,Private,0,6.38856140554563,0.0,12.199133626124167,0.8937728937728938
29,4386.0,0.0,9,288229,45,Married-civ-spouse,United-States,Tech-support,Asian-Pac-Islander,Wife,False,Private,1,8.386400901166214,0.0,12.571514051509018,0.8937728937728938
23,0.0,0.0,10,27776,24,Married-civ-spouse,United-States,Transport-moving,White,Husband,True,Private,0,0.0,0.0,10.231963619116156,0.8937728937728938
17,0.0,0.0,7,129396,26,Never-married,United-States,Sales,White,Other-relative,False,Private,0,0.0,0.0,11.770640476854375,0.8937728937728938
90,0.0,0.0,10,225063,10,Never-married,__RARE__,?,Asian-Pac-Islander,Own-child,True,?,0,0.0,0.0,12.32414008518435,0.0
33,0.0,0.0,4,280923,40,Married-civ-spouse,Mexico,Handlers-cleaners,White,Husband,True,Private,0,0.0,0.0,12.545839449100816,0.02197802197802198
36,0.0,0.0,10,223020,20,Divorced,United-States,Other-service,Black,Unmarried,False,State-gov,0,0.0,0.0,12.31502121641209,0.8937728937728938
24,0.0,0.0,9,161638,40,Married-civ-spouse,__RARE__,Machine-op-inspct,White,Not-in-family,False,Private,0,0.0,0.0,11.993120732585794,0.0
21,0.0,0.0,9,80680,64,Never-married,United-States,Other-service,White,Not-in-family,False,Private,0,0.0,0.0,11.298258386636848,0.8937728937728938
36,0.0,0.0,9,191754,50,Married-civ-spouse,United-States,Craft-repair,White,Husband,True,Private,0,0.0,0.0,12.163973794508836,0.8937728937728938
42,0.0,0.0,10,118494,44,Married-civ-spouse,United-States,Prof-specialty,White,Husband,True,Private,1,0.0,0.0,11.6826260445743,0.8937728937728938
74,0.0,0.0,5,95630,10,Married-civ-spouse,United-States,?,White,Husband,True,?,0,0.0,0.0,11.468252314258486,0.8937728937728938
36,15024.0,0.0,9,61778,40,Married-civ-spouse,United-States,Prof-specialty,White,Husband,True,Local-gov,1,9.617470759403409,0.0,11.031318779873457,0.8937728937728938
48,0.0,0.0,10,136455,16,Divorced,United-States,Sales,White,Not-in-family,False,Private,0,0.0,0.0,11.82375749732071,0.8937728937728938
19,0.0,0.0,9,414871,40,Never-married,United-States,Craft-repair,White,Own-child,True,Private,0,0.0,0.0,12.935725317902428,0.8937728937728938
63,0.0,0.0,9,102412,40,Divorced,United-States,Sales,White,Not-in-family,False,Private,0,0.0,0.0,11.536768936654678,0.8937728937728938
59,6849.0,0.0,10,241297,40,Widowed,United-States,Farming-fishing,White,Not-in-family,False,Self-emp-not-inc,0,8.83200393125627,0.0,12.393787963141145,0.8937728937728938
36,0.0,0.0,9,266347,43,Never-married,United-States,Craft-repair,White,Not-in-family,True,Private,0,0.0,0.0,12.492559003400114,0.8937728937728938
68,0.0,0.0,16,89011,50,Married-civ-spouse,__RARE__,Prof-specialty,White,Husband,True,Self-emp-not-inc,0,0.0,0.0,11.396526471086007,0.0
31,0.0,0.0,9,241885,45,Never-married,United-States,Farming-fishing,White,Unmarried,True,Private,0,0.0,0.0,12.396221819768265,0.8937728937728938
34,0.0,0.0,9,117983,40,Never-married,United-States,Adm-clerical,White,Not-in-family,False,Private,0,0.0,0.0,11.67830430103387,0.8937728937728938
50,0.0,0.0,9,32372,30,Married-civ-spouse,United-States,Farming-fishing,White,Husband,True,Self-emp-not-inc,0,0.0,0.0,10.385080021031843,0.8937728937728938
60,0.0,0.0,9,208915,40,Widowed,__RARE__,Craft-repair,Asian-Pac-Islander,Other-relative,False,Private,0,0.0,0.0,12.249687536282321,0.0
40,3411.0,0.0,10,169262,50,Married-civ-spouse,United-States,Exec-managerial,White,Husband,True,Private,0,8.13505390861157,0.0,12.039208997278298,0.8937728937728938
60,4934.0,0.0,11,237317,40,Divorced,United-States,Prof-specialty,White,Unmarried,True,Federal-gov,1,8.504107951867582,0.0,12.377156292897325,0.8937728937728938
37,0.0,0.0,10,107302,50,Married-civ-spouse,United-States,Sales,White,Husband,True,Private,1,0.0,0.0,11.583411887221422,0.8937728937728938
44,0.0,0.0,13,63042,50,Divorced,United-States,Exec-managerial,White,Own-child,False,Private,1,0.0,0.0,11.051572312231935,0.8937728937728938
43,0.0,0.0,9,141327,40,Divorced,United-States,Machine-op-inspct,White,Not-in-family,False,Private,0,0.0,0.0,11.858838708984914,0.8937728937728938
30,0.0,0.0,14,211654,40,Married-civ-spouse,United-States,Prof-specialty,White,Husband,True,Local-gov,1,0.0,0.0,12.262712869577424,0.8937728937728938
46,0.0,0.0,13,180532,50,Married-civ-spouse,United-States,Sales,White,Husband,True,Private,1,0.0,0.0,12.103668865529295,0.8937728937728938
46,0.0,1977.0,13,129007,40,Married-civ-spouse,United-States,Sales,White,Husband,True,Private,1,0.0,7.589841512182657,11.767629696924804,0.8937728937728938
48,0.0,0.0,6,112860,35,Married-civ-spouse,United-States,?,Black,Wife,False,?,0,0.0,0.0,11.633912252019053,0.8937728937728938
44,0.0,0.0,10,208606,40,Married-civ-spouse,United-States,Machine-op-inspct,White,Husband,True,Private,1,0.0,0.0,12.248207378032763,0.8937728937728938
30,0.0,0.0,10,247444,40,Married-civ-spouse,__RARE__,Machine-op-inspct,White,Husband,True,Private,0,0.0,0.0,12.418943614073644,0.0
52,0.0,0.0,9,168539,40,Married-civ-spouse,United-States,Machine-op-inspct,White,Husband,True,Federal-gov,1,0.0,0.0,12.034928389326344,0.8937728937728938
49,0.0,0.0,9,200471,40,Married-civ-spouse,United-States,Craft-repair,White,Husband,True,Self-emp-not-inc,0,0.0,0.0,12.208429865103852,0.8937728937728938
33,0.0,0.0,13,156464,50,Never-married,United-States,Sales,White,Not-in-family,True,Private,1,0.0,0.0,11.960587621778181,0.8937728937728938
47,0.0,0.0,9,211123,40,Married-civ-spouse,United-States,Craft-repair,White,Husband,True,Federal-gov,0,0.0,0.0,12.260200917568392,0.8937728937728938
59,0.0,0.0,4,515712,40,Married-civ-spouse,United-States,Craft-repair,White,Husband,True,Private,0,0.0,0.0,13.15330568817585,0.8937728937728938
32,0.0,1977.0,13,86150,40,Married-civ-spouse,United-States,Exec-managerial,Asian-Pac-Islander,Wife,False,Federal-gov,1,0.0,7.589841512182657,11.363856849549764,0.8937728937728938
46,0.0,0.0,5,216666,40,Married-civ-spouse,__RARE__,Machine-op-inspct,White,Husband,True,Private,0,0.0,0.0,12.286116891664065,0.0
26,0.0,0.0,9,163189,40,Never-married,United-States,Sales,White,Own-child,True,Self-emp-not-inc,0,0.0,0.0,12.00267044512498,0.8937728937728938
33,0.0,0.0,9,163392,48,Married-civ-spouse,United-States,Prof-specialty,Amer-Indian-Eskimo,Husband,True,Private,1,0.0,0.0,12.003913620833112,0.8937728937728938
29,0.0,0.0,11,29261,50,Never-married,United-States,Machine-op-inspct,White,Not-in-family,True,Private,0,0.0,0.0,10.284045024938107,0.8937728937728938
60,0.0,0.0,10,297261,15,Widowed,United-States,Sales,White,Not-in-family,False,Private,0,0.0,0.0,12.602369183797052,0.8937728937728938
35,0.0,0.0,13,32126,40,Never-married,United-States,Prof-specialty,White,Not-in-family,False,Private,0,0.0,0.0,10.377452077068984,0.8937728937728938
36,0.0,0.0,13,180752,40,Never-married,United-States,Protective-serv,Black,Unmarried,False,State-gov,0,0.0,0.0,12.104886737393647,0.8937728937728938
25,0.0,0.0,9,160445,40,Divorced,United-States,Craft-repair,White,Not-in-family,True,Private,0,0.0,0.0,11.98571271634255,0.8937728937728938
33,0.0,0.0,11,168782,40,Never-married,United-States,Craft-repair,White,Unmarried,True,Private,0,0.0,0.0,12.036369145171836,0.8937728937728938
48,0.0,0.0,9,101684,40,Married-civ-spouse,United-States,Sales,White,Husband,True,Private,0,0.0,0.0,11.529635078533175,0.8937728937728938
33,0.0,0.0,10,196963,60,Never-married,United-States,Exec-managerial,White,Not-in-family,False,Self-emp-inc,0,0.0,0.0,12.190776249904182,0.8937728937728938
62,0.0,0.0,9,159474,50,Married-civ-spouse,United-States,Machine-op-inspct,White,Husband,True,Private,0,0.0,0.0,11.979642449110155,0.8937728937728938
38,0.0,0.0,9,423605,40,Married-civ-spouse,__RARE__,Craft-repair,White,Husband,True,Private,0,0.0,0.0,12.956559056915024,0.0
38,0.0,0.0,10,189614,40,Married-civ-spouse,United-States,Adm-clerical,White,Wife,False,Local-gov,0,0.0,0.0,12.152750979597768,0.8937728937728938
33,0.0,0.0,10,88913,40,Never-married,United-States,Adm-clerical,Asian-Pac-Islander,Own-child,False,Federal-gov,0,0.0,0.0,11.395424889418234,0.8937728937728938
27,0.0,0.0,9,123302,40,Married-civ-spouse,__RARE__,Other-service,White,Husband,True,Private,0,0.0,0.0,11.722400019756687,0.0
35,0.0,0.0,13,308489,50,Married-civ-spouse,United-States,Sales,Black,Husband,True,Private,0,0.0,0.0,12.639444706891346,0.8937728937728938
55,0.0,0.0,13,141807,40,Married-civ-spouse,United-States,Exec-managerial,White,Husband,True,Self-emp-not-inc,1,0.0,0.0,11.86222930897818,0.8937728937728938
21,0.0,0.0,9,351381,40,Never-married,United-States,Adm-clerical,White,Own-child,False,Private,0,0.0,0.0,12.769629229746435,0.8937728937728938
34,7443.0,0.0,9,212064,35,Separated,United-States,Adm-clerical,White,Unmarried,False,Private,0,8.915163617762142,0.0,12.264648110434402,0.8937728937728938
60,0.0,0.0,9,83861,40,Married-civ-spouse,United-States,Handlers-cleaners,White,Husband,True,Private,0,0.0,0.0,11.336927869712962,0.8937728937728938
40,0.0,0.0,9,377322,40,Married-civ-spouse,United-States,Craft-repair,Black,Husband,True,Private,1,0.0,0.0,12.840856863543165,0.8937728937728938
19,0.0,0.0,10,206751,30,Never-married,United-States,Adm-clerical,White,Own-child,True,Private,0,0.0,0.0,12.239275286357891,0.8937728937728938
49,0.0,0.0,12,225454,45,Married-civ-spouse,United-States,Prof-specialty,White,Husband,True,Private,1,0.0,0.0,12.325875861469795,0.8937728937728938
28,0.0,0.0,13,228043,48,Never-married,United-States,Sales,White,Not-in-family,False,Self-emp-not-inc,0,0.0,0.0,12.337293871774,0.8937728937728938
57,0.0,0.0,9,98466,16,Married-civ-spouse,United-States,Adm-clerical,White,Wife,False,Self-emp-not-inc,0,0.0,0.0,11.49747674564593,0.8937728937728938
51,0.0,0.0,6,243631,40,Married-civ-spouse,United-States,Craft-repair,Amer-Indian-Eskimo,Husband,True,State-gov,0,0.0,0.0,12.403414169080513,0.8937728937728938
23,0.0,0.0,13,91189,20,Married-civ-spouse,United-States,Other-service,White,Husband,True,Private,0,0.0,0.0,11.420700520927712,0.8937728937728938
36,15024.0,0.0,9,170174,56,Married-civ-spouse,United-States,Craft-repair,White,Husband,True,Private,1,9.617470759403409,0.0,12.044582598316152,0.8937728937728938
27,0.0,0.0,9,86153,40,Never-married,__RARE__,Tech-support,White,Unmarried,False,Private,0,0.0,0.0,11.363891671522431,0.0
38,0.0,0.0,9,48093,40,Married-civ-spouse,United-States,Handlers-cleaners,White,Husband,True,Private,0,0.0,0.0,10.780912708188415,0.8937728937728938
64,15024.0,0.0,16,71807,50,Married-civ-spouse,?,Prof-specialty,White,Husband,True,Self-emp-not-inc,1,9.617470759403409,0.0,11.181751169442313,0.0115995115995116
41,7688.0,0.0,13,352834,55,Married-civ-spouse,United-States,Prof-specialty,White,Husband,True,Private,1,8.94754601503218,0.0,12.773755804543356,0.8937728937728938
34,0.0,0.0,9,345705,45,Never-married,United-States,Craft-repair,White,Not-in-family,True,Self-emp-not-inc,1,0.0,0.0,12.753343981848195,0.8937728937728938
32,0.0,0.0,3,247328,40,Never-married,Mexico,Other-service,White,Not-in-family,True,Private,0,0.0,0.0,12.418474713112294,0.02197802197802198
34,0.0,0.0,6,112584,38,Divorced,United-States,Other-service,White,Unmarried,False,Private,0,0.0,0.0,11.63146377089376,0.8937728937728938
43,0.0,0.0,10,197397,6,Married-civ-spouse,__RARE__,Prof-specialty,__RARE__,Wife,False,Private,0,0.0,0.0,12.192977274217933,0.0
23,0.0,0.0,13,67311,40,Never-married,__RARE__,Exec-managerial,White,Own-child,False,Private,0,0.0,0.0,11.117093805830303,0.0
32,7688.0,0.0,13,173730,40,Married-civ-spouse,United-States,Exec-managerial,White,Husband,True,Private,1,8.94754601503218,0.0,12.065263404929631,0.8937728937728938
37,0.0,0.0,6,239397,40,Married-civ-spouse,Mexico,Machine-op-inspct,White,Husband,True,Private,0,0.0,0.0,12.385882717852233,0.02197802197802198
36,0.0,0.0,9,465326,40,Married-civ-spouse,United-States,Farming-fishing,White,Husband,True,Private,0,0.0,0.0,13.050495663228538,0.8937728937728938
37,0.0,0.0,9,168496,10,Divorced,United-States,Handlers-cleaners,White,Own-child,True,Self-emp-not-inc,0,0.0,0.0,12.034673224461756,0.8937728937728938
36,0.0,0.0,11,133974,40,Divorced,United-States,Sales,White,Unmarried,False,Private,0,0.0,0.0,11.805408494363052,0.8937728937728938
80,0.0,0.0,15,148623,35,Married-civ-spouse,United-States,Prof-specialty,White,Husband,True,Private,1,0.0,0.0,11.909174905627301,0.8937728937728938
59,0.0,0.0,10,109015,38,Never-married,United-States,Prof-specialty,White,Not-in-family,False,Private,1,0.0,0.0,11.599249939429656,0.8937728937728938
24,0.0,0.0,9,229773,40,Never-married,United-States,Machine-op-inspct,White,Own-child,True,Private,0,0.0,0.0,12.34485149613328,0.8937728937728938
24,4101.0,0.0,9,556660,50,Never-married,United-States,Exec-managerial,White,Other-relative,True,Private,0,8.319229938632326,0.0,13.229711716032297,0.8937728937728938
25,0.0,0.0,13,181896,40,Never-married,United-States,Adm-clerical,White,Own-child,False,Private,0,0.0,0.0,12.11119587179187,0.8937728937728938
53,0.0,0.0,9,30447,50,Divorced,United-States,Machine-op-inspct,White,Not-in-family,True,Private,0,0.0,0.0,10.32377558953593,0.8937728937728938
47,0.0,0.0,13,333052,5,Divorced,United-States,Exec-managerial,White,Not-in-family,False,Self-emp-not-inc,0,0.0,0.0,12.716056915457266,0.8937728937728938
39,0.0,0.0,9,300760,50,Divorced,United-States,Tech-support,White,Unmarried,False,Private,0,0.0,0.0,12.614071208396663,0.8937728937728938
56,0.0,0.0,4,117148,40,Divorced,United-States,Machine-op-inspct,White,Not-in-family,False,Private,0,0.0,0.0,11.671201907834636,0.8937728937728938
23,0.0,0.0,9,35633,40,Married-civ-spouse,United-States,Handlers-cleaners,White,Husband,True,Private,0,0.0,0.0,10.481055517243915,0.8937728937728938
26,0.0,0.0,9,61996,62,Divorced,United-States,Adm-clerical,White,Not-in-family,False,Private,0,0.0,0.0,11.034841275759762,0.8937728937728938
57,0.0,0.0,9,84888,50,Married-civ-spouse,United-States,Transport-moving,White,Husband,True,Private,0,0.0,0.0,11.349099799712105,0.8937728937728938
40,0.0,0.0,9,130571,40,Never-married,United-States,Other-service,White,Not-in-family,False,Private,0,0.0,0.0,11.779680077739012,0.8937728937728938
17,0.0,0.0,6,181129,10,Never-married,United-States,Sales,White,Own-child,False,Private,0,0.0,0.0,12.106970284486962,0.8937728937728938
34,0.0,0.0,13,312055,40,Never-married,United-States,Exec-managerial,White,Not-in-family,True,Private,1,0.0,0.0,12.65093793786521,0.8937728937728938
81,2062.0,0.0,5,114670,5,Widowed,United-States,__RARE__,Black,Not-in-family,False,Private,0,7.631916513071252,0.0,11.64982243767105,0.8937728937728938
39,0.0,0.0,14,225544,40,Married-civ-spouse,__RARE__,Transport-moving,White,Husband,True,Private,0,0.0,0.0,12.326274974557132,0.0
36,0.0,0.0,9,190023,60,Married-civ-spouse,United-States,Transport-moving,White,Husband,True,Private,1,0.0,0.0,12.15490565895493,0.8937728937728938
56,0.0,1902.0,9,145574,60,Married-civ-spouse,United-States,Other-service,White,Husband,True,Self-emp-not-inc,1,0.0,7.551186867296149,11.888446696705321,0.8937728937728938
21,0.0,0.0,10,120998,20,Never-married,United-States,Prof-specialty,White,Not-in-family,True,Private,0,0.0,0.0,11.703537560081918,0.8937728937728938
36,0.0,0.0,10,325374,40,Married-civ-spouse,United-States,Craft-repair,White,Husband,True,Private,0,0.0,0.0,12.692733642296867,0.8937728937728938
49,0.0,0.0,11,349230,60,Married-civ-spouse,United-States,Exec-managerial,White,Husband,True,Self-emp-inc,1,0.0,0.0,12.763488873348727,0.8937728937728938
29,0.0,0.0,10,131913,40,Never-married,United-States,Adm-clerical,Black,Other-relative,False,Private,0,0.0,0.0,11.789905474088767,0.8937728937728938
35,0.0,0.0,13,202683,40,Never-married,United-States,?,White,Not-in-family,True,?,0,0.0,0.0,12.219403394938817,0.8937728937728938
26,0.0,0.0,7,305304,40,Married-civ-spouse,United-States,Machine-op-inspct,White,Husband,True,Private,0,0.0,0.0,12.629066555922632,0.8937728937728938
26,0.0,2051.0,10,115717,40,Married-civ-spouse,United-States,Adm-clerical,White,Husband,True,Private,0,0.0,7.62657020629066,11.658911475843587,0.8937728937728938
49,1506.0,0.0,9,48120,40,Never-married,United-States,Transport-moving,Black,Unmarried,False,Private,0,7.317876198626496,0.0,10.781473951252568,0.8937728937728938
61,0.0,0.0,12,153790,40,Widowed,United-States,Machine-op-inspct,Black,Unmarried,False,Private,0,0.0,0.0,11.943349816786196,0.8937728937728938
29,0.0,0.0,10,142712,40,Married-civ-spouse,United-States,Adm-clerical,White,Husband,True,Federal-gov,1,0.0,0.0,11.868590899525786,0.8937728937728938
47,0.0,0.0,9,134671,40,Married-spouse-absent,United-States,Craft-repair,White,Not-in-family,True,Self-emp-not-inc,0,0.0,0.0,11.810597471451358,0.8937728937728938
46,0.0,0.0,11,164682,40,Separated,United-States,Prof-specialty,White,Not-in-family,True,Private,0,0.0,0.0,12.01177769286632,0.8937728937728938
44,0.0,0.0,4,248249,50,Married-civ-spouse,United-States,Handlers-cleaners,White,Husband,True,Private,0,0.0,0.0,12.42219158190742,0.8937728937728938
17,0.0,0.0,7,198146,15,Never-married,United-States,Sales,White,Own-child,False,Private,0,0.0,0.0,12.19676445845855,0.8937728937728938
25,0.0,0.0,10,283515,60,Never-married,United-States,Protective-serv,White,Not-in-family,True,Private,0,0.0,0.0,12.555023837947186,0.8937728937728938
42,3325.0,0.0,9,111468,40,Divorced,United-States,Adm-clerical,White,Unmarried,False,Private,0,8.109525659752872,0.0,11.621501804319836,0.8937728937728938
41,0.0,0.0,10,173051,45,Divorced,United-States,Other-service,White,Unmarried,False,Local-gov,0,0.0,0.0,12.061347406350071,0.8937728937728938
34,0.0,0.0,13,150324,40,Married-civ-spouse,United-States,Prof-specialty,White,Husband,True,Private,1,0.0,0.0,11.92055489590777,0.8937728937728938
61,4386.0,0.0,13,244856,40,Married-civ-spouse,United-States,?,White,Husband,True,?,1,8.386400901166214,0.0,12.408429645653808,0.8937728937728938
50,0.0,0.0,13,38795,50,Married-civ-spouse,United-States,Prof-specialty,White,Husband,True,Private,0,0.0,0.0,10.566072427513433,0.8937728937728938
39,0.0,0.0,14,76417,40,Married-civ-spouse,United-States,Prof-specialty,White,Husband,True,Private,1,0.0,0.0,11.243973549499037,0.8937728937728938
46,0.0,1902.0,13,172581,50,Married-civ-spouse,United-States,Exec-managerial,White,Husband,True,Private,1,0.0,7.551186867296149,12.058627764823518,0.8937728937728938
58,0.0,0.0,9,33309,80,Widowed,United-States,Farming-fishing,White,Not-in-family,True,Self-emp-not-inc,0,0.0,0.0,10.413612931187725,0.8937728937728938
48,0.0,0.0,9,34845,40,Divorced,United-States,Craft-repair,White,Other-relative,True,Private,0,0.0,0.0,10.45869363198285,0.8937728937728938
44,0.0,0.0,10,33126,80,Married-civ-spouse,United-States,Exec-managerial,White,Husband,True,Self-emp-inc,0,0.0,0.0,10.408103938824375,0.8937728937728938
36,14344.0,0.0,12,337039,40,Never-married,__RARE__,Tech-support,Black,Not-in-family,True,Private,1,9.571156728415465,0.0,12.727956896652898,0.0
33,0.0,0.0,6,117983,45,Divorced,United-States,Other-service,White,Unmarried,False,Private,0,0.0,0.0,11.67830430103387,0.8937728937728938
42,7298.0,0.0,13,162140,45,Married-civ-spouse,United-States,Exec-managerial,White,Husband,True,Private,1,8.895492631451633,0.0,11.996221606032238,0.8937728937728938
53,7298.0,0.0,10,117674,40,Married-civ-spouse,United-States,Craft-repair,White,Husband,True,Private,1,8.895492631451633,0.0,11.675681866269343,0.8937728937728938
23,0.0,0.0,9,285775,42,Never-married,United-States,Protective-serv,White,Other-relative,True,Private,0,0.0,0.0,12.562963566144266,0.8937728937728938
53,0.0,0.0,11,263439,50,Married-civ-spouse,United-States,Sales,White,Husband,True,Self-emp-not-inc,1,0.0,0.0,12.481580917050247,0.8937728937728938
60,0.0,0.0,4,187458,40,Married-civ-spouse,United-States,Craft-repair,White,Husband,True,Private,0,0.0,0.0,12.141315433814894,0.8937728937728938
26,0.0,0.0,10,189590,30,Never-married,United-States,Adm-clerical,White,Not-in-family,True,Private,0,0.0,0.0,12.15262439932197,0.8937728937728938
37,0.0,0.0,9,326886,40,Married-civ-spouse,United-States,Transport-moving,White,Husband,True,Private,0,0.0,0.0,12.697369824408552,0.8937728937728938
65,25124.0,0.0,15,224472,80,Never-married,United-States,?,White,Not-in-family,True,?,1,10.131618645361376,0.0,12.32151071167118,0.8937728937728938
