age,capital_gain,capital_loss,education,final_weight,hours_worked_per_week,marital_status,native_country,occupation,race,relationship,is_male,workclass,over_threshold
33,0.0,0.0,13,150657,40,Never-married,United-States,Prof-specialty,Black,Other-relative,False,State-gov,0
55,0.0,0.0,6,176904,50,Married-civ-spouse,United-States,Transport-moving,White,Husband,True,Private,0
54,0.0,0.0,9,329733,40,Never-married,United-States,Exec-managerial,White,Unmarried,True,Private,1
32,0.0,0.0,9,101266,40,Married-civ-spouse,?,Other-service,White,Husband,True,Private,0
22,0.0,1590.0,9,21154,32,Never-married,United-States,Other-service,White,Not-in-family,False,Private,0
28,0.0,0.0,9,141702,60,Never-married,United-States,Sales,White,Not-in-family,True,Self-emp-not-inc,0
39,0.0,0.0,12,160623,40,Never-married,United-States,Craft-repair,White,Own-child,True,Private,0
28,0.0,0.0,10,36601,35,Never-married,United-States,Other-service,White,Unmarried,False,Private,0
54,0.0,0.0,11,164757,16,Married-civ-spouse,United-States,Craft-repair,White,Husband,True,Self-emp-not-inc,0
46,0.0,0.0,16,344415,40,Married-civ-spouse,United-States,Prof-specialty,White,Husband,True,Private,1
38,3781.0,0.0,4,171150,78,Married-civ-spouse,United-States,Craft-repair,White,Husband,True,Private,0
48,0.0,0.0,13,204629,40,Married-civ-spouse,United-States,Prof-specialty,White,Husband,True,Private,1
65,2964.0,0.0,4,72776,40,Never-married,United-States,Farming-fishing,White,Not-in-family,True,Self-emp-not-inc,0
36,15024.0,0.0,9,170174,56,Married-civ-spouse,United-States,Craft-repair,White,Husband,True,Private,1
24,0.0,0.0,9,161638,40,Married-civ-spouse,Ecuador,Machine-op-inspct,White,Not-in-family,False,Private,0
21,0.0,0.0,9,452640,40,Never-married,United-States,Craft-repair,White,Not-in-family,True,Private,0
50,0.0,0.0,9,67794,60,Married-spouse-absent,United-States,Sales,White,Not-in-family,True,Self-emp-inc,0
37,0.0,0.0,13,182148,39,Never-married,United-States,Other-service,White,Not-in-family,True,Private,0
38,0.0,0.0,11,104089,40,Never-married,United-States,Craft-repair,White,Own-child,True,Private,0
39,5013.0,0.0,9,196673,40,Married-civ-spouse,United-States,Other-service,White,Wife,False,Private,0
34,0.0,0.0,6,112584,38,Divorced,United-States,Other-service,White,Unmarried,False,Private,0
21,0.0,0.0,10,120998,20,Never-married,United-States,Prof-specialty,White,Not-in-family,True,Private,0
28,0.0,0.0,5,154863,40,Married-civ-spouse,Trinadad&Tobago,Craft-repair,Black,Husband,True,Local-gov,1
39,0.0,0.0,13,343646,40,Divorced,Mexico,Protective-serv,White,Not-in-family,True,State-gov,1
62,0.0,0.0,7,499971,40,Widowed,United-States,Handlers-cleaners,Black,Not-in-family,False,Private,0
53,0.0,0.0,3,188644,40,Married-civ-spouse,Mexico,Other-service,White,Husband,True,Local-gov,0
31,0.0,0.0,9,166248,40,Married-civ-spouse,United-States,Machine-op-inspct,White,Husband,True,Private,0
21,0.0,0.0,9,251603,40,Never-married,United-States,Adm-clerical,White,Not-in-family,False,Private,0
45,0.0,0.0,9,325390,40,Married-civ-spouse,United-States,Sales,White,Husband,True,Private,0
34,0.0,0.0,7,123084,40,Married-civ-spouse,United-States,Machine-op-inspct,White,Own-child,False,Private,0
47,0.0,0.0,6,652784,40,Married-civ-spouse,United-States,Machine-op-inspct,White,Husband,True,Private,0
43,0.0,0.0,15,293809,20,Married-civ-spouse,United-States,Prof-specialty,White,Husband,True,Self-emp-not-inc,0
41,4650.0,0.0,10,197069,40,Married-spouse-absent,United-States,Adm-clerical,Black,Not-in-family,True,Federal-gov,0
27,0.0,0.0,13,170148,28,Never-married,United-States,Tech-support,White,Own-child,False,Private,0
33,0.0,0.0,10,88913,40,Never-married,United-States,Adm-clerical,Asian-Pac-Islander,Own-child,False,Federal-gov,0
66,20051.0,0.0,16,174486,35,Married-civ-spouse,Jamaica,Prof-specialty,Black,Husband,True,Local-gov,1
46,0.0,0.0,10,166269,50,Divorced,United-States,Sales,White,Unmarried,True,Private,0
58,0.0,0.0,5,214502,50,Married-civ-spouse,United-States,Handlers-cleaners,White,Husband,True,Private,1
41,0.0,0.0,9,38397,40,Divorced,United-States,Other-service,White,Not-in-family,False,Private,0
53,0.0,0.0,14,254285,40,Married-civ-spouse,United-States,Prof-specialty,White,Husband,True,Private,1
28,0.0,0.0,9,137898,35,Divorced,United-States,Adm-clerical,White,Not-in-family,False,Private,0
46,0.0,0.0,14,144351,40,Married-civ-spouse,United-States,Prof-specialty,White,Husband,True,Private,1
22,0.0,0.0,9,24008,40,Never-married,United-States,Adm-clerical,White,Not-in-family,True,Private,0
28,0.0,0.0,13,52603,50,Married-civ-spouse,United-States,Sales,White,Husband,True,Private,1
39,0.0,0.0,9,115618,50,Married-civ-spouse,United-States,Transport-moving,White,Husband,True,Private,0
24,0.0,0.0,9,60668,40,Never-married,United-States,Craft-repair,White,Own-child,True,Self-emp-inc,0
40,0.0,0.0,9,191544,35,Never-married,United-States,Other-service,White,Not-in-family,False,Private,0
43,0.0,0.0,13,240698,40,Married-civ-spouse,United-States,Adm-clerical,White,Husband,True,Private,1
43,0.0,0.0,14,174295,55,Married-civ-spouse,United-States,Prof-specialty,White,Husband,True,Private,0
60,0.0,0.0,10,235336,70,Widowed,United-States,Exec-managerial,White,Not-in-family,False,Private,0
35,0.0,0.0,13,99156,50,Never-married,United-States,Sales,White,Not-in-family,True,Private,0
30,0.0,0.0,10,487330,30,Married-civ-spouse,United-States,Machine-op-inspct,White,Husband,True,Private,0
29,0.0,0.0,9,251170,40,Divorced,United-States,Adm-clerical,White,Own-child,False,Private,0
29,0.0,0.0,10,224215,40,Married-civ-spouse,United-States,Craft-repair,White,Husband,True,Private,1
39,0.0,0.0,12,100011,38,Never-married,United-States,Tech-support,White,Not-in-family,False,Local-gov,0
30,0.0,0.0,13,252752,40,Married-civ-spouse,United-States,Prof-specialty,White,Wife,False,Private,0
23,0.0,0.0,9,295254,40,Never-married,United-States,Adm-clerical,White,Not-in-family,False,Self-emp-inc,0
24,0.0,0.0,10,395297,30,Never-married,Japan,Other-service,White,Unmarried,False,Private,0
35,0.0,0.0,9,350169,38,Divorced,Japan,Machine-op-inspct,White,Unmarried,False,Private,0
41,0.0,0.0,10,381510,50,Never-married,United-States,Other-service,White,Own-child,True,Private,0
30,0.0,0.0,14,170449,40,Married-civ-spouse,United-States,Prof-specialty,Asian-Pac-Islander,Husband,True,Local-gov,1
22,0.0,0.0,9,244773,15,Never-married,United-States,Sales,Black,Own-child,False,Private,0
41,0.0,0.0,13,240124,50,Married-civ-spouse,United-States,Exec-managerial,White,Husband,True,Private,1
21,0.0,0.0,9,186849,40,Never-married,United-States,Handlers-cleaners,White,Own-child,True,Private,0
33,0.0,0.0,4,280923,40,Married-civ-spouse,Mexico,Handlers-cleaners,White,Husband,True,Private,0
44,0.0,1887.0,14,32627,60,Married-civ-spouse,United-States,Exec-managerial,White,Husband,True,Local-gov,1
39,0.0,0.0,9,76417,40,Married-civ-spouse,United-States,Farming-fishing,White,Husband,True,Private,0
19,0.0,0.0,9,426589,15,Never-married,United-States,?,White,Own-child,False,?,0
49,0.0,0.0,14,116927,60,Divorced,United-States,Prof-specialty,White,Not-in-family,True,Private,0
22,0.0,0.0,5,50163,40,Never-married,United-States,Transport-moving,White,Own-child,True,Private,0
39,0.0,0.0,9,96564,40,Divorced,United-States,Handlers-cleaners,White,Not-in-family,False,Private,0
57,0.0,0.0,4,199067,90,Married-civ-spouse,Greece,Exec-managerial,White,Husband,True,Self-emp-inc,1
18,0.0,0.0,9,177648,25,Never-married,United-States,Sales,White,Own-child,False,Private,0
67,0.0,0.0,9,180539,10,Married-civ-spouse,United-States,Sales,White,Husband,True,Private,0
35,0.0,0.0,9,31269,40,Married-civ-spouse,United-States,Exec-managerial,White,Husband,True,Private,0
47,0.0,0.0,13,149700,36,Married-civ-spouse,United-States,?,White,Husband,True,?,1
19,0.0,0.0,9,104112,30,Never-married,Haiti,Sales,Black,Unmarried,True,Private,0
26,0.0,0.0,10,164737,40,Never-married,United-States,Sales,White,Not-in-family,False,Private,0
21,0.0,0.0,9,440969,40,Never-married,United-States,Adm-clerical,White,Own-child,False,Private,0
36,0.0,0.0,9,238415,40,Divorced,United-States,Craft-repair,White,Unmarried,True,Private,0
38,0.0,0.0,15,166497,60,Never-married,United-States,Prof-specialty,White,Not-in-family,True,Self-emp-not-inc,1
46,0.0,0.0,15,199378,90,Never-married,United-States,Prof-specialty,White,Not-in-family,True,Private,0
39,0.0,0.0,7,403489,40,Divorced,United-States,Transport-moving,White,Own-child,True,Private,0
48,0.0,0.0,10,97470,40,Married-civ-spouse,United-States,Exec-managerial,White,Husband,True,Private,1
20,0.0,0.0,10,219835,30,Never-married,?,Sales,White,Own-child,True,Private,0
32,0.0,0.0,9,174789,50,Never-married,United-States,Craft-repair,White,Other-relative,True,Private,0
51,0.0,0.0,14,33863,45,Married-civ-spouse,United-States,Prof-specialty,White,Husband,True,Local-gov,0
39,0.0,0.0,14,76417,40,Married-civ-spouse,United-States,Prof-specialty,White,Husband,True,Private,1
26,0.0,0.0,9,333108,40,Divorced,United-States,Sales,White,Not-in-family,True,Private,0
39,0.0,0.0,12,257597,42,Married-civ-spouse,United-States,Tech-support,White,Husband,True,Private,0
31,0.0,0.0,3,252210,40,Never-married,Mexico,Other-service,White,Own-child,True,Private,0
40,0.0,0.0,9,377322,40,Married-civ-spouse,United-States,Craft-repair,Black,Husband,True,Private,1
20,0.0,0.0,10,239805,16,Never-married,United-States,?,White,Not-in-family,True,?,0
46,0.0,0.0,14,110110,65,Married-civ-spouse,United-States,Prof-specialty,White,Wife,False,Local-gov,1
20,2907.0,0.0,10,121596,35,Never-married,United-States,Other-service,White,Own-child,False,Private,0
37,0.0,0.0,9,264700,35,Married-civ-spouse,United-States,Tech-support,Black,Wife,False,Private,0
28,0.0,0.0,13,30070,50,Married-civ-spouse,United-States,Sales,White,Husband,True,Private,0
34,0.0,0.0,9,62124,40,Separated,United-States,Other-service,Black,Not-in-family,True,Private,0
35,0.0,0.0,10,259727,55,Married-civ-spouse,United-States,Craft-repair,White,Husband,True,Private,0
35,0.0,0.0,9,101709,60,Never-married,United-States,Transport-moving,Asian-Pac-Islander,Own-child,True,Private,0
65,0.0,0.0,9,244749,20,Married-civ-spouse,Cuba,?,White,Husband,True,?,0
51,0.0,0.0,9,280093,40,Separated,United-States,Adm-clerical,White,Other-relative,False,Private,0
21,0.0,0.0,10,232591,8,Never-married,United-States,Sales,White,Own-child,True,Private,0
55,0.0,0.0,7,169611,40,Widowed,United-States,Adm-clerical,White,Unmarried,False,Private,0
27,0.0,0.0,12,130807,40,Married-civ-spouse,United-States,Tech-support,White,Husband,True,Private,0
48,0.0,0.0,13,344381,42,Married-civ-spouse,United-States,Prof-specialty,Asian-Pac-Islander,Husband,True,Private,1
37,4650.0,0.0,11,117760,40,Never-married,United-States,Protective-serv,White,Not-in-family,True,Local-gov,0
46,0.0,0.0,12,83082,33,Never-married,United-States,Prof-specialty,White,Not-in-family,False,Private,0
46,99999.0,0.0,13,198660,72,Married-civ-spouse,United-States,Sales,White,Husband,True,Self-emp-inc,1
55,0.0,0.0,5,115198,48,Married-civ-spouse,United-States,Transport-moving,White,Wife,False,Private,0
19,0.0,0.0,9,252752,35,Never-married,United-States,?,Black,Own-child,True,?,0
43,0.0,0.0,9,177054,60,Married-civ-spouse,United-States,Transport-moving,White,Husband,True,Private,0
31,0.0,0.0,10,441949,40,Married-civ-spouse,Mexico,Tech-support,White,Husband,True,Private,1
42,0.0,0.0,13,142756,50,Divorced,United-States,Prof-specialty,White,Not-in-family,False,Local-gov,0
36,0.0,0.0,6,373952,40,Married-civ-spouse,United-States,Machine-op-inspct,White,Husband,True,Private,0
25,0.0,0.0,10,232938,40,Never-married,United-States,Farming-fishing,White,Unmarried,True,Private,0
37,7688.0,0.0,9,112158,99,Married-civ-spouse,United-States,Craft-repair,White,Husband,True,Private,1
49,0.0,0.0,13,268090,26,Married-civ-spouse,United-States,Sales,White,Husband,True,Private,1
45,0.0,0.0,13,246431,30,Never-married,United-States,Prof-specialty,White,Not-in-family,True,Private,0
18,2176.0,0.0,9,376647,25,Never-married,United-States,Handlers-cleaners,White,Own-child,True,Private,0
35,0.0,0.0,10,331395,50,Never-married,United-States,Exec-managerial,White,Not-in-family,True,Private,0
36,14344.0,0.0,12,337039,40,Never-married,England,Tech-support,Black,Not-in-family,True,Private,1
38,99999.0,0.0,15,478829,50,Married-civ-spouse,United-States,Prof-specialty,White,Husband,True,Self-emp-inc,1
52,0.0,0.0,6,152811,40,Widowed,United-States,Other-service,White,Unmarried,False,Private,0
33,0.0,0.0,14,156192,45,Married-civ-spouse,United-States,Prof-specialty,White,Husband,True,Private,1
40,0.0,0.0,10,235786,44,Married-civ-spouse,United-States,Craft-repair,White,Husband,True,Private,1
55,4064.0,0.0,9,226875,40,Married-civ-spouse,United-States,Sales,White,Husband,True,Private,0
42,0.0,0.0,9,33155,45,Married-civ-spouse,United-States,Machine-op-inspct,White,Husband,True,Private,0
17,0.0,0.0,6,127366,20,Never-married,United-States,Other-service,White,Own-child,False,Private,0
25,0.0,0.0,9,198163,40,Never-married,United-States,Exec-managerial,White,Own-child,False,Private,0
42,3325.0,0.0,9,111468,40,Divorced,United-States,Adm-clerical,White,Unmarried,False,Private,0
38,0.0,0.0,13,312528,37,Married-civ-spouse,United-States,Exec-managerial,White,Husband,True,State-gov,0
72,0.0,0.0,7,82635,40,Married-civ-spouse,United-States,?,White,Husband,True,?,0
49,0.0,0.0,6,59612,70,Divorced,United-States,Farming-fishing,White,Unmarried,True,Self-emp-not-inc,0
20,114.0,0.0,5,59948,20,Never-married,United-States,Adm-clerical,Black,Unmarried,False,Private,0
56,0.0,0.0,9,331569,36,Married-civ-spouse,United-States,Sales,Black,Wife,False,Private,0
29,0.0,0.0,10,66473,50,Never-married,United-States,Farming-fishing,White,Unmarried,True,Private,0
45,0.0,2258.0,9,187901,44,Divorced,United-States,Farming-fishing,White,Not-in-family,True,Private,1
25,0.0,0.0,13,257574,20,Never-married,United-States,Adm-clerical,Black,Not-in-family,False,Self-emp-not-inc,0
25,0.0,0.0,9,176616,40,Never-married,United-States,Other-service,White,Own-child,True,Local-gov,0
48,0.0,0.0,16,366089,45,Married-civ-spouse,United-States,Prof-specialty,White,Husband,True,Private,1
32,0.0,0.0,13,174215,60,Never-married,United-States,Exec-managerial,White,Not-in-family,False,Federal-gov,0
50,0.0,1902.0,13,204577,60,Married-civ-spouse,United-States,?,Black,Husband,True,?,1
38,0.0,0.0,15,187983,40,Married-civ-spouse,United-States,Sales,White,Wife,False,Private,0
28,0.0,0.0,10,264961,45,Married-civ-spouse,United-States,Craft-repair,White,Husband,True,Self-emp-not-inc,0
48,4386.0,0.0,9,449354,45,Married-civ-spouse,United-States,Adm-clerical,White,Husband,True,Private,1
19,0.0,0.0,9,43627,10,Never-married,United-States,Other-service,White,Own-child,True,Without-pay,0
65,99999.0,0.0,13,190160,40,Married-civ-spouse,United-States,Exec-managerial,White,Husband,True,Private,1
35,0.0,0.0,10,338611,40,Divorced,United-States,Adm-clerical,White,Unmarried,False,Private,0
58,0.0,0.0,2,227800,50,Separated,United-States,Farming-fishing,Black,Not-in-family,True,Private,0
61,0.0,0.0,9,149653,50,Married-civ-spouse,United-States,Exec-managerial,White,Husband,True,Private,0
20,0.0,0.0,9,200819,40,Never-married,United-States,Transport-moving,White,Own-child,True,State-gov,0
24,0.0,0.0,7,478457,30,Never-married,United-States,Prof-specialty,Black,Not-in-family,False,Private,0
33,0.0,0.0,9,154227,50,Married-civ-spouse,United-States,Sales,White,Husband,True,Self-emp-inc,1
24,0.0,0.0,13,29591,40,Never-married,United-States,Prof-specialty,Other,Not-in-family,False,Federal-gov,0
30,0.0,0.0,9,158688,40,Married-civ-spouse,United-States,Machine-op-inspct,White,Husband,True,Private,0
41,0.0,0.0,11,29927,40,Divorced,United-States,Prof-specialty,White,Unmarried,False,Private,0
43,0.0,0.0,13,200508,40,Married-civ-spouse,United-States,?,White,Husband,True,?,0
48,0.0,0.0,9,266337,40,Married-civ-spouse,United-States,?,White,Husband,True,?,0
28,0.0,0.0,9,239753,40,Never-married,United-States,Other-service,White,Not-in-family,False,Private,0
21,0.0,0.0,10,183945,35,Never-married,United-States,?,White,Own-child,False,?,0
49,0.0,0.0,9,200471,40,Married-civ-spouse,United-States,Craft-repair,White,Husband,True,Self-emp-not-inc,0
44,0.0,0.0,13,484879,40,Separated,United-States,Prof-specialty,White,Unmarried,False,State-gov,0
36,0.0,0.0,13,143437,40,Divorced,United-States,Prof-specialty,Other,Not-in-family,False,State-gov,0
42,0.0,0.0,14,114580,70,Divorced,United-States,Exec-managerial,White,Unmarried,False,Self-emp-not-inc,0
38,15024.0,0.0,13,333651,70,Married-civ-spouse,United-States,Prof-specialty,White,Husband,True,Private,1
34,0.0,0.0,9,345705,45,Never-married,United-States,Craft-repair,White,Not-in-family,True,Self-emp-not-inc,1
45,0.0,0.0,13,201865,40,Married-spouse-absent,United-States,Exec-managerial,White,Unmarried,True,Private,0
23,0.0,0.0,9,93977,40,Never-married,United-States,Machine-op-inspct,White,Own-child,True,Private,0
31,0.0,0.0,9,332379,40,Never-married,United-States,Machine-op-inspct,White,Not-in-family,True,Private,0
39,0.0,0.0,13,113481,45,Married-civ-spouse,United-States,Exec-managerial,White,Husband,True,Private,1
32,0.0,0.0,10,286675,40,Never-married,United-States,Exec-managerial,White,Other-relative,True,Private,0
47,0.0,0.0,10,330416,60,Never-married,United-States,Farming-fishing,White,Not-in-family,True,Self-emp-not-inc,0
18,0.0,0.0,7,39411,24,Never-married,United-States,Handlers-cleaners,White,Own-child,True,Private,0
22,0.0,0.0,10,109456,32,Never-married,United-States,Handlers-cleaners,White,Own-child,True,Private,0
41,0.0,0.0,9,132125,40,Married-civ-spouse,United-States,Protective-serv,White,Husband,True,Local-gov,0
33,0.0,0.0,9,143485,40,Married-civ-spouse,United-States,Handlers-cleaners,Black,Husband,True,Private,0
40,0.0,0.0,9,114580,40,Divorced,Vietnam,Craft-repair,White,Other-relative,False,Private,0
44,0.0,0.0,11,185602,40,Divorced,United-States,Exec-managerial,White,Unmarried,False,Private,0
54,0.0,0.0,10,386773,60,Married-civ-spouse,United-States,Exec-managerial,White,Husband,True,Self-emp-not-inc,0
46,0.0,0.0,10,325372,40,Married-civ-spouse,United-States,Exec-managerial,White,Husband,True,Private,0
21,0.0,0.0,12,176262,18,Never-married,United-States,Other-service,White,Own-child,False,Private,0
22,0.0,0.0,10,320451,24,Never-married,India,Protective-serv,Asian-Pac-Islander,Own-child,True,Private,0
28,0.0,0.0,13,180271,65,Married-civ-spouse,United-States,Handlers-cleaners,White,Husband,True,Local-gov,1
27,0.0,0.0,8,189775,44,Never-married,United-States,Other-service,Black,Own-child,False,Local-gov,0
35,0.0,0.0,12,49020,35,Never-married,United-States,Farming-fishing,White,Own-child,True,Self-emp-inc,0
50,0.0,0.0,9,99316,50,Divorced,United-States,Transport-moving,White,Not-in-family,True,Private,0
36,15024.0,0.0,9,61778,40,Married-civ-spouse,United-States,Prof-specialty,White,Husband,True,Local-gov,1
36,0.0,0.0,12,280440,45,Never-married,United-States,Tech-support,White,Unmarried,False,Private,0
47,0.0,0.0,13,333052,5,Divorced,United-States,Exec-managerial,White,Not-in-family,False,Self-emp-not-inc,0
52,0.0,0.0,14,63004,40,Married-civ-spouse,Philippines,Exec-managerial,Asian-Pac-Islander,Husband,True,Self-emp-not-inc,0
59,0.0,0.0,11,141326,50,Divorced,United-States,Prof-specialty,White,Not-in-family,True,Self-emp-inc,1
38,7298.0,0.0,10,257250,60,Married-civ-spouse,United-States,Transport-moving,White,Husband,True,Private,1
54,0.0,1977.0,16,182314,50,Married-civ-spouse,United-States,Exec-managerial,White,Husband,True,Private,1
78,0.0,0.0,14,180239,40,Widowed,South,Craft-repair,Asian-Pac-Islander,Unmarried,True,Private,0
25,0.0,0.0,13,183678,50,Never-married,United-States,Prof-specialty,White,Not-in-family,False,State-gov,0
65,0.0,0.0,9,91262,48,Married-civ-spouse,United-States,?,Asian-Pac-Islander,Husband,True,?,1
64,0.0,0.0,12,267546,40,Separated,United-States,Prof-specialty,White,Not-in-family,False,Federal-gov,1
30,0.0,0.0,9,188398,30,Married-spouse-absent,United-States,Adm-clerical,White,Not-in-family,False,Private,0
38,0.0,0.0,9,102178,50,Married-civ-spouse,United-States,Transport-moving,White,Husband,True,Private,0
35,0.0,0.0,13,226916,40,Widowed,United-States,Adm-clerical,White,Not-in-family,True,Federal-gov,1
52,0.0,0.0,9,168539,40,Married-civ-spouse,United-States,Machine-op-inspct,White,Husband,True,Federal-gov,1
51,0.0,0.0,9,141388,55,Married-civ-spouse,United-States,Farming-fishing,White,Husband,True,Self-emp-not-inc,0
29,0.0,0.0,11,404998,90,Married-civ-spouse,United-States,Farming-fishing,White,Husband,True,Self-emp-not-inc,0
23,0.0,0.0,10,443701,40,Never-married,United-States,Adm-clerical,Black,Own-child,False,Private,0
38,0.0,0.0,10,189614,40,Married-civ-spouse,United-States,Adm-clerical,White,Wife,False,Local-gov,0
28,0.0,0.0,15,34452,40,Married-civ-spouse,United-States,Prof-specialty,White,Husband,True,Local-gov,0
34,0.0,0.0,9,202210,40,Never-married,United-States,Other-service,Black,Unmarried,False,Private,0
57,0.0,0.0,9,217692,38,Widowed,United-States,Craft-repair,White,Not-in-family,False,Self-emp-not-inc,0
37,0.0,0.0,6,143058,50,Married-civ-spouse,United-States,Craft-repair,White,Husband,True,Private,0
44,0.0,0.0,9,134120,40,Married-civ-spouse,United-States,Adm-clerical,White,Wife,False,Private,1
54,0.0,0.0,14,338089,40,Separated,United-States,Exec-managerial,White,Not-in-family,True,Private,0
21,0.0,0.0,10,325923,35,Never-married,United-States,Tech-support,White,Own-child,True,Private,0
42,0.0,0.0,9,298885,40,Divorced,United-States,Exec-managerial,White,Unmarried,True,Local-gov,0
33,0.0,0.0,4,226267,43,Never-married,Mexico,Sales,White,Not-in-family,True,Private,0
34,0.0,0.0,9,215857,40,Never-married,Mexico,Machine-op-inspct,Amer-Indian-Eskimo,Not-in-family,True,Private,0
19,0.0,0.0,9,414871,40,Never-married,United-States,Craft-repair,White,Own-child,True,Private,0
38,0.0,0.0,11,359001,42,Married-civ-spouse,United-States,Prof-specialty,White,Husband,True,Private,0
50,0.0,0.0,9,204402,84,Married-civ-spouse,United-States,Farming-fishing,White,Husband,True,Self-emp-not-inc,1
59,0.0,0.0,4,32855,70,Married-civ-spouse,United-States,Farming-fishing,White,Husband,True,Self-emp-not-inc,0
21,0.0,0.0,10,221418,40,Never-married,United-States,?,White,Own-child,False,?,0
63,0.0,0.0,9,271075,29,Married-civ-spouse,United-States,Craft-repair,White,Husband,True,Private,0
61,0.0,0.0,10,183735,45,Married-civ-spouse,United-States,Sales,White,Husband,True,Private,1
45,0.0,0.0,13,202496,37,Married-civ-spouse,United-States,Handlers-cleaners,White,Husband,True,Private,0
22,0.0,0.0,9,413110,15,Never-married,United-States,Other-service,Black,Other-relative,False,Private,0
27,2829.0,0.0,10,215955,40,Married-civ-spouse,United-States,Adm-clerical,White,Husband,True,Private,0
58,0.0,0.0,10,30111,40,Widowed,United-States,Prof-specialty,Amer-Indian-Eskimo,Unmarried,False,Federal-gov,0
68,0.0,1668.0,9,144761,20,Widowed,United-States,Protective-serv,White,Not-in-family,True,Local-gov,0
54,0.0,0.0,6,175912,40,Married-civ-spouse,United-States,Transport-moving,White,Husband,True,Private,0
23,0.0,0.0,7,207546,40,Married-civ-spouse,United-States,Machine-op-inspct,White,Husband,True,Private,0
48,0.0,0.0,6,207848,40,Married-civ-spouse,United-States,Adm-clerical,White,Wife,False,Private,0
54,0.0,0.0,10,138852,45,Married-civ-spouse,United-States,Sales,White,Husband,True,Self-emp-inc,1
27,0.0,1504.0,13,38606,45,Never-married,United-States,Sales,White,Not-in-family,True,Private,0
43,0.0,0.0,10,94113,45,Divorced,United-States,Exec-managerial,White,Not-in-family,True,Private,0
17,0.0,0.0,7,193199,12,Never-married,Poland,Sales,White,Unmarried,False,Private,0
22,0.0,0.0,9,191878,35,Never-married,United-States,Other-service,Black,Not-in-family,False,Private,0
34,0.0,0.0,14,349169,40,Married-civ-spouse,Mexico,Craft-repair,White,Husband,True,Private,0
50,0.0,0.0,14,237868,50,Married-civ-spouse,United-States,Exec-managerial,White,Husband,True,Private,1
59,0.0,0.0,9,144962,40,Widowed,United-States,Machine-op-inspct,White,Not-in-family,False,Private,0
19,0.0,0.0,10,28790,40,Never-married,United-States,Other-service,White,Not-in-family,False,Private,0
53,0.0,0.0,9,117932,40,Divorced,United-States,Machine-op-inspct,White,Not-in-family,False,Private,0
23,0.0,0.0,13,91189,20,Married-civ-spouse,United-States,Other-service,White,Husband,True,Private,0
59,0.0,0.0,13,110457,50,Married-civ-spouse,United-States,Exec-managerial,White,Husband,True,Self-emp-inc,1
57,0.0,0.0,9,218649,40,Married-civ-spouse,United-States,Handlers-cleaners,White,Husband,True,Private,0
23,0.0,0.0,9,177265,45,Never-married,United-States,Other-service,White,Own-child,False,Local-gov,0
61,0.0,0.0,9,171840,16,Widowed,United-States,Prof-specialty,White,Unmarried,False,Self-emp-not-inc,0
27,0.0,0.0,13,214695,30,Married-civ-spouse,United-States,?,White,Husband,True,?,0
37,0.0,0.0,11,137229,45,Divorced,United-States,Sales,White,Not-in-family,True,Private,1
36,0.0,0.0,3,209993,40,Married-civ-spouse,El-Salvador,Priv-house-serv,White,Wife,False,Private,0
63,15024.0,0.0,10,165611,40,Married-civ-spouse,United-States,Exec-managerial,White,Husband,True,Private,1
43,0.0,0.0,13,300099,34,Divorced,United-States,Adm-clerical,White,Not-in-family,False,Local-gov,0
57,99999.0,0.0,10,249072,60,Married-civ-spouse,United-States,Exec-managerial,White,Husband,True,Self-emp-inc,1
56,0.0,1902.0,9,145574,60,Married-civ-spouse,United-States,Other-service,White,Husband,True,Self-emp-not-inc,1
37,0.0,0.0,9,172538,40,Never-married,United-States,Machine-op-inspct,White,Own-child,True,Private,0
18,0.0,0.0,10,418176,40,Never-married,United-States,Exec-managerial,Black,Not-in-family,True,Private,0
32,0.0,0.0,9,176410,38,Never-married,United-States,Adm-clerical,White,Own-child,False,Private,0
24,0.0,0.0,13,196280,30,Never-married,United-States,Sales,White,Not-in-family,False,Private,0
28,0.0,0.0,9,200733,40,Married-civ-spouse,United-States,Craft-repair,White,Husband,True,Private,0
58,0.0,0.0,14,170480,60,Married-civ-spouse,United-States,Exec-managerial,White,Husband,True,Private,1
38,0.0,0.0,9,54953,30,Divorced,United-States,?,White,Not-in-family,True,?,0
32,0.0,0.0,10,97281,40,Never-married,United-States,Exec-managerial,White,Own-child,True,Private,0
44,0.0,0.0,13,323790,40,Married-civ-spouse,United-States,Protective-serv,White,Husband,True,Local-gov,1
18,0.0,0.0,10,89478,20,Never-married,United-States,Sales,White,Own-child,False,Private,0
29,0.0,0.0,9,113464,40,Never-married,Dominican-Republic,Transport-moving,Other,Other-relative,True,Private,0
66,0.0,0.0,9,76212,50,Married-civ-spouse,United-States,Transport-moving,White,Husband,True,Self-emp-inc,1
41,4386.0,0.0,11,433989,60,Married-civ-spouse,United-States,Sales,White,Husband,True,Private,1
19,0.0,0.0,10,84610,30,Never-married,United-States,Other-service,White,Own-child,False,Private,0
17,0.0,0.0,7,48703,30,Never-married,United-States,?,White,Own-child,False,?,0
34,0.0,0.0,9,167063,40,Never-married,United-States,Protective-serv,White,Own-child,True,Local-gov,0
44,0.0,0.0,10,208606,40,Married-civ-spouse,United-States,Machine-op-inspct,White,Husband,True,Private,1
48,0.0,0.0,13,120902,40,Married-civ-spouse,United-States,Tech-support,White,Husband,True,Private,1
17,0.0,0.0,7,81010,20,Never-married,United-States,Sales,White,Own-child,False,Private,0
52,7688.0,0.0,13,617021,40,Married-civ-spouse,United-States,Tech-support,Black,Husband,True,Federal-gov,1
44,0.0,0.0,10,721161,40,Separated,United-States,Machine-op-inspct,Black,Not-in-family,True,Private,0
45,0.0,0.0,10,197332,55,Married-civ-spouse,United-States,Craft-repair,White,Husband,True,Self-emp-inc,1
70,0.0,0.0,10,220589,12,Widowed,United-States,Exec-managerial,White,Not-in-family,False,Private,0
35,0.0,0.0,13,202683,40,Never-married,United-States,?,White,Not-in-family,True,?,0
41,0.0,0.0,13,343591,10,Separated,United-States,Prof-specialty,White,Unmarried,False,Local-gov,0
24,0.0,0.0,9,412156,40,Married-civ-spouse,Mexico,?,White,Wife,False,?,0
45,0.0,0.0,13,364365,35,Never-married,United-States,Sales,White,Not-in-family,False,Self-emp-not-inc,0
32,3103.0,0.0,10,108247,40,Married-civ-spouse,United-States,Craft-repair,White,Husband,True,Private,1
45,0.0,0.0,9,34248,50,Married-civ-spouse,United-States,Sales,White,Husband,True,Private,0
41,0.0,0.0,12,136419,75,Married-civ-spouse,United-States,Tech-support,White,Husband,True,Private,1
56,0.0,0.0,12,101128,25,Married-spouse-absent,Iran,Other-service,White,Not-in-family,True,Private,0
31,0.0,0.0,13,179186,90,Married-civ-spouse,United-States,Sales,Black,Husband,True,Private,1
59,0.0,0.0,9,99131,40,Married-civ-spouse,United-States,Adm-clerical,White,Wife,False,Private,0
28,7688.0,0.0,11,142764,45,Married-civ-spouse,United-States,Craft-repair,White,Husband,True,Private,1
68,0.0,0.0,13,40956,25,Married-civ-spouse,United-States,?,White,Husband,True,?,0
25,0.0,1726.0,13,122489,60,Never-married,United-States,Exec-managerial,White,Own-child,False,Private,0
23,0.0,0.0,13,53245,40,Never-married,United-States,Prof-specialty,White,Not-in-family,True,Federal-gov,0
18,0.0,0.0,10,78567,30,Never-married,United-States,?,White,Own-child,True,?,0
46,0.0,0.0,13,122177,60,Married-civ-spouse,United-States,Prof-specialty,White,Husband,True,Local-gov,0
45,5013.0,0.0,13,56904,45,Married-civ-spouse,United-States,Adm-clerical,White,Husband,True,Federal-gov,0
36,0.0,0.0,9,143385,60,Married-civ-spouse,United-States,Farming-fishing,White,Husband,True,Self-emp-not-inc,0
34,0.0,0.0,10,215047,45,Never-married,United-States,Exec-managerial,White,Not-in-family,True,Private,0
60,0.0,0.0,9,208915,40,Widowed,Cambodia,Craft-repair,Asian-Pac-Islander,Other-relative,False,Private,0
38,0.0,0.0,9,37931,40,Married-civ-spouse,United-States,Protective-serv,White,Husband,True,Local-gov,1
34,0.0,0.0,10,192900,35,Never-married,United-States,Farming-fishing,White,Not-in-family,True,Self-emp-not-inc,0
31,0.0,0.0,10,261943,40,Married-civ-spouse,United-States,Exec-managerial,White,Husband,True,Private,0
41,0.0,0.0,14,117012,55,Never-married,United-States,Exec-managerial,White,Not-in-family,False,Self-emp-not-inc,0
32,0.0,0.0,9,311524,38,Never-married,United-States,Craft-repair,Black,Own-child,True,Private,0
50,3103.0,0.0,11,158294,40,Married-civ-spouse,United-States,Tech-support,White,Husband,True,Private,1
40,0.0,0.0,9,308296,40,Divorced,United-States,Other-service,White,Own-child,False,Self-emp-not-inc,0
24,0.0,0.0,13,311311,40,Never-married,United-States,Sales,White,Not-in-family,True,Private,0
46,0.0,1902.0,14,138107,60,Married-civ-spouse,United-States,Exec-managerial,White,Husband,True,Local-gov,1
28,0.0,1902.0,13,142712,57,Married-civ-spouse,United-States,Exec-managerial,White,Husband,True,Private,1
54,0.0,0.0,9,204567,40,Widowed,United-States,Adm-clerical,White,Unmarried,False,Local-gov,0
18,0.0,0.0,7,151404,15,Never-married,United-States,?,White,Own-child,False,?,0
77,0.0,0.0,9,189173,35,Married-civ-spouse,United-States,Prof-specialty,White,Husband,True,Private,0
45,0.0,0.0,13,34307,40,Divorced,United-States,Prof-specialty,White,Unmarried,False,Private,0
25,0.0,0.0,13,203279,20,Never-married,India,Prof-specialty,Asian-Pac-Islander,Not-in-family,True,State-gov,0
27,0.0,0.0,13,157612,60,Separated,United-States,Exec-managerial,White,Not-in-family,False,Private,0
32,0.0,0.0,9,317647,40,Never-married,United-States,Transport-moving,White,Own-child,True,State-gov,0
42,0.0,0.0,12,45363,50,Married-civ-spouse,United-States,Prof-specialty,White,Husband,True,Private,0
42,0.0,0.0,11,219155,45,Married-civ-spouse,United-States,Craft-repair,White,Husband,True,Private,1
27,0.0,0.0,9,86153,40,Never-married,Germany,Tech-support,White,Unmarried,False,Private,0
18,0.0,0.0,7,28648,40,Never-married,United-States,Other-service,White,Other-relative,False,Private,0
40,0.0,0.0,11,336707,60,Separated,United-States,Craft-repair,White,Not-in-family,False,Private,0
29,0.0,0.0,4,144063,72,Married-civ-spouse,United-States,Farming-fishing,White,Husband,True,Self-emp-not-inc,0
60,0.0,0.0,7,220342,35,Married-civ-spouse,United-States,Farming-fishing,White,Husband,True,Self-emp-not-inc,0
67,10605.0,0.0,10,279980,10,Married-civ-spouse,United-States,Transport-moving,White,Husband,True,Private,1
30,0.0,0.0,6,123178,50,Never-married,United-States,Craft-repair,White,Not-in-family,True,Private,0
48,0.0,0.0,10,377401,40,Divorced,United-States,Sales,White,Not-in-family,True,Private,1
39,0.0,0.0,9,360494,40,Never-married,United-States,Transport-moving,White,Not-in-family,True,Private,0
54,14084.0,0.0,13,155233,40,Never-married,United-States,Adm-clerical,White,Not-in-family,False,Private,1
41,0.0,0.0,14,32185,40,Married-civ-spouse,United-States,Exec-managerial,White,Husband,True,Local-gov,1
30,0.0,0.0,13,127610,35,Never-married,United-States,Adm-clerical,White,Not-in-family,False,Federal-gov,0
40,0.0,0.0,13,176069,45,Divorced,United-States,Prof-specialty,White,Not-in-family,False,Private,0
47,10520.0,0.0,13,112200,45,Never-married,United-States,Exec-managerial,Black,Not-in-family,True,Self-emp-not-inc,1
31,0.0,0.0,5,119735,40,Never-married,Mexico,Machine-op-inspct,White,Unmarried,True,Private,0
58,0.0,0.0,9,33309,80,Widowed,United-States,Farming-fishing,White,Not-in-family,True,Self-emp-not-inc,0
33,0.0,0.0,9,34572,40,Married-civ-spouse,United-States,Sales,White,Husband,True,Private,0
33,0.0,0.0,13,192256,50,Married-civ-spouse,United-States,Craft-repair,White,Husband,True,Self-emp-not-inc,0
32,0.0,0.0,9,262153,40,Married-civ-spouse,United-States,Machine-op-inspct,White,Husband,True,Private,0
45,0.0,0.0,10,270842,40,Divorced,United-States,Other-service,White,Not-in-family,False,Private,0
68,0.0,2377.0,14,202699,42,Married-civ-spouse,?,Prof-specialty,White,Husband,True,State-gov,1
35,0.0,0.0,12,202263,38,Never-married,United-States,Exec-managerial,White,Not-in-family,True,Private,0
68,0.0,0.0,16,89011,50,Married-civ-spouse,Canada,Prof-specialty,White,Husband,True,Self-emp-not-inc,0
53,0.0,0.0,15,340723,40,Never-married,United-States,Prof-specialty,White,Not-in-family,False,Private,0
80,0.0,0.0,9,138737,20,Divorced,United-States,Adm-clerical,White,Other-relative,False,Private,0
60,0.0,0.0,12,114413,30,Married-civ-spouse,United-States,Sales,White,Husband,True,Private,0
77,0.0,0.0,1,161552,60,Widowed,United-States,Exec-managerial,White,Not-in-family,False,Self-emp-not-inc,0
41,0.0,0.0,12,222813,45,Married-civ-spouse,United-States,Sales,White,Husband,True,Private,1
46,0.0,0.0,11,164682,40,Separated,United-States,Prof-specialty,White,Not-in-family,True,Private,0
64,6418.0,0.0,14,51286,65,Married-civ-spouse,United-States,Sales,White,Husband,True,Self-emp-inc,1
29,0.0,0.0,9,342989,40,Never-married,United-States,Adm-clerical,White,Own-child,False,Private,0
18,0.0,0.0,6,142751,40,Never-married,United-States,Handlers-cleaners,White,Not-in-family,True,Private,0
47,0.0,0.0,13,191957,40,Married-civ-spouse,United-States,Sales,Black,Husband,True,Private,1
61,0.0,0.0,9,141745,40,Divorced,United-States,Other-service,Black,Not-in-family,False,Private,0
41,15024.0,0.0,15,153132,40,Married-civ-spouse,United-States,Exec-managerial,White,Husband,True,Self-emp-not-inc,1
36,0.0,0.0,10,232142,80,Married-civ-spouse,United-States,Handlers-cleaners,White,Husband,True,Private,0
35,0.0,0.0,9,30529,40,Married-civ-spouse,United-States,Handlers-cleaners,White,Husband,True,Private,0
45,0.0,0.0,10,169180,45,Widowed,United-States,Other-service,White,Unmarried,False,Private,0
43,0.0,1887.0,9,142725,80,Married-civ-spouse,United-States,Other-service,White,Husband,True,Private,1
57,0.0,0.0,9,187138,40,Divorced,United-States,Adm-clerical,White,Not-in-family,False,Private,0
53,0.0,1669.0,14,137250,35,Widowed,United-States,Prof-specialty,Black,Unmarried,False,Local-gov,0
51,0.0,0.0,12,124963,45,Married-civ-spouse,United-States,Sales,White,Husband,True,Without-pay,0
60,0.0,0.0,11,127712,45,Widowed,Poland,Machine-op-inspct,White,Not-in-family,False,Private,0
32,0.0,0.0,9,193285,40,Never-married,United-States,Craft-repair,White,Own-child,True,Private,0
18,0.0,0.0,10,343059,40,Never-married,United-States,Sales,White,Own-child,False,Private,0
52,15024.0,0.0,10,338816,45,Married-civ-spouse,United-States,Exec-managerial,White,Husband,True,Private,1
41,0.0,0.0,3,243607,40,Married-civ-spouse,Mexico,Adm-clerical,White,Husband,True,Private,0
27,0.0,0.0,10,212506,40,Divorced,United-States,Adm-clerical,Black,Unmarried,False,Private,0
50,0.0,2051.0,9,105010,20,Married-civ-spouse,United-States,Farming-fishing,White,Husband,True,Self-emp-not-inc,0
39,0.0,0.0,13,30875,40,Divorced,United-States,Sales,White,Unmarried,False,Private,1
23,0.0,0.0,10,215443,70,Never-married,United-States,Other-service,White,Not-in-family,True,Private,0
48,7688.0,0.0,14,273767,40,Married-civ-spouse,United-States,Exec-managerial,White,Wife,False,Local-gov,1
29,0.0,0.0,7,85572,5,Married-civ-spouse,United-States,Other-service,White,Wife,False,Self-emp-not-inc,0
27,0.0,0.0,9,205188,60,Married-civ-spouse,United-States,Protective-serv,White,Husband,True,State-gov,0
24,0.0,0.0,9,200207,40,Never-married,United-States,Handlers-cleaners,White,Not-in-family,True,Private,0
51,0.0,0.0,13,161599,40,Divorced,?,Adm-clerical,White,Not-in-family,False,Private,0
38,3908.0,0.0,11,30509,50,Married-civ-spouse,United-States,Prof-specialty,White,Wife,False,Private,0
41,0.0,0.0,10,123306,40,Married-civ-spouse,United-States,Farming-fishing,White,Husband,True,Private,0
28,0.0,0.0,7,268222,40,Never-married,United-States,?,Black,Not-in-family,False,?,0
29,0.0,0.0,9,119359,10,Married-civ-spouse,China,Prof-specialty,Asian-Pac-Islander,Wife,False,Private,1
55,0.0,0.0,9,164970,38,Married-civ-spouse,United-States,Other-service,Black,Husband,True,Private,0
31,0.0,0.0,11,114639,50,Married-civ-spouse,United-States,Craft-repair,White,Husband,True,Self-emp-not-inc,0
27,0.0,0.0,8,184477,40,Never-married,United-States,Other-service,White,Not-in-family,True,Private,0
40,0.0,0.0,10,303291,35,Married-civ-spouse,United-States,Other-service,White,Wife,False,Private,0
74,0.0,0.0,5,95630,10,Married-civ-spouse,United-States,?,White,Husband,True,?,0
44,0.0,1741.0,12,139161,40,Divorced,United-States,Adm-clerical,Black,Not-in-family,False,Federal-gov,0
19,0.0,0.0,9,80710,40,Never-married,United-States,?,White,Own-child,False,?,0
49,0.0,0.0,6,105614,50,Married-civ-spouse,United-States,Machine-op-inspct,White,Husband,True,Private,0
18,0.0,0.0,9,109928,40,Never-married,United-States,Adm-clerical,Black,Own-child,False,Private,0
61,0.0,0.0,1,243019,40,Married-civ-spouse,United-States,Craft-repair,White,Husband,True,Self-emp-not-inc,0
49,1506.0,0.0,9,48120,40,Never-married,United-States,Transport-moving,Black,Unmarried,False,Private,0
42,0.0,0.0,4,369781,25,Divorced,United-States,Craft-repair,White,Unmarried,True,Self-emp-inc,0
64,15024.0,0.0,16,71807,50,Married-civ-spouse,?,Prof-specialty,White,Husband,True,Self-emp-not-inc,1
28,0.0,0.0,9,214881,40,Married-civ-spouse,United-States,Craft-repair,White,Husband,True,Local-gov,0
34,2977.0,0.0,10,117779,65,Divorced,United-States,Adm-clerical,White,Unmarried,False,Private,0
50,0.0,1408.0,12,240922,5,Never-married,United-States,Sales,White,Not-in-family,False,Self-emp-not-inc,0
17,0.0,0.0,6,158762,16,Never-married,United-States,Adm-clerical,White,Own-child,False,Private,0
27,0.0,0.0,10,289039,40,Never-married,United-States,Protective-serv,Asian-Pac-Islander,Unmarried,False,Local-gov,0
50,0.0,0.0,15,104849,40,Married-civ-spouse,India,Prof-specialty,Asian-Pac-Islander,Husband,True,Self-emp-inc,0
17,0.0,0.0,4,310885,36,Never-married,Mexico,Other-service,White,Own-child,True,Private,0
42,0.0,0.0,10,169980,50,Married-civ-spouse,United-States,Craft-repair,Black,Husband,True,Private,1
38,0.0,0.0,10,307404,40,Divorced,United-States,Adm-clerical,White,Unmarried,False,Federal-gov,0
48,0.0,1977.0,13,216414,70,Married-civ-spouse,United-States,Exec-managerial,White,Husband,True,Private,1
60,0.0,0.0,9,52900,42,Married-civ-spouse,United-States,Craft-repair,White,Husband,True,Self-emp-not-inc,1
39,0.0,0.0,9,189344,40,Married-civ-spouse,Mexico,Machine-op-inspct,White,Husband,True,Private,0
38,2202.0,0.0,13,108140,45,Never-married,United-States,Exec-managerial,White,Not-in-family,True,Private,0
59,0.0,0.0,4,515712,40,Married-civ-spouse,United-States,Craft-repair,White,Husband,True,Private,0
24,0.0,0.0,5,479296,48,Never-married,United-States,Sales,White,Own-child,True,Private,0
46,0.0,0.0,13,96260,20,Divorced,United-States,Exec-managerial,White,Not-in-family,True,Self-emp-not-inc,0
50,0.0,0.0,9,321770,40,Divorced,United-States,Adm-clerical,White,Not-in-family,False,Private,0
53,0.0,1590.0,10,290290,50,Divorced,United-States,Prof-specialty,White,Not-in-family,True,Private,0
29,0.0,0.0,9,264961,45,Never-married,United-States,Craft-repair,White,Own-child,True,Private,0
20,0.0,0.0,10,333838,35,Never-married,United-States,Adm-clerical,White,Own-child,True,Private,0
35,0.0,0.0,10,22055,60,Married-civ-spouse,United-States,Prof-specialty,Amer-Indian-Eskimo,Husband,True,Private,0
49,0.0,0.0,11,27067,60,Never-married,United-States,Adm-clerical,White,Not-in-family,False,Self-emp-not-inc,0
17,0.0,0.0,7,74706,20,Never-married,United-States,Priv-house-serv,White,Own-child,True,Private,0
25,0.0,0.0,10,132327,40,Separated,Ecuador,Adm-clerical,Other,Other-relative,False,Private,0
41,0.0,0.0,9,421871,40,Married-civ-spouse,United-States,Craft-repair,Black,Husband,True,Private,1
37,0.0,0.0,11,74194,45,Married-civ-spouse,United-States,Exec-managerial,White,Husband,True,Local-gov,0
67,0.0,0.0,16,239705,12,Married-civ-spouse,?,Prof-specialty,Black,Husband,True,State-gov,0
59,0.0,2205.0,10,191665,40,Widowed,United-States,?,White,Not-in-family,False,?,0
53,0.0,0.0,9,197014,35,Never-married,United-States,Craft-repair,White,Not-in-family,True,Self-emp-not-inc,0
25,27828.0,0.0,11,169905,40,Never-married,United-States,Sales,White,Not-in-family,True,Private,1
49,0.0,0.0,5,192203,40,Married-civ-spouse,Canada,Craft-repair,White,Husband,True,Self-emp-not-inc,0
42,0.0,0.0,9,186689,60,Married-civ-spouse,United-States,Other-service,Black,Wife,False,Private,0
23,0.0,0.0,10,115326,20,Never-married,United-States,Sales,White,Own-child,False,Private,0
36,0.0,0.0,9,341672,60,Married-spouse-absent,India,Adm-clerical,Asian-Pac-Islander,Other-relative,True,Private,0
19,0.0,0.0,9,264767,40,Never-married,United-States,?,White,Own-child,True,?,0
46,0.0,0.0,9,155489,43,Married-civ-spouse,United-States,Machine-op-inspct,White,Husband,True,Private,1
28,0.0,0.0,10,113839,40,Married-civ-spouse,United-States,Sales,White,Husband,True,Private,0
35,0.0,0.0,13,233533,42,Married-civ-spouse,United-States,Sales,White,Husband,True,Private,0
64,0.0,0.0,11,135527,40,Divorced,United-States,Tech-support,White,Not-in-family,False,Private,0
49,0.0,0.0,9,163021,40,Divorced,United-States,Exec-managerial,White,Unmarried,False,Private,0
43,5178.0,0.0,13,171087,40,Married-civ-spouse,United-States,Prof-specialty,White,Husband,True,Private,1
37,0.0,0.0,10,267085,40,Married-civ-spouse,United-States,Craft-repair,White,Husband,True,Private,0
29,0.0,0.0,9,270379,40,Never-married,United-States,Exec-managerial,Black,Unmarried,False,Private,0
56,0.0,0.0,13,97213,60,Never-married,United-States,Adm-clerical,White,Not-in-family,False,Federal-gov,0
33,0.0,0.0,14,96480,40,Never-married,Germany,Prof-specialty,White,Not-in-family,False,Local-gov,0
36,0.0,0.0,9,68798,30,Never-married,United-States,Other-service,White,Not-in-family,True,Private,0
64,0.0,0.0,10,47462,35,Never-married,United-States,Prof-specialty,White,Not-in-family,False,Self-emp-not-inc,0
58,0.0,0.0,3,270131,70,Widowed,Mexico,Other-service,White,Unmarried,False,Private,0
43,0.0,0.0,14,221550,30,Never-married,Poland,Other-service,White,Not-in-family,False,Private,0
56,0.0,0.0,12,38573,45,Married-civ-spouse,United-States,Tech-support,White,Husband,True,Local-gov,1
20,0.0,0.0,9,400443,20,Never-married,United-States,Sales,White,Own-child,False,Private,0
31,0.0,0.0,11,73585,45,Married-civ-spouse,United-States,Prof-specialty,White,Husband,True,Private,0
61,0.0,0.0,13,28291,40,Married-civ-spouse,United-States,Exec-managerial,White,Wife,False,Federal-gov,0
29,0.0,0.0,10,137240,45,Divorced,United-States,Handlers-cleaners,White,Not-in-family,True,Private,0
52,0.0,0.0,9,282674,40,Married-civ-spouse,United-States,Transport-moving,Amer-Indian-Eskimo,Husband,True,Private,1
54,0.0,0.0,9,139127,40,Divorced,United-States,Other-service,White,Not-in-family,False,Private,0
25,0.0,0.0,10,212302,40,Separated,United-States,Adm-clerical,White,Unmarried,False,Private,0
24,0.0,0.0,9,34506,40,Never-married,United-States,Machine-op-inspct,White,Unmarried,False,Private,0
23,2907.0,0.0,13,55674,40,Never-married,United-States,Protective-serv,White,Not-in-family,False,Private,0
63,0.0,0.0,5,201631,40,Married-civ-spouse,United-States,Farming-fishing,Black,Husband,True,Private,0
65,0.0,0.0,10,137354,20,Married-civ-spouse,United-States,?,Asian-Pac-Islander,Husband,True,?,0
32,0.0,0.0,7,375833,40,Never-married,United-States,Craft-repair,White,Other-relative,True,Private,0
34,0.0,0.0,9,93394,65,Married-civ-spouse,United-States,Transport-moving,White,Husband,True,Private,0
28,0.0,0.0,2,95566,35,Married-spouse-absent,Dominican-Republic,Other-service,Other,Own-child,False,Private,0
29,0.0,0.0,9,148182,40,Married-civ-spouse,United-States,Transport-moving,Black,Husband,True,Local-gov,0
41,0.0,0.0,9,140886,40,Married-civ-spouse,United-States,Farming-fishing,White,Husband,True,Private,0
49,0.0,0.0,13,173584,50,Never-married,United-States,Prof-specialty,White,Not-in-family,False,Local-gov,0
30,0.0,0.0,14,211654,40,Married-civ-spouse,United-States,Prof-specialty,White,Husband,True,Local-gov,1
33,0.0,0.0,9,223046,40,Never-married,United-States,Craft-repair,White,Not-in-family,True,Self-emp-not-inc,0
37,0.0,0.0,13,241998,50,Married-civ-spouse,United-States,Tech-support,White,Husband,True,Private,1
33,0.0,0.0,9,183612,40,Married-civ-spouse,United-States,Machine-op-inspct,White,Husband,True,Private,1
49,0.0,0.0,11,349230,60,Married-civ-spouse,United-States,Exec-managerial,White,Husband,True,Self-emp-inc,1
19,0.0,2001.0,9,198459,40,Never-married,United-States,Adm-clerical,White,Own-child,True,Private,0
20,0.0,0.0,13,216436,30,Never-married,United-States,Sales,Black,Other-relative,False,Private,0
21,0.0,0.0,9,221157,30,Never-married,United-States,Other-service,Black,Own-child,False,Private,0
37,0.0,0.0,9,497300,40,Never-married,United-States,Other-service,Black,Unmarried,True,Private,0
20,0.0,0.0,10,38455,10,Never-married,United-States,Craft-repair,White,Not-in-family,True,Local-gov,0
53,25236.0,0.0,15,174102,60,Divorced,United-States,Prof-specialty,White,Unmarried,True,Self-emp-not-inc,1
44,0.0,0.0,10,33126,80,Married-civ-spouse,United-States,Exec-managerial,White,Husband,True,Self-emp-inc,0
40,0.0,0.0,10,184682,40,Divorced,United-States,Adm-clerical,White,Unmarried,False,Private,0
67,0.0,0.0,6,212759,2,Married-civ-spouse,United-States,?,White,Husband,True,?,0
37,0.0,0.0,10,84306,40,Married-civ-spouse,United-States,Other-service,White,Husband,True,Private,0
31,0.0,0.0,9,147654,40,Never-married,United-States,Exec-managerial,White,Own-child,True,Private,0
30,0.0,0.0,10,207564,40,Married-civ-spouse,United-States,Adm-clerical,White,Wife,False,Private,0
29,0.0,0.0,9,176137,40,Divorced,United-States,Adm-clerical,White,Unmarried,False,Private,0
34,0.0,0.0,10,193344,40,Never-married,Germany,Adm-clerical,White,Unmarried,False,Private,0
34,0.0,0.0,13,312055,40,Never-married,United-States,Exec-managerial,White,Not-in-family,True,Private,1
35,0.0,0.0,14,206951,40,Married-civ-spouse,United-States,Sales,White,Husband,True,Private,1
33,0.0,0.0,6,209415,32,Divorced,United-States,Protective-serv,White,Not-in-family,False,Private,0
69,0.0,0.0,9,170458,20,Married-civ-spouse,United-States,Other-service,White,Husband,True,State-gov,0
28,0.0,0.0,14,293628,10,Divorced,?,Prof-specialty,White,Not-in-family,True,State-gov,0
40,0.0,0.0,13,107306,40,Married-civ-spouse,United-States,Exec-managerial,White,Husband,True,Private,1
53,0.0,0.0,14,204447,43,Married-civ-spouse,United-States,Exec-managerial,White,Husband,True,Local-gov,1
31,0.0,0.0,9,111883,40,Never-married,United-States,Craft-repair,White,Other-relative,True,Private,0
50,0.0,0.0,9,154043,40,Widowed,United-States,Adm-clerical,Black,Other-relative,False,Private,0
35,0.0,0.0,9,105527,40,Divorced,United-States,Exec-managerial,White,Unmarried,False,Federal-gov,0
27,0.0,0.0,10,192698,40,Never-married,United-States,Adm-clerical,White,Not-in-family,False,Private,0
22,4416.0,0.0,13,122048,40,Never-married,United-States,Adm-clerical,White,Own-child,False,Private,0
45,0.0,0.0,10,44671,40,Married-civ-spouse,United-States,Handlers-cleaners,White,Husband,True,Self-emp-not-inc,0
35,0.0,0.0,9,219902,48,Separated,United-States,Transport-moving,Black,Unmarried,False,Private,0
33,0.0,0.0,10,290763,40,Never-married,United-States,Sales,White,Not-in-family,False,Private,0
42,0.0,0.0,13,188615,60,Married-civ-spouse,United-States,Sales,White,Husband,True,Self-emp-inc,1
50,0.0,0.0,9,114758,40,Married-civ-spouse,United-States,Craft-repair,White,Husband,True,Private,1
65,0.0,0.0,10,180280,40,Married-civ-spouse,United-States,Exec-managerial,White,Wife,False,Private,0
42,0.0,0.0,10,118494,44,Married-civ-spouse,United-States,Prof-specialty,White,Husband,True,Private,1
27,0.0,0.0,9,273929,40,Never-married,United-States,Farming-fishing,White,Own-child,True,Local-gov,0
34,0.0,0.0,9,258170,38,Divorced,United-States,Exec-managerial,White,Unmarried,False,Private,0
48,0.0,0.0,10,113598,40,Separated,United-States,Adm-clerical,Black,Other-relative,False,Private,0
30,15024.0,0.0,11,167990,65,Married-civ-spouse,United-States,Prof-specialty,White,Husband,True,Self-emp-not-inc,1
24,0.0,0.0,13,51973,45,Never-married,United-States,Adm-clerical,White,Not-in-family,False,Private,0
34,0.0,0.0,15,108247,55,Married-civ-spouse,United-States,Prof-specialty,White,Husband,True,Self-emp-not-inc,1
40,0.0,0.0,9,227236,50,Married-civ-spouse,United-States,Sales,White,Husband,True,Private,0
63,0.0,0.0,10,217994,40,Divorced,United-States,Exec-managerial,White,Unmarried,False,Federal-gov,0
62,0.0,0.0,10,261437,40,Married-civ-spouse,United-States,Craft-repair,White,Husband,True,Private,0
24,0.0,0.0,11,157332,40,Divorced,United-States,Tech-support,White,Not-in-family,False,Private,0
29,0.0,0.0,9,369114,40,Divorced,United-States,Adm-clerical,White,Not-in-family,False,Private,0
45,0.0,0.0,9,88265,40,Never-married,United-States,Machine-op-inspct,White,Own-child,False,Private,0
58,3325.0,0.0,9,140363,30,Divorced,United-States,Machine-op-inspct,White,Not-in-family,True,Private,0
49,15024.0,0.0,13,271346,60,Married-civ-spouse,United-States,?,White,Husband,True,?,1
78,0.0,0.0,4,152148,20,Married-civ-spouse,United-States,Transport-moving,White,Husband,True,Self-emp-not-inc,0
35,0.0,0.0,13,308489,50,Married-civ-spouse,United-States,Sales,Black,Husband,True,Private,0
51,0.0,0.0,5,128272,45,Married-civ-spouse,United-States,Machine-op-inspct,White,Husband,True,Private,0
40,0.0,0.0,9,130571,40,Never-married,United-States,Other-service,White,Not-in-family,False,Private,0
20,0.0,0.0,9,38455,40,Never-married,United-States,?,White,Unmarried,True,?,0
44,0.0,1977.0,13,340885,40,Married-civ-spouse,United-States,Machine-op-inspct,White,Husband,True,Private,1
46,0.0,0.0,9,225456,40,Married-civ-spouse,United-States,Exec-managerial,White,Husband,True,Self-emp-not-inc,0
23,0.0,0.0,13,177787,30,Never-married,England,Sales,White,Own-child,False,Private,0
64,0.0,0.0,12,180624,30,Never-married,United-States,Prof-specialty,White,Other-relative,False,Private,0
41,0.0,0.0,10,93885,48,Divorced,United-States,Sales,White,Unmarried,False,Private,0
54,0.0,0.0,12,392286,50,Married-civ-spouse,United-States,Sales,White,Husband,True,Self-emp-not-inc,1
34,0.0,0.0,15,226443,55,Married-civ-spouse,United-States,Prof-specialty,White,Husband,True,Private,1
34,0.0,0.0,10,212163,25,Married-civ-spouse,United-States,Sales,White,Husband,True,Private,0
23,0.0,0.0,10,27776,24,Married-civ-spouse,United-States,Transport-moving,White,Husband,True,Private,0
32,0.0,0.0,11,257978,40,Widowed,United-States,Tech-support,Black,Unmarried,False,Private,0
51,0.0,0.0,9,115851,40,Married-civ-spouse,United-States,Craft-repair,White,Husband,True,Self-emp-not-inc,0
40,0.0,0.0,9,390781,48,Divorced,United-States,Other-service,Black,Not-in-family,False,State-gov,0
49,0.0,0.0,6,336509,40,Married-civ-spouse,United-States,Other-service,White,Husband,True,State-gov,0
56,0.0,0.0,9,67841,40,Married-civ-spouse,United-States,Sales,White,Husband,True,Self-emp-not-inc,0
44,0.0,0.0,10,210492,40,Divorced,United-States,Adm-clerical,Black,Unmarried,True,Federal-gov,0
26,0.0,0.0,9,210714,52,Married-civ-spouse,United-States,Transport-moving,White,Husband,True,Private,1
21,0.0,0.0,10,159879,40,Never-married,United-States,Adm-clerical,White,Own-child,False,Private,0
43,0.0,0.0,9,325775,15,Married-civ-spouse,United-States,Adm-clerical,White,Wife,False,Self-emp-not-inc,0
38,7688.0,0.0,13,192337,40,Married-civ-spouse,United-States,Exec-managerial,White,Husband,True,Private,1
29,0.0,0.0,14,360527,40,Married-civ-spouse,United-States,Prof-specialty,White,Husband,True,Federal-gov,1
31,0.0,0.0,10,305692,40,Married-civ-spouse,United-States,Sales,Black,Wife,False,Private,0
23,0.0,0.0,10,99399,25,Never-married,United-States,?,Amer-Indian-Eskimo,Unmarried,False,?,0
28,0.0,0.0,9,147471,10,Divorced,United-States,?,White,Own-child,False,?,0
42,0.0,0.0,13,557349,70,Married-civ-spouse,United-States,Exec-managerial,White,Husband,True,Self-emp-inc,0
35,0.0,0.0,9,238802,20,Never-married,United-States,Other-service,White,Own-child,True,Private,0
34,0.0,0.0,9,202450,50,Married-civ-spouse,United-States,Craft-repair,White,Husband,True,Self-emp-inc,0
36,0.0,0.0,10,183081,40,Never-married,United-States,Exec-managerial,White,Not-in-family,True,Private,0
19,0.0,0.0,10,29510,20,Never-married,United-States,Other-service,White,Own-child,False,Private,0
53,0.0,0.0,2,291096,40,Divorced,United-States,Machine-op-inspct,White,Not-in-family,True,Private,0
46,0.0,0.0,16,214627,60,Married-civ-spouse,United-States,Prof-specialty,White,Husband,True,Self-emp-inc,1
34,0.0,0.0,9,195488,40,Separated,United-States,Adm-clerical,White,Own-child,False,Private,0
43,0.0,0.0,13,190020,40,Married-civ-spouse,United-States,Prof-specialty,White,Husband,True,Federal-gov,1
27,0.0,0.0,4,100168,40,Married-civ-spouse,United-States,Other-service,White,Wife,False,Private,0
56,0.0,0.0,9,288530,37,Married-civ-spouse,United-States,Adm-clerical,White,Wife,False,Private,1
33,0.0,0.0,10,287878,26,Married-civ-spouse,United-States,Other-service,White,Wife,False,Private,0
41,0.0,0.0,13,134130,50,Married-civ-spouse,United-States,Sales,White,Husband,True,Private,1
37,0.0,0.0,13,37238,45,Never-married,United-States,Exec-managerial,White,Not-in-family,True,Private,0
60,4508.0,0.0,9,71457,8,Married-civ-spouse,United-States,Transport-moving,White,Husband,True,Self-emp-not-inc,0
22,0.0,0.0,10,306967,25,Never-married,United-States,Adm-clerical,White,Not-in-family,False,Private,0
29,0.0,0.0,14,370675,50,Never-married,United-States,Prof-specialty,White,Not-in-family,False,Local-gov,0
51,0.0,0.0,9,290856,40,Married-civ-spouse,United-States,Adm-clerical,White,Husband,True,Private,1
24,0.0,0.0,9,232841,35,Never-married,United-States,Other-service,White,Not-in-family,True,Private,0
37,0.0,0.0,13,179481,40,Married-civ-spouse,United-States,Machine-op-inspct,White,Husband,True,Private,1
60,7688.0,0.0,11,117909,40,Married-civ-spouse,United-States,Prof-specialty,White,Husband,True,Private,1
48,0.0,0.0,9,185039,30,Divorced,United-States,Sales,White,Unmarried,False,Private,0
33,0.0,0.0,11,112820,40,Married-civ-spouse,United-States,Protective-serv,White,Husband,True,Private,0
31,0.0,0.0,9,227864,40,Married-civ-spouse,United-States,Craft-repair,Black,Husband,True,State-gov,0
24,0.0,0.0,9,151818,35,Never-married,United-States,Craft-repair,White,Not-in-family,True,Self-emp-not-inc,0
31,0.0,0.0,9,259425,40,Married-civ-spouse,United-States,Craft-repair,White,Husband,True,Private,1
50,0.0,0.0,14,100480,60,Married-civ-spouse,United-States,Exec-managerial,White,Husband,True,Local-gov,1
24,0.0,0.0,9,229773,40,Never-married,United-States,Machine-op-inspct,White,Own-child,True,Private,0
35,0.0,0.0,8,166549,40,Married-civ-spouse,United-States,Machine-op-inspct,White,Husband,True,Private,0
28,0.0,0.0,13,228043,48,Never-married,United-States,Sales,White,Not-in-family,False,Self-emp-not-inc,0
60,0.0,0.0,10,297261,15,Widowed,United-States,Sales,White,Not-in-family,False,Private,0
36,0.0,0.0,13,150057,50,Married-civ-spouse,United-States,Prof-specialty,White,Husband,True,Private,1
44,0.0,0.0,14,184871,40,Married-civ-spouse,United-States,Prof-specialty,White,Husband,True,Private,0
50,15024.0,0.0,16,143822,40,Married-civ-spouse,United-States,Prof-specialty,White,Husband,True,State-gov,1
35,0.0,0.0,9,23892,40,Divorced,United-States,Prof-specialty,White,Unmarried,False,Federal-gov,0
23,0.0,0.0,10,197286,8,Never-married,United-States,Sales,White,Own-child,False,Private,0
23,0.0,0.0,11,325921,36,Never-married,United-States,Prof-specialty,White,Not-in-family,False,Private,0
37,0.0,0.0,7,95855,40,Divorced,United-States,Handlers-cleaners,White,Not-in-family,False,Private,0
53,0.0,0.0,13,104501,42,Never-married,United-States,Exec-managerial,White,Not-in-family,True,Private,0
20,0.0,0.0,10,64292,50,Never-married,United-States,Sales,White,Not-in-family,False,Private,0
36,0.0,0.0,9,286115,40,Married-civ-spouse,United-States,Craft-repair,White,Husband,True,Private,1
52,0.0,0.0,9,146015,40,Married-civ-spouse,United-States,Craft-repair,White,Husband,True,Private,0
21,0.0,0.0,9,43475,40,Never-married,United-States,Protective-serv,White,Not-in-family,True,Private,0
21,0.0,0.0,9,317175,60,Never-married,United-States,Transport-moving,White,Not-in-family,True,Private,0
48,0.0,0.0,9,212120,40,Married-civ-spouse,United-States,Machine-op-inspct,White,Husband,True,Private,1
42,0.0,0.0,16,162003,36,Never-married,United-States,Prof-specialty,White,Not-in-family,True,Private,1
24,3908.0,0.0,13,196816,40,Married-civ-spouse,United-States,Prof-specialty,White,Husband,True,Private,0
34,0.0,0.0,9,84119,40,Never-married,United-States,Craft-repair,White,Own-child,True,Private,0
45,7688.0,0.0,10,213140,45,Married-civ-spouse,United-States,Craft-repair,White,Husband,True,Self-emp-not-inc,1
19,0.0,0.0,9,236940,40,Never-married,United-States,Farming-fishing,White,Own-child,True,Private,0
52,0.0,0.0,1,370552,40,Married-civ-spouse,El-Salvador,Machine-op-inspct,White,Husband,True,Private,0
28,0.0,0.0,10,354095,40,Never-married,United-States,Sales,White,Not-in-family,False,Private,0
42,0.0,0.0,13,91453,50,Divorced,United-States,Sales,White,Unmarried,False,Private,0
33,0.0,0.0,10,111985,58,Married-civ-spouse,United-States,Craft-repair,White,Husband,True,Private,0
33,0.0,0.0,7,166961,20,Separated,United-States,Sales,White,Own-child,False,Private,0
47,0.0,625.0,9,144351,40,Divorced,United-States,Craft-repair,White,Unmarried,True,Private,0
40,0.0,2205.0,14,184804,45,Divorced,United-States,Prof-specialty,White,Not-in-family,False,Self-emp-not-inc,0
48,0.0,0.0,9,222478,20,Married-civ-spouse,United-States,?,White,Husband,True,?,0
21,0.0,0.0,10,107801,3,Never-married,United-States,?,White,Own-child,False,?,0
43,0.0,0.0,9,303211,40,Never-married,United-States,Exec-managerial,White,Own-child,True,Self-emp-inc,0
39,0.0,0.0,9,148015,52,Never-married,United-States,Machine-op-inspct,Black,Not-in-family,False,Private,0
58,0.0,0.0,10,56392,40,Married-civ-spouse,United-States,Sales,White,Husband,True,Private,0
33,0.0,0.0,9,44623,45,Married-civ-spouse,United-States,Exec-managerial,White,Husband,True,Private,0
17,0.0,0.0,7,154938,20,Never-married,United-States,?,White,Own-child,True,?,0
59,0.0,0.0,5,381851,40,Widowed,United-States,Other-service,Black,Unmarried,False,Private,0
38,0.0,0.0,9,48093,40,Married-civ-spouse,United-States,Handlers-cleaners,White,Husband,True,Private,0
26,0.0,0.0,9,207537,40,Never-married,United-States,Adm-clerical,Black,Not-in-family,False,Federal-gov,0
20,0.0,0.0,9,199703,28,Married-civ-spouse,United-States,Other-service,White,Husband,True,Private,0
31,0.0,1594.0,9,651396,30,Never-married,United-States,Sales,White,Own-child,False,Private,0
45,0.0,0.0,12,282172,40,Never-married,United-States,Exec-managerial,White,Not-in-family,False,Private,0
23,0.0,0.0,13,197207,40,Never-married,United-States,Prof-specialty,White,Not-in-family,False,Private,0
56,0.0,0.0,13,231232,30,Married-civ-spouse,Canada,Adm-clerical,White,Husband,True,Private,0
19,0.0,1602.0,8,124486,20,Never-married,United-States,Other-service,White,Own-child,True,Private,0
49,0.0,0.0,14,340755,40,Married-civ-spouse,United-States,Sales,White,Husband,True,Private,1
26,0.0,0.0,13,242768,38,Never-married,United-States,Prof-specialty,White,Not-in-family,True,Private,0
45,0.0,0.0,9,50163,30,Divorced,United-States,Other-service,White,Not-in-family,False,Private,0
21,0.0,0.0,9,198259,30,Never-married,United-States,Handlers-cleaners,White,Own-child,False,Private,0
29,0.0,0.0,13,211482,50,Never-married,United-States,Prof-specialty,White,Not-in-family,True,Private,1
58,0.0,1902.0,10,100313,40,Married-civ-spouse,United-States,Protective-serv,White,Husband,True,Private,1
18,0.0,1602.0,9,51574,38,Never-married,United-States,?,Asian-Pac-Islander,Own-child,False,?,0
30,0.0,0.0,9,202450,40,Divorced,United-States,Craft-repair,White,Own-child,True,Private,0
58,4787.0,0.0,13,244830,40,Separated,United-States,Prof-specialty,White,Not-in-family,True,Federal-gov,1
43,0.0,0.0,9,104892,45,Married-civ-spouse,United-States,Farming-fishing,White,Husband,True,Self-emp-inc,0
35,0.0,0.0,12,82552,40,Married-civ-spouse,United-States,Tech-support,White,Husband,True,Private,0
78,0.0,0.0,7,212660,10,Married-civ-spouse,United-States,Exec-managerial,White,Husband,True,Self-emp-inc,0
29,0.0,0.0,13,181822,40,Never-married,United-States,Sales,White,Not-in-family,True,Private,0
24,0.0,0.0,9,219122,20,Married-civ-spouse,Italy,Sales,White,Husband,True,Private,0
50,0.0,0.0,9,196975,40,Married-civ-spouse,United-States,Craft-repair,White,Husband,True,Private,1
26,0.0,0.0,13,176981,50,Never-married,United-States,Adm-clerical,White,Own-child,False,Self-emp-inc,0
44,0.0,0.0,14,112482,55,Married-civ-spouse,United-States,Exec-managerial,White,Husband,True,Private,1
46,7298.0,0.0,9,238648,40,Married-civ-spouse,United-States,Other-service,Black,Husband,True,State-gov,1
30,0.0,1485.0,12,97933,37,Married-civ-spouse,United-States,Transport-moving,White,Wife,False,Private,1
68,0.0,0.0,4,168794,30,Married-civ-spouse,United-States,Other-service,White,Husband,True,Private,0
30,0.0,0.0,13,110622,40,Divorced,China,Exec-managerial,Asian-Pac-Islander,Not-in-family,False,Private,0
44,0.0,0.0,4,326232,48,Divorced,United-States,Handlers-cleaners,White,Not-in-family,True,Private,0
17,0.0,0.0,7,95079,15,Never-married,United-States,Sales,White,Own-child,False,Private,0
48,0.0,2231.0,13,155781,30,Divorced,United-States,Prof-specialty,White,Not-in-family,True,Private,1
19,0.0,0.0,8,97261,40,Never-married,United-States,Handlers-cleaners,White,Not-in-family,True,Private,0
36,0.0,0.0,10,41017,52,Married-civ-spouse,United-States,Exec-managerial,White,Husband,True,Private,1
33,0.0,2824.0,10,230883,48,Divorced,United-States,Exec-managerial,White,Unmarried,True,Private,1
33,15024.0,0.0,14,219619,40,Married-civ-spouse,United-States,Prof-specialty,White,Husband,True,Private,1
26,4650.0,0.0,13,186454,40,Never-married,Vietnam,Prof-specialty,Asian-Pac-Islander,Not-in-family,True,Private,0
30,0.0,0.0,9,55176,30,Married-civ-spouse,United-States,Craft-repair,White,Husband,True,Self-emp-not-inc,0
26,0.0,0.0,4,224361,75,Married-civ-spouse,United-States,Transport-moving,White,Husband,True,Self-emp-not-inc,0
58,0.0,0.0,10,114362,30,Married-civ-spouse,United-States,?,Black,Husband,True,?,0
29,0.0,1564.0,9,341672,50,Married-spouse-absent,India,Transport-moving,Asian-Pac-Islander,Other-relative,True,Self-emp-not-inc,1
34,0.0,0.0,13,163110,45,Married-civ-spouse,United-States,Craft-repair,White,Husband,True,Private,1
30,0.0,0.0,11,176862,40,Married-civ-spouse,United-States,Prof-specialty,White,Husband,True,Private,0
34,0.0,0.0,4,330301,40,Separated,United-States,?,Black,Unmarried,False,?,0
53,0.0,0.0,10,200190,40,Divorced,United-States,Craft-repair,White,Not-in-family,True,Private,1
64,0.0,0.0,13,46087,50,Divorced,United-States,Exec-managerial,White,Not-in-family,False,Private,0
43,0.0,0.0,10,197397,6,Married-civ-spouse,Puerto-Rico,Prof-specialty,Other,Wife,False,Private,0
29,0.0,0.0,10,190330,10,Never-married,United-States,Other-service,White,Own-child,False,Local-gov,0
37,0.0,0.0,9,112554,45,Married-civ-spouse,United-States,Sales,White,Husband,True,Private,0
31,3908.0,0.0,13,256362,50,Married-civ-spouse,United-States,Sales,White,Husband,True,Self-emp-inc,0
34,0.0,0.0,8,172716,40,Married-civ-spouse,United-States,Armed-Forces,White,Husband,True,Federal-gov,0
53,0.0,0.0,9,104879,40,Married-civ-spouse,United-States,Tech-support,White,Husband,True,Private,1
39,0.0,0.0,13,144860,40,Married-civ-spouse,United-States,Exec-managerial,White,Husband,True,State-gov,0
54,0.0,0.0,9,174319,40,Divorced,United-States,Transport-moving,White,Not-in-family,True,Private,0
50,0.0,0.0,10,287598,70,Married-civ-spouse,United-States,Craft-repair,White,Husband,True,Self-emp-inc,0
69,0.0,0.0,2,113035,4,Widowed,United-States,Priv-house-serv,Black,Not-in-family,False,Private,0
44,0.0,0.0,9,199191,30,Married-civ-spouse,United-States,Adm-clerical,White,Wife,False,Private,0
30,0.0,0.0,13,267281,50,Never-married,United-States,Prof-specialty,White,Not-in-family,True,Private,0
23,0.0,0.0,9,200973,40,Never-married,United-States,Adm-clerical,White,Not-in-family,False,Private,0
23,0.0,0.0,9,129232,40,Never-married,United-States,Adm-clerical,White,Own-child,True,Local-gov,0
36,0.0,0.0,9,104772,48,Divorced,United-States,Craft-repair,White,Unmarried,True,Private,0
40,0.0,0.0,9,176286,40,Married-civ-spouse,United-States,Craft-repair,White,Husband,True,Private,0
28,0.0,0.0,9,51672,35,Never-married,United-States,Craft-repair,White,Not-in-family,True,Private,0
32,0.0,0.0,10,218407,70,Never-married,Cuba,Exec-managerial,White,Not-in-family,True,Self-emp-inc,0
45,0.0,0.0,9,278151,40,Married-civ-spouse,United-States,Protective-serv,White,Husband,True,Private,0
29,0.0,0.0,12,212895,35,Never-married,United-States,Craft-repair,White,Not-in-family,True,Private,0
45,7688.0,0.0,14,236586,55,Married-civ-spouse,United-States,Prof-specialty,White,Husband,True,Local-gov,1
41,0.0,0.0,9,176663,40,Married-civ-spouse,United-States,Adm-clerical,White,Wife,False,State-gov,0
30,0.0,0.0,4,209691,40,Divorced,United-States,Transport-moving,White,Not-in-family,True,Private,0
38,0.0,0.0,11,108293,38,Divorced,United-States,Adm-clerical,White,Unmarried,False,Private,0
43,0.0,0.0,14,150528,40,Married-civ-spouse,United-States,Prof-specialty,White,Husband,True,Private,1
50,0.0,0.0,9,134680,40,Never-married,United-States,Other-service,White,Not-in-family,True,Private,0
31,0.0,0.0,13,234500,40,Married-civ-spouse,United-States,Adm-clerical,White,Wife,False,Private,0
47,0.0,0.0,10,319205,40,Divorced,United-States,Adm-clerical,White,Unmarried,False,Local-gov,0
39,0.0,0.0,11,314007,40,Married-civ-spouse,United-States,Tech-support,White,Husband,True,Private,0
19,0.0,0.0,9,61855,30,Never-married,United-States,?,White,Other-relative,False,?,0
28,0.0,0.0,5,70034,40,Never-married,Portugal,Machine-op-inspct,White,Own-child,True,Private,0
43,0.0,0.0,13,369468,40,Married-civ-spouse,United-States,Prof-specialty,White,Husband,True,Federal-gov,1
43,0.0,0.0,13,145762,40,Married-civ-spouse,United-States,Exec-managerial,White,Husband,True,Private,0
34,0.0,0.0,10,302770,60,Married-civ-spouse,United-States,Sales,White,Husband,True,Private,0
43,0.0,0.0,7,174295,40,Married-civ-spouse,United-States,Other-service,White,Husband,True,Self-emp-not-inc,0
53,0.0,0.0,14,55139,40,Married-civ-spouse,United-States,Exec-managerial,White,Husband,True,Self-emp-inc,1
26,0.0,0.0,9,181838,50,Married-civ-spouse,United-States,Machine-op-inspct,White,Husband,True,Private,0
35,0.0,0.0,7,348771,36,Married-civ-spouse,United-States,Craft-repair,White,Husband,True,Self-emp-not-inc,0
46,3103.0,0.0,9,145636,50,Married-civ-spouse,United-States,Exec-managerial,White,Husband,True,Private,1
39,0.0,0.0,14,183081,60,Never-married,United-States,Sales,White,Not-in-family,True,Self-emp-not-inc,1
25,0.0,0.0,13,181896,40,Never-married,United-States,Adm-clerical,White,Own-child,False,Private,0
40,0.0,0.0,12,345969,40,Married-civ-spouse,United-States,Adm-clerical,White,Husband,True,State-gov,1
35,0.0,0.0,9,245090,40,Married-civ-spouse,Mexico,Craft-repair,White,Husband,True,Private,0
19,0.0,0.0,10,98283,32,Never-married,United-States,?,Asian-Pac-Islander,Own-child,True,?,0
24,0.0,0.0,11,218215,20,Never-married,United-States,Adm-clerical,White,Own-child,False,Private,0
23,0.0,0.0,9,348092,40,Never-married,Haiti,Transport-moving,Black,Own-child,True,Private,0
26,0.0,0.0,11,247025,40,Divorced,United-States,Craft-repair,White,Own-child,True,Private,0
50,0.0,0.0,9,172962,40,Married-civ-spouse,United-States,Handlers-cleaners,White,Husband,True,State-gov,0
50,0.0,0.0,3,263200,34,Married-spouse-absent,Mexico,Other-service,White,Unmarried,False,Private,0
41,0.0,0.0,9,102085,40,Never-married,United-States,Machine-op-inspct,White,Unmarried,False,Private,0
41,0.0,0.0,11,43556,40,Divorced,United-States,Tech-support,White,Not-in-family,False,Private,0
67,0.0,0.0,10,181220,20,Divorced,United-States,Adm-clerical,Black,Not-in-family,False,Local-gov,0
30,0.0,0.0,9,83066,40,Married-civ-spouse,United-States,Other-service,Black,Husband,True,Local-gov,0
23,0.0,0.0,9,35633,40,Married-civ-spouse,United-States,Handlers-cleaners,White,Husband,True,Private,0
41,0.0,0.0,13,60414,99,Married-civ-spouse,United-States,Exec-managerial,White,Husband,True,Self-emp-inc,1
60,0.0,0.0,3,74422,44,Married-civ-spouse,Mexico,Farming-fishing,White,Husband,True,Private,0
32,0.0,1977.0,13,86150,40,Married-civ-spouse,United-States,Exec-managerial,Asian-Pac-Islander,Wife,False,Federal-gov,1
26,0.0,0.0,10,154966,50,Married-civ-spouse,United-States,Sales,White,Husband,True,Private,1
24,0.0,0.0,14,123160,10,Married-spouse-absent,China,Prof-specialty,Asian-Pac-Islander,Not-in-family,False,State-gov,0
34,0.0,0.0,6,362775,30,Married-civ-spouse,United-States,Other-service,Amer-Indian-Eskimo,Wife,False,Local-gov,0
40,0.0,0.0,11,327573,40,Married-civ-spouse,United-States,Craft-repair,White,Husband,True,Private,0
23,0.0,0.0,9,287681,40,Never-married,Columbia,Craft-repair,White,Own-child,True,Private,0
24,0.0,0.0,10,274398,20,Never-married,United-States,Adm-clerical,Black,Own-child,False,Private,0
42,0.0,0.0,9,211860,40,Separated,United-States,Adm-clerical,White,Not-in-family,True,Private,0
49,0.0,0.0,13,177211,50,Married-civ-spouse,United-States,Exec-managerial,White,Husband,True,Private,1
18,0.0,0.0,9,175752,30,Never-married,United-States,Handlers-cleaners,White,Own-child,True,Private,0
32,0.0,1602.0,9,105938,20,Never-married,United-States,Machine-op-inspct,Black,Own-child,False,Private,0
26,0.0,0.0,10,287797,45,Married-civ-spouse,United-States,Craft-repair,White,Husband,True,Private,0
28,5013.0,0.0,13,219705,55,Married-civ-spouse,United-States,Exec-managerial,White,Husband,True,Self-emp-inc,0
42,0.0,1887.0,10,230438,40,Married-civ-spouse,United-States,Adm-clerical,White,Husband,True,Federal-gov,1
49,0.0,0.0,13,219611,75,Married-civ-spouse,United-States,Exec-managerial,White,Husband,True,Private,1
27,0.0,0.0,13,105830,60,Never-married,United-States,Prof-specialty,White,Not-in-family,False,Local-gov,0
26,0.0,0.0,7,31350,50,Never-married,United-States,Farming-fishing,White,Not-in-family,True,Private,0
34,0.0,0.0,9,117983,40,Never-married,United-States,Adm-clerical,White,Not-in-family,False,Private,0
34,0.0,0.0,9,140011,45,Never-married,United-States,Craft-repair,White,Own-child,True,Private,0
32,0.0,0.0,9,156192,20,Never-married,United-States,Other-service,White,Own-child,True,Private,0
27,0.0,0.0,13,607658,40,Never-married,United-States,Sales,White,Not-in-family,False,Private,0
36,0.0,0.0,11,339116,40,Divorced,?,Exec-managerial,White,Not-in-family,False,Self-emp-inc,0
37,0.0,0.0,10,241805,30,Married-civ-spouse,United-States,Other-service,Black,Husband,True,Private,0
19,0.0,0.0,10,466458,20,Never-married,United-States,Adm-clerical,White,Own-child,False,Private,0
55,0.0,0.0,9,174353,35,Married-civ-spouse,United-States,Transport-moving,White,Husband,True,Private,0
27,0.0,0.0,13,230997,45,Never-married,United-States,Prof-specialty,White,Not-in-family,False,Local-gov,0
38,0.0,0.0,9,107303,40,Married-civ-spouse,United-States,Craft-repair,White,Husband,True,Private,0
47,0.0,0.0,9,211123,40,Married-civ-spouse,United-States,Craft-repair,White,Husband,True,Federal-gov,0
48,0.0,0.0,9,46580,40,Divorced,United-States,Prof-specialty,White,Unmarried,False,Private,0
73,0.0,0.0,3,205580,6,Married-civ-spouse,United-States,Prof-specialty,White,Husband,True,Local-gov,0
39,0.0,0.0,9,102865,40,Married-civ-spouse,United-States,Craft-repair,White,Husband,True,Private,0
55,0.0,0.0,9,169276,40,Divorced,United-States,Machine-op-inspct,Black,Other-relative,True,Private,0
33,0.0,0.0,9,275632,40,Married-civ-spouse,United-States,Transport-moving,White,Husband,True,Private,0
54,0.0,0.0,12,178251,30,Widowed,United-States,Adm-clerical,White,Unmarried,False,Private,0
41,0.0,0.0,13,67339,40,Married-civ-spouse,?,Machine-op-inspct,White,Husband,True,Private,0
46,0.0,0.0,9,224559,35,Married-civ-spouse,United-States,Craft-repair,Black,Husband,True,Private,0
20,0.0,0.0,10,49179,35,Never-married,United-States,Prof-specialty,White,Not-in-family,True,Private,0
56,0.0,0.0,14,124319,40,Married-civ-spouse,United-States,?,White,Husband,True,?,1
39,0.0,0.0,9,183892,40,Married-civ-spouse,United-States,Machine-op-inspct,White,Husband,True,Private,0
18,0.0,0.0,9,156950,35,Never-married,United-States,Adm-clerical,White,Own-child,True,Private,0
47,0.0,0.0,3,185254,40,Never-married,El-Salvador,Priv-house-serv,White,Own-child,False,Private,0
42,0.0,0.0,13,214503,44,Married-civ-spouse,United-States,Prof-specialty,White,Husband,True,Private,1
48,0.0,1977.0,15,47343,70,Married-civ-spouse,United-States,Prof-specialty,White,Husband,True,Private,1
45,5178.0,0.0,13,261278,40,Married-civ-spouse,Philippines,Prof-specialty,Asian-Pac-Islander,Wife,False,Private,1
22,0.0,0.0,10,166371,40,Never-married,United-States,Craft-repair,White,Own-child,True,Private,0
36,0.0,0.0,9,190023,60,Married-civ-spouse,United-States,Transport-moving,White,Husband,True,Private,1
30,0.0,0.0,10,214063,72,Never-married,United-States,Farming-fishing,Black,Other-relative,True,Private,0
34,0.0,0.0,13,254270,40,Never-married,United-States,Prof-specialty,White,Not-in-family,False,Local-gov,0
34,3325.0,0.0,13,111843,40,Never-married,United-States,Adm-clerical,Black,Not-in-family,False,State-gov,0
37,0.0,0.0,11,226947,40,Married-civ-spouse,United-States,Craft-repair,White,Husband,True,Private,1
66,0.0,0.0,10,222810,35,Divorced,United-States,?,White,Other-relative,False,?,0
23,0.0,0.0,4,287681,25,Never-married,Mexico,Other-service,White,Not-in-family,True,Private,0
44,7688.0,0.0,13,167005,60,Married-civ-spouse,United-States,Exec-managerial,White,Husband,True,Private,1
18,0.0,0.0,9,252046,30,Never-married,United-States,?,White,Own-child,False,?,0
32,0.0,0.0,10,86808,38,Never-married,United-States,Other-service,White,Own-child,False,Private,0
17,0.0,0.0,6,173740,15,Never-married,United-States,Sales,White,Not-in-family,False,Private,0
51,0.0,0.0,13,122533,40,Married-civ-spouse,United-States,Exec-managerial,White,Husband,True,Private,1
19,0.0,0.0,9,171306,3,Never-married,United-States,Sales,White,Own-child,True,Private,0
43,0.0,0.0,7,188331,40,Separated,United-States,Sales,White,Unmarried,False,Private,0
24,0.0,0.0,9,102323,40,Never-married,United-States,Machine-op-inspct,White,Own-child,True,Private,0
39,0.0,0.0,12,245665,60,Divorced,United-States,Prof-specialty,White,Not-in-family,True,Private,0
48,0.0,0.0,10,136455,16,Divorced,United-States,Sales,White,Not-in-family,False,Private,0
25,3325.0,0.0,13,361493,40,Never-married,United-States,Sales,White,Not-in-family,True,Private,0
62,7688.0,0.0,13,208711,50,Married-civ-spouse,United-States,Craft-repair,White,Husband,True,Private,1
33,0.0,0.0,13,272411,40,Never-married,United-States,Exec-managerial,White,Not-in-family,False,Private,0
22,0.0,2339.0,13,124483,40,Never-married,India,Tech-support,Asian-Pac-Islander,Not-in-family,True,Private,0
23,0.0,0.0,13,87528,45,Never-married,United-States,Sales,White,Not-in-family,False,Private,0
44,0.0,0.0,4,248249,50,Married-civ-spouse,United-States,Handlers-cleaners,White,Husband,True,Private,0
23,0.0,0.0,9,149224,40,Never-married,United-States,Sales,White,Not-in-family,True,Private,0
26,0.0,0.0,13,131401,40,Never-married,United-States,Exec-managerial,White,Not-in-family,False,Private,0
31,0.0,0.0,13,42900,37,Never-married,United-States,Tech-support,White,Not-in-family,True,Private,0
61,0.0,0.0,9,201965,40,Married-civ-spouse,United-States,Exec-managerial,White,Husband,True,Self-emp-not-inc,0
33,0.0,0.0,9,356015,35,Separated,Hong,Craft-repair,Amer-Indian-Eskimo,Not-in-family,True,Private,0
27,0.0,0.0,9,123302,40,Married-civ-spouse,Poland,Other-service,White,Husband,True,Private,0
51,0.0,0.0,6,243631,40,Married-civ-spouse,United-States,Craft-repair,Amer-Indian-Eskimo,Husband,True,State-gov,0
28,0.0,0.0,9,132191,45,Married-civ-spouse,United-States,Transport-moving,White,Husband,True,Private,1
31,3137.0,0.0,9,109055,45,Married-civ-spouse,United-States,Farming-fishing,White,Husband,True,Private,0
31,0.0,0.0,9,118941,35,Never-married,United-States,Adm-clerical,White,Own-child,False,Private,0
21,0.0,0.0,6,130534,50,Never-married,United-States,Craft-repair,White,Not-in-family,True,Private,0
32,0.0,0.0,6,241885,40,Divorced,United-States,Craft-repair,White,Not-in-family,True,Self-emp-not-inc,0
19,0.0,0.0,7,53355,12,Never-married,United-States,Sales,White,Not-in-family,True,Private,0
39,0.0,0.0,9,299725,37,Divorced,United-States,Handlers-cleaners,White,Not-in-family,False,Private,0
27,0.0,0.0,3,278736,40,Married-civ-spouse,Mexico,Craft-repair,White,Husband,True,Private,0
60,0.0,1408.0,10,166789,50,Divorced,United-States,Tech-support,White,Not-in-family,True,Private,0
51,0.0,0.0,11,138514,48,Divorced,United-States,Tech-support,Black,Unmarried,False,Private,0
26,0.0,0.0,14,160261,20,Never-married,India,Prof-specialty,Asian-Pac-Islander,Not-in-family,True,Private,0
36,1506.0,0.0,9,204527,40,Never-married,United-States,Craft-repair,White,Unmarried,True,Private,0
30,0.0,0.0,9,154587,40,Never-married,Puerto-Rico,Other-service,White,Not-in-family,True,Private,0
59,0.0,0.0,9,172071,38,Married-civ-spouse,Jamaica,Prof-specialty,Black,Wife,False,Private,0
63,0.0,0.0,9,102412,40,Divorced,United-States,Sales,White,Not-in-family,False,Private,0
53,0.0,0.0,9,130730,35,Divorced,United-States,Adm-clerical,White,Other-relative,False,Local-gov,0
35,0.0,0.0,6,340018,38,Never-married,United-States,Other-service,Black,Unmarried,False,Private,0
44,0.0,0.0,11,64506,20,Divorced,United-States,Other-service,White,Not-in-family,True,Private,0
49,0.0,0.0,9,211762,40,Married-civ-spouse,United-States,Craft-repair,White,Husband,True,Self-emp-not-inc,1
29,0.0,0.0,14,157262,45,Never-married,United-States,Exec-managerial,White,Not-in-family,False,Private,0
23,0.0,0.0,12,412248,25,Never-married,United-States,Other-service,White,Not-in-family,False,Private,0
31,0.0,0.0,10,323020,30,Married-civ-spouse,United-States,Other-service,White,Wife,False,Self-emp-not-inc,0
32,0.0,0.0,9,49593,40,Never-married,United-States,Adm-clerical,Black,Not-in-family,False,Private,0
26,0.0,0.0,10,207258,40,Never-married,United-States,Exec-managerial,White,Own-child,False,Private,0
40,0.0,0.0,7,98466,50,Married-civ-spouse,United-States,Craft-repair,White,Husband,True,Private,0
40,0.0,0.0,9,342164,37,Separated,United-States,Adm-clerical,White,Unmarried,False,Private,0
31,0.0,0.0,10,54929,60,Divorced,United-States,Craft-repair,White,Not-in-family,True,Private,0
44,0.0,0.0,13,308027,40,Divorced,United-States,Exec-managerial,Black,Not-in-family,False,Federal-gov,0
61,0.0,0.0,12,153790,40,Widowed,United-States,Machine-op-inspct,Black,Unmarried,False,Private,0
62,0.0,0.0,6,181063,30,Widowed,United-States,?,White,Not-in-family,False,?,0
38,0.0,0.0,9,167440,20,Married-civ-spouse,United-States,Transport-moving,White,Husband,True,Local-gov,0
24,0.0,0.0,13,257621,20,Never-married,United-States,Prof-specialty,White,Not-in-family,False,State-gov,0
39,7298.0,0.0,9,57691,40,Married-civ-spouse,United-States,Handlers-cleaners,White,Husband,True,Private,1
33,0.0,0.0,9,204752,40,Never-married,United-States,Other-service,White,Own-child,True,Private,0
61,0.0,2339.0,3,43554,40,Never-married,United-States,Handlers-cleaners,Black,Not-in-family,True,Private,0
28,0.0,0.0,9,119793,60,Never-married,United-States,Sales,White,Own-child,True,Private,0
38,0.0,0.0,11,87282,40,Never-married,United-States,Exec-managerial,Asian-Pac-Islander,Other-relative,False,Private,0
51,0.0,0.0,9,185490,40,Divorced,United-States,Sales,White,Not-in-family,False,Private,0
46,0.0,1977.0,13,129007,40,Married-civ-spouse,United-States,Sales,White,Husband,True,Private,1
52,0.0,0.0,9,225339,35,Widowed,United-States,Adm-clerical,Black,Unmarried,False,Private,0
44,0.0,0.0,13,89172,50,Married-civ-spouse,United-States,Craft-repair,White,Husband,True,Private,1
17,0.0,0.0,6,96282,14,Never-married,United-States,Other-service,White,Own-child,True,Private,0
51,0.0,0.0,9,144084,40,Never-married,United-States,Machine-op-inspct,White,Own-child,False,Private,0
28,0.0,0.0,10,129624,40,Never-married,United-States,?,White,Other-relative,True,?,0
41,0.0,0.0,9,183105,44,Separated,Cuba,Machine-op-inspct,White,Unmarried,False,Private,0
20,0.0,0.0,9,175808,40,Never-married,United-States,Craft-repair,White,Own-child,True,Private,0
36,0.0,0.0,4,185692,35,Married-civ-spouse,United-States,Farming-fishing,White,Husband,True,Private,0
28,0.0,0.0,6,174666,80,Separated,United-States,?,White,Not-in-family,True,?,0
19,0.0,0.0,9,39026,30,Never-married,United-States,Other-service,White,Not-in-family,True,Private,0
45,0.0,0.0,13,102359,37,Married-civ-spouse,United-States,Prof-specialty,White,Husband,True,Local-gov,0
44,0.0,0.0,14,222011,25,Divorced,United-States,Prof-specialty,White,Unmarried,False,Private,1
43,0.0,1741.0,13,191712,40,Never-married,United-States,Adm-clerical,White,Not-in-family,True,Private,0
46,0.0,2258.0,9,140644,50,Married-spouse-absent,United-States,Machine-op-inspct,White,Not-in-family,True,Private,0
54,0.0,0.0,10,113649,40,Married-civ-spouse,United-States,Exec-managerial,White,Husband,True,Local-gov,0
37,0.0,0.0,9,168496,10,Divorced,United-States,Handlers-cleaners,White,Own-child,True,Self-emp-not-inc,0
65,0.0,0.0,6,185001,20,Widowed,United-States,Sales,White,Not-in-family,False,Private,0
39,0.0,0.0,10,46028,60,Divorced,United-States,Other-service,White,Unmarried,False,Private,0
42,0.0,0.0,9,173888,52,Married-spouse-absent,United-States,Adm-clerical,White,Not-in-family,True,Private,0
40,13550.0,0.0,13,121956,40,Married-spouse-absent,Cambodia,Prof-specialty,Asian-Pac-Islander,Not-in-family,True,Private,1
34,0.0,0.0,10,103408,40,Divorced,Germany,Prof-specialty,Black,Not-in-family,True,Private,1
27,0.0,0.0,13,192936,40,Never-married,United-States,Prof-specialty,White,Not-in-family,False,Private,0
26,0.0,0.0,9,196866,38,Never-married,United-States,Sales,White,Not-in-family,False,Private,0
21,0.0,0.0,10,140001,30,Never-married,United-States,Handlers-cleaners,White,Own-child,True,Private,0
32,0.0,0.0,3,247328,40,Never-married,Mexico,Other-service,White,Not-in-family,True,Private,0
19,0.0,0.0,6,199480,25,Never-married,United-States,Handlers-cleaners,White,Own-child,True,Private,0
35,0.0,0.0,10,238980,40,Never-married,United-States,Sales,White,Not-in-family,True,Private,0
27,0.0,0.0,13,106562,50,Never-married,United-States,Prof-specialty,White,Not-in-family,False,Private,1
39,0.0,0.0,13,99452,50,Married-civ-spouse,United-States,Prof-specialty,White,Husband,True,Private,1
27,0.0,0.0,13,174419,40,Never-married,United-States,Prof-specialty,White,Not-in-family,False,Private,0
38,0.0,0.0,10,184456,50,Never-married,Greece,Other-service,White,Not-in-family,True,Private,0
74,3471.0,0.0,5,340939,40,Married-civ-spouse,United-States,?,White,Husband,True,?,0
47,0.0,0.0,9,138342,50,Married-civ-spouse,United-States,Craft-repair,White,Husband,True,Private,0
55,0.0,1977.0,14,208311,20,Married-civ-spouse,United-States,Tech-support,White,Husband,True,Private,1
28,0.0,0.0,9,300915,60,Married-civ-spouse,United-States,Transport-moving,White,Husband,True,Private,0
35,0.0,0.0,9,140752,25,Never-married,United-States,Sales,White,Not-in-family,True,Private,0
56,0.0,0.0,9,203580,35,Married-civ-spouse,?,Adm-clerical,White,Husband,True,Private,0
40,0.0,0.0,16,36556,55,Married-civ-spouse,United-States,Prof-specialty,White,Husband,True,Private,0
56,0.0,0.0,9,146660,60,Married-civ-spouse,United-States,Craft-repair,White,Husband,True,Private,0
40,2829.0,0.0,9,106501,50,Married-civ-spouse,United-States,Transport-moving,White,Husband,True,Private,0
39,0.0,0.0,14,225544,40,Married-civ-spouse,Poland,Transport-moving,White,Husband,True,Private,0
21,0.0,0.0,10,124242,40,Never-married,United-States,?,White,Own-child,False,?,0
58,0.0,0.0,9,205410,40,Married-civ-spouse,United-States,Craft-repair,White,Husband,True,Private,0
21,0.0,0.0,7,256356,40,Never-married,Mexico,Priv-house-serv,White,Other-relative,False,Private,0
26,0.0,0.0,10,189590,30,Never-married,United-States,Adm-clerical,White,Not-in-family,True,Private,0
50,0.0,0.0,5,22418,50,Divorced,United-States,Transport-moving,White,Not-in-family,True,Private,0
45,0.0,0.0,7,257855,50,Married-civ-spouse,United-States,Other-service,Black,Husband,True,Local-gov,0
26,0.0,0.0,13,30793,55,Married-civ-spouse,United-States,Prof-specialty,White,Wife,False,Local-gov,1
31,0.0,1590.0,13,190772,35,Never-married,?,Exec-managerial,White,Own-child,False,Private,0
50,4650.0,0.0,10,138852,22,Divorced,United-States,Craft-repair,White,Not-in-family,True,Private,0
25,0.0,0.0,9,285367,50,Divorced,United-States,Other-service,White,Not-in-family,True,Private,0
71,20051.0,0.0,10,118119,50,Married-civ-spouse,United-States,Exec-managerial,White,Husband,True,Self-emp-inc,1
34,0.0,0.0,10,176673,35,Never-married,United-States,Sales,Black,Other-relative,False,Private,0
71,3432.0,0.0,10,250263,30,Married-civ-spouse,United-States,?,White,Husband,True,?,0
58,0.0,0.0,4,255822,40,Married-civ-spouse,United-States,Handlers-cleaners,White,Husband,True,Private,0
34,0.0,0.0,13,150324,40,Married-civ-spouse,United-States,Prof-specialty,White,Husband,True,Private,1
39,0.0,0.0,13,123983,40,Divorced,China,Sales,Asian-Pac-Islander,Not-in-family,True,Private,0
36,0.0,0.0,10,117312,40,Married-civ-spouse,United-States,Transport-moving,White,Wife,False,Local-gov,0
52,0.0,0.0,9,30908,60,Married-civ-spouse,United-States,Farming-fishing,White,Husband,True,Private,0
44,0.0,0.0,13,483201,40,Married-civ-spouse,United-States,Exec-managerial,White,Husband,True,Self-emp-not-inc,0
55,0.0,0.0,10,342121,40,Married-civ-spouse,United-States,Tech-support,White,Husband,True,Private,0
31,0.0,0.0,13,502752,40,Married-civ-spouse,United-States,Adm-clerical,White,Wife,False,Private,1
36,0.0,0.0,9,266347,43,Never-married,United-States,Craft-repair,White,Not-in-family,True,Private,0
25,0.0,0.0,10,124111,40,Never-married,United-States,Adm-clerical,White,Own-child,False,Private,0
22,0.0,0.0,10,34310,25,Never-married,United-States,Transport-moving,White,Own-child,True,State-gov,0
29,0.0,0.0,10,224858,45,Married-civ-spouse,United-States,Prof-specialty,White,Husband,True,Private,0
35,0.0,0.0,6,208259,36,Married-civ-spouse,United-States,Adm-clerical,White,Wife,False,Private,0
43,0.0,0.0,16,35662,70,Married-civ-spouse,United-States,Prof-specialty,White,Wife,False,Self-emp-inc,1
26,0.0,0.0,9,199143,50,Married-civ-spouse,United-States,Handlers-cleaners,White,Husband,True,Private,0
18,0.0,0.0,10,446771,25,Never-married,United-States,Adm-clerical,White,Own-child,True,Private,0
23,0.0,0.0,9,346480,50,Never-married,United-States,Adm-clerical,White,Not-in-family,False,Private,0
22,0.0,0.0,10,50610,40,Never-married,United-States,Other-service,White,Not-in-family,False,Private,0
56,0.0,0.0,9,208415,40,Divorced,?,Exec-managerial,Black,Not-in-family,True,Private,0
33,0.0,0.0,10,152933,45,Never-married,United-States,Exec-managerial,White,Not-in-family,True,Private,0
41,0.0,0.0,13,43467,99,Divorced,United-States,Other-service,White,Not-in-family,False,Private,0
49,0.0,0.0,9,228399,40,Divorced,United-States,Machine-op-inspct,Black,Unmarried,False,Self-emp-not-inc,0
28,0.0,0.0,9,86615,30,Never-married,United-States,Other-service,Black,Own-child,True,Local-gov,0
58,0.0,0.0,9,160586,40,Married-civ-spouse,United-States,Farming-fishing,White,Husband,True,Local-gov,0
33,0.0,0.0,9,184245,50,Married-civ-spouse,Mexico,Exec-managerial,White,Husband,True,Self-emp-inc,1
66,0.0,0.0,9,252842,20,Never-married,United-States,Farming-fishing,White,Other-relative,True,Self-emp-not-inc,0
61,0.0,0.0,11,238913,40,Married-civ-spouse,United-States,Tech-support,White,Husband,True,Private,1
49,0.0,0.0,12,225454,45,Married-civ-spouse,United-States,Prof-specialty,White,Husband,True,Private,1
18,0.0,0.0,6,80616,27,Never-married,United-States,Handlers-cleaners,White,Own-child,True,Private,0
24,0.0,0.0,13,42251,30,Never-married,United-States,Prof-specialty,White,Not-in-family,False,Federal-gov,0
41,0.0,0.0,13,180138,50,Married-civ-spouse,Iran,Exec-managerial,White,Husband,True,Private,1
70,0.0,0.0,5,142851,18,Married-civ-spouse,United-States,Exec-managerial,White,Husband,True,Private,0
38,0.0,0.0,13,272476,24,Married-civ-spouse,United-States,Prof-specialty,White,Wife,False,Private,1
35,0.0,0.0,9,60227,40,Married-civ-spouse,United-States,Craft-repair,White,Husband,True,Private,0
51,0.0,0.0,13,193720,45,Married-civ-spouse,United-States,Exec-managerial,White,Husband,True,Private,1
40,0.0,0.0,13,110862,50,Married-civ-spouse,United-States,Sales,White,Husband,True,Private,1
41,0.0,0.0,15,66208,45,Divorced,United-States,Prof-specialty,White,Unmarried,False,Private,0
53,0.0,0.0,9,287317,40,Divorced,United-States,Other-service,Black,Not-in-family,True,Private,0
44,0.0,0.0,6,212894,40,Married-civ-spouse,Greece,Machine-op-inspct,White,Husband,True,Private,0
52,0.0,0.0,10,104280,50,Married-civ-spouse,United-States,Tech-support,White,Husband,True,State-gov,0
36,0.0,0.0,9,214807,40,Divorced,United-States,Other-service,White,Unmarried,False,Private,0
23,0.0,0.0,11,140764,15,Never-married,United-States,Other-service,White,Own-child,False,Private,0
39,0.0,0.0,8,261504,40,Divorced,United-States,Adm-clerical,White,Unmarried,False,Private,0
32,0.0,0.0,13,79586,40,Married-civ-spouse,India,Prof-specialty,Asian-Pac-Islander,Husband,True,Private,0
25,0.0,0.0,9,419658,8,Never-married,United-States,Other-service,White,Own-child,False,Private,0
45,0.0,0.0,13,420986,40,Married-civ-spouse,United-States,Prof-specialty,White,Husband,True,Self-emp-not-inc,1
34,7688.0,0.0,13,242460,40,Married-civ-spouse,United-States,Exec-managerial,White,Husband,True,Private,1
36,0.0,0.0,13,403681,40,Married-civ-spouse,United-States,Prof-specialty,White,Husband,True,Local-gov,1
34,0.0,0.0,14,341051,50,Married-civ-spouse,United-States,Adm-clerical,White,Husband,True,Federal-gov,1
20,0.0,0.0,10,181370,40,Never-married,United-States,Other-service,Black,Own-child,True,Private,0
49,0.0,0.0,13,368355,43,Married-civ-spouse,United-States,Exec-managerial,White,Husband,True,Private,1
21,0.0,0.0,10,187581,40,Never-married,United-States,?,White,Own-child,False,?,0
42,0.0,0.0,10,198096,40,Married-civ-spouse,United-States,Other-service,White,Husband,True,Private,1
50,0.0,0.0,13,355954,50,Married-civ-spouse,United-States,Exec-managerial,White,Husband,True,Private,1
25,0.0,0.0,13,40915,15,Married-spouse-absent,United-States,?,White,Not-in-family,False,?,0
43,0.0,0.0,2,185670,21,Widowed,Mexico,Prof-specialty,White,Unmarried,False,Private,0
38,0.0,0.0,9,248929,50,Married-civ-spouse,United-States,Transport-moving,White,Husband,True,Self-emp-not-inc,0
17,0.0,0.0,7,368700,10,Never-married,United-States,Farming-fishing,White,Own-child,True,Self-emp-not-inc,0
28,0.0,0.0,9,241580,55,Divorced,United-States,?,White,Unmarried,False,?,0
39,0.0,0.0,10,184964,40,Divorced,United-States,Adm-clerical,White,Not-in-family,True,Federal-gov,1
42,0.0,0.0,9,70655,40,Divorced,United-States,Farming-fishing,White,Not-in-family,True,Local-gov,0
27,0.0,0.0,10,279872,40,Divorced,United-States,Other-service,White,Not-in-family,True,Private,0
48,0.0,0.0,13,133694,40,Married-spouse-absent,Jamaica,Exec-managerial,Black,Not-in-family,True,Self-emp-not-inc,1
45,0.0,0.0,8,242552,35,Divorced,United-States,Craft-repair,Black,Other-relative,True,Self-emp-not-inc,0
51,0.0,1980.0,9,378126,40,Divorced,United-States,Adm-clerical,White,Unmarried,False,Federal-gov,0
42,0.0,0.0,16,116632,45,Married-civ-spouse,United-States,Prof-specialty,White,Husband,True,Private,1
29,0.0,0.0,13,114158,40,Never-married,United-States,Tech-support,White,Not-in-family,False,Private,0
54,0.0,0.0,9,229272,40,Married-civ-spouse,United-States,Craft-repair,Black,Husband,True,Private,1
49,0.0,0.0,9,296892,40,Married-civ-spouse,Puerto-Rico,?,White,Husband,True,?,0
39,0.0,0.0,9,33001,40,Married-civ-spouse,United-States,Craft-repair,White,Husband,True,Self-emp-not-inc,0
47,0.0,0.0,13,262244,60,Never-married,United-States,Sales,Black,Not-in-family,True,Private,1
42,0.0,0.0,13,157443,27,Married-civ-spouse,Taiwan,Prof-specialty,Asian-Pac-Islander,Wife,False,Private,1
46,0.0,0.0,10,138999,40,Married-civ-spouse,United-States,Machine-op-inspct,White,Husband,True,Private,0
70,0.0,0.0,10,221603,34,Widowed,United-States,Sales,White,Not-in-family,False,Private,0
26,0.0,0.0,9,340787,40,Married-civ-spouse,United-States,Prof-specialty,White,Husband,True,Private,0
19,0.0,0.0,9,375077,50,Never-married,United-States,Sales,White,Own-child,True,Private,0
60,0.0,0.0,9,178792,40,Widowed,United-States,Handlers-cleaners,White,Not-in-family,False,Private,0
52,0.0,1579.0,9,129893,30,Married-civ-spouse,United-States,?,Black,Husband,True,?,0
50,0.0,0.0,13,138193,50,Divorced,United-States,Prof-specialty,White,Other-relative,False,Private,1
63,0.0,0.0,7,187919,30,Married-civ-spouse,United-States,Other-service,White,Husband,True,Private,0
29,0.0,0.0,13,90934,64,Never-married,Philippines,Prof-specialty,Asian-Pac-Islander,Own-child,True,Private,1
30,0.0,0.0,15,194901,55,Divorced,United-States,Sales,White,Own-child,True,Private,0
59,99999.0,0.0,3,76860,40,Married-civ-spouse,China,Exec-managerial,Asian-Pac-Islander,Husband,True,Self-emp-inc,1
46,0.0,1902.0,3,147640,40,Married-civ-spouse,United-States,Transport-moving,Amer-Indian-Eskimo,Husband,True,Private,0
63,0.0,0.0,13,144391,20,Married-civ-spouse,United-States,Farming-fishing,White,Husband,True,Self-emp-not-inc,0
26,0.0,0.0,7,305304,40,Married-civ-spouse,United-States,Machine-op-inspct,White,Husband,True,Private,0
42,1151.0,0.0,14,178897,40,Divorced,United-States,Prof-specialty,White,Unmarried,False,State-gov,0
53,0.0,0.0,9,30447,50,Divorced,United-States,Machine-op-inspct,White,Not-in-family,True,Private,0
21,0.0,0.0,10,312017,40,Never-married,United-States,Craft-repair,White,Not-in-family,True,Private,0
33,0.0,0.0,14,615893,40,Married-civ-spouse,Nicaragua,Transport-moving,Black,Husband,True,Federal-gov,0
63,0.0,0.0,13,109849,21,Never-married,United-States,Prof-specialty,Black,Not-in-family,False,Local-gov,0
66,0.0,0.0,9,48034,16,Married-civ-spouse,United-States,Transport-moving,White,Husband,True,Private,0
26,0.0,0.0,11,112754,65,Married-civ-spouse,United-States,Craft-repair,White,Husband,True,Private,1
21,0.0,0.0,10,148294,40,Never-married,United-States,?,White,Own-child,True,?,0
38,0.0,0.0,10,498411,40,Married-civ-spouse,United-States,?,White,Wife,False,?,0
39,0.0,0.0,9,177075,40,Divorced,United-States,Adm-clerical,White,Not-in-family,False,Private,0
20,0.0,0.0,2,472789,30,Never-married,El-Salvador,Farming-fishing,White,Not-in-family,True,Private,0
27,0.0,1740.0,11,212578,40,Married-civ-spouse,United-States,Craft-repair,White,Husband,True,Private,0
40,0.0,0.0,10,59460,38,Divorced,United-States,Adm-clerical,White,Unmarried,False,State-gov,0
17,0.0,0.0,6,75333,24,Never-married,United-States,Sales,Black,Own-child,False,Private,0
51,0.0,0.0,10,149220,75,Married-civ-spouse,United-States,Farming-fishing,White,Husband,True,Self-emp-not-inc,0
33,2105.0,0.0,9,365908,40,Married-civ-spouse,United-States,Other-service,Black,Husband,True,Local-gov,0
31,0.0,0.0,10,44503,40,Married-civ-spouse,United-States,Craft-repair,White,Husband,True,Self-emp-not-inc,0
53,0.0,0.0,9,146325,40,Divorced,United-States,Transport-moving,White,Not-in-family,True,Private,0
41,0.0,0.0,10,124639,40,Separated,United-States,Craft-repair,Black,Not-in-family,True,Private,0
56,0.0,0.0,4,117148,40,Divorced,United-States,Machine-op-inspct,White,Not-in-family,False,Private,0
58,0.0,0.0,10,109015,40,Divorced,United-States,Adm-clerical,White,Unmarried,False,Private,0
34,0.0,0.0,13,114185,50,Divorced,?,Transport-moving,White,Not-in-family,True,Self-emp-not-inc,0
17,0.0,0.0,5,53367,35,Never-married,United-States,Other-service,White,Own-child,False,Private,0
49,0.0,0.0,10,275845,60,Married-civ-spouse,United-States,Exec-managerial,White,Husband,True,Self-emp-not-inc,0
30,5178.0,0.0,11,164190,52,Married-civ-spouse,United-States,Prof-specialty,White,Husband,True,Private,1
36,0.0,0.0,10,219155,50,Married-civ-spouse,United-States,Sales,White,Husband,True,Self-emp-not-inc,1
40,0.0,0.0,9,33895,40,Divorced,United-States,Tech-support,White,Not-in-family,False,Private,0
23,0.0,0.0,10,182117,40,Never-married,United-States,Other-service,White,Own-child,True,Private,0
44,0.0,0.0,10,49249,80,Divorced,United-States,Other-service,White,Unmarried,True,Self-emp-inc,0
38,0.0,0.0,13,109594,70,Divorced,United-States,Sales,White,Not-in-family,False,Private,1
30,0.0,0.0,13,289458,40,Never-married,United-States,Exec-managerial,White,Not-in-family,False,Private,0
37,0.0,0.0,9,216924,60,Divorced,United-States,Farming-fishing,White,Own-child,True,Private,0
48,0.0,0.0,9,54759,38,Divorced,United-States,Prof-specialty,White,Unmarried,False,Private,0
60,0.0,0.0,13,131681,50,Married-civ-spouse,United-States,Exec-managerial,White,Husband,True,Private,1
32,0.0,0.0,13,318647,48,Married-civ-spouse,United-States,Exec-managerial,White,Husband,True,Private,1
19,0.0,0.0,10,149528,12,Never-married,United-States,Farming-fishing,White,Own-child,True,State-gov,0
79,0.0,0.0,13,183686,20,Married-civ-spouse,United-States,Sales,White,Husband,True,Self-emp-inc,1
59,0.0,0.0,12,178660,40,Married-civ-spouse,United-States,Adm-clerical,White,Husband,True,Federal-gov,0
28,0.0,0.0,12,188171,60,Never-married,United-States,Transport-moving,White,Own-child,True,Private,0
30,0.0,0.0,10,247444,40,Married-civ-spouse,Nicaragua,Machine-op-inspct,White,Husband,True,Private,0
35,0.0,0.0,12,33975,40,Married-civ-spouse,United-States,Craft-repair,White,Husband,True,Private,0
28,0.0,0.0,9,183802,55,Married-civ-spouse,United-States,Transport-moving,White,Husband,True,Private,0
24,0.0,0.0,13,236696,40,Never-married,United-States,Exec-managerial,White,Not-in-family,True,Private,0
53,5013.0,0.0,9,124094,35,Married-civ-spouse,United-States,Craft-repair,White,Husband,True,Local-gov,0
28,0.0,0.0,9,207513,48,Never-married,United-States,Sales,White,Own-child,True,Private,0
27,0.0,0.0,9,115438,60,Married-civ-spouse,Ireland,Craft-repair,White,Husband,True,Self-emp-not-inc,1
56,3103.0,0.0,9,176118,40,Married-civ-spouse,United-States,Craft-repair,White,Husband,True,Private,1
57,0.0,0.0,9,217886,36,Widowed,United-States,Adm-clerical,White,Not-in-family,False,Private,0
35,0.0,1887.0,12,100375,45,Married-civ-spouse,United-States,Sales,White,Husband,True,Private,1
22,0.0,0.0,9,255575,35,Never-married,United-States,Other-service,White,Not-in-family,False,Private,0
56,0.0,0.0,11,117872,40,Married-civ-spouse,United-States,Craft-repair,Black,Husband,True,Private,1
17,0.0,0.0,8,53367,25,Never-married,United-States,Other-service,White,Other-relative,False,Private,0
33,0.0,0.0,7,286675,40,Married-civ-spouse,United-States,Craft-repair,White,Husband,True,Private,0
39,0.0,0.0,11,97771,45,Married-civ-spouse,United-States,Exec-managerial,White,Husband,True,Private,0
42,0.0,0.0,9,184857,16,Married-civ-spouse,United-States,Craft-repair,White,Husband,True,Private,0
35,0.0,0.0,9,214816,36,Married-civ-spouse,United-States,Adm-clerical,White,Husband,True,Private,0
52,0.0,0.0,3,94988,50,Never-married,United-States,Handlers-cleaners,White,Not-in-family,True,Private,0
47,0.0,0.0,9,246396,40,Married-civ-spouse,Mexico,Adm-clerical,White,Husband,True,Private,0
48,0.0,0.0,14,328610,50,Married-civ-spouse,United-States,Prof-specialty,White,Husband,True,Local-gov,1
36,0.0,0.0,10,292380,10,Married-civ-spouse,United-States,Exec-managerial,Black,Husband,True,Private,0
60,4934.0,0.0,11,237317,40,Divorced,United-States,Prof-specialty,White,Unmarried,True,Federal-gov,1
35,0.0,0.0,13,166416,50,Married-civ-spouse,United-States,Exec-managerial,White,Husband,True,Private,1
33,0.0,0.0,9,32207,75,Divorced,United-States,?,White,Not-in-family,True,?,0
54,0.0,0.0,3,197975,51,Married-civ-spouse,United-States,Sales,White,Husband,True,Private,0
49,0.0,0.0,13,207540,40,Married-civ-spouse,United-States,Adm-clerical,White,Husband,True,Federal-gov,1
36,0.0,0.0,13,180752,40,Never-married,United-States,Protective-serv,Black,Unmarried,False,State-gov,0
33,0.0,0.0,14,33727,40,Married-civ-spouse,United-States,Prof-specialty,White,Wife,False,Local-gov,0
71,0.0,0.0,12,178295,3,Married-civ-spouse,United-States,?,White,Husband,True,?,0
75,0.0,0.0,15,208426,35,Married-civ-spouse,United-States,Prof-specialty,White,Husband,True,Self-emp-not-inc,0
25,0.0,0.0,9,160445,40,Divorced,United-States,Craft-repair,White,Not-in-family,True,Private,0
47,0.0,0.0,11,114882,40,Married-civ-spouse,United-States,Transport-moving,White,Husband,True,Private,0
26,0.0,0.0,9,216010,40,Separated,United-States,Exec-managerial,White,Own-child,False,Private,0
25,0.0,0.0,9,136357,40,Married-civ-spouse,United-States,Craft-repair,White,Husband,True,Local-gov,0
56,0.0,0.0,14,359972,60,Married-civ-spouse,England,Exec-managerial,White,Husband,True,Private,1
26,0.0,0.0,13,291968,40,Never-married,United-States,Prof-specialty,White,Not-in-family,True,Private,0
23,0.0,0.0,13,72143,40,Never-married,United-States,Exec-managerial,White,Not-in-family,False,Self-emp-not-inc,0
39,0.0,0.0,13,286026,52,Married-civ-spouse,United-States,Craft-repair,White,Husband,True,Private,0
51,0.0,0.0,9,100933,40,Never-married,United-States,Exec-managerial,White,Other-relative,False,Private,0
35,0.0,0.0,14,92028,50,Married-civ-spouse,United-States,Exec-managerial,White,Husband,True,Private,1
42,0.0,0.0,13,118947,40,Married-civ-spouse,United-States,Exec-managerial,White,Husband,True,Private,1
35,0.0,0.0,9,32528,50,Married-civ-spouse,United-States,Transport-moving,White,Husband,True,Self-emp-not-inc,0
25,0.0,0.0,9,295289,40,Never-married,United-States,Prof-specialty,Black,Own-child,False,Local-gov,0
25,0.0,0.0,13,173212,40,Never-married,United-States,Prof-specialty,White,Own-child,True,Private,0
60,10520.0,0.0,9,404023,40,Divorced,United-States,Exec-managerial,White,Not-in-family,True,Federal-gov,1
26,0.0,0.0,8,138152,48,Never-married,Guatemala,Craft-repair,Other,Other-relative,True,Private,0
30,0.0,0.0,13,231620,40,Never-married,Mexico,Sales,White,Not-in-family,False,Private,0
26,0.0,0.0,10,173992,45,Married-civ-spouse,United-States,Craft-repair,White,Husband,True,Private,1
37,0.0,0.0,13,190297,45,Married-civ-spouse,United-States,Tech-support,White,Husband,True,Private,1
42,7298.0,0.0,13,162140,45,Married-civ-spouse,United-States,Exec-managerial,White,Husband,True,Private,1
24,0.0,0.0,10,27939,24,Married-civ-spouse,?,Other-service,Asian-Pac-Islander,Husband,True,State-gov,0
60,0.0,0.0,3,170310,40,Married-civ-spouse,United-States,Transport-moving,White,Husband,True,Private,0
36,0.0,0.0,4,140854,45,Married-civ-spouse,Portugal,Adm-clerical,White,Husband,True,Private,0
56,0.0,0.0,13,181220,40,Married-civ-spouse,United-States,Sales,White,Husband,True,Private,1
30,0.0,0.0,13,186420,35,Never-married,United-States,Tech-support,White,Not-in-family,False,Private,0
23,3908.0,0.0,9,193586,40,Married-civ-spouse,United-States,Adm-clerical,White,Wife,False,Private,0
34,0.0,0.0,9,236543,40,Never-married,United-States,Craft-repair,White,Own-child,True,Private,0
42,7688.0,0.0,14,384236,40,Married-civ-spouse,United-States,Prof-specialty,White,Husband,True,Private,1
25,0.0,0.0,9,298225,50,Divorced,United-States,Craft-repair,White,Not-in-family,True,Private,0
27,0.0,0.0,11,176683,60,Married-civ-spouse,United-States,Other-service,White,Husband,True,Private,0
61,0.0,0.0,6,151459,38,Never-married,United-States,Other-service,Black,Not-in-family,False,State-gov,0
51,0.0,0.0,9,103803,50,Married-civ-spouse,United-States,Machine-op-inspct,Black,Husband,True,Private,0
27,0.0,0.0,15,252813,45,Never-married,United-States,Prof-specialty,White,Not-in-family,False,Private,0
62,0.0,0.0,9,24050,15,Widowed,United-States,Sales,White,Not-in-family,False,Self-emp-inc,0
55,0.0,0.0,9,194371,40,Married-civ-spouse,Canada,Sales,White,Wife,False,Private,1
25,0.0,0.0,9,51148,40,Divorced,United-States,Adm-clerical,White,Other-relative,False,Private,0
30,0.0,0.0,10,164493,10,Never-married,United-States,Adm-clerical,White,Own-child,False,Local-gov,0
24,0.0,0.0,5,243923,10,Married-civ-spouse,Mexico,?,White,Husband,True,?,0
64,15024.0,0.0,13,134960,35,Married-civ-spouse,United-States,Exec-managerial,White,Husband,True,Self-emp-not-inc,1
36,0.0,0.0,9,191754,50,Married-civ-spouse,United-States,Craft-repair,White,Husband,True,Private,0
50,0.0,0.0,11,62593,40,Married-civ-spouse,United-States,Farming-fishing,Asian-Pac-Islander,Husband,True,Private,1
45,0.0,0.0,9,123844,60,Divorced,United-States,Other-service,White,Own-child,False,Private,0
40,0.0,0.0,16,91949,40,Never-married,United-States,Prof-specialty,Black,Not-in-family,False,State-gov,0
31,0.0,0.0,10,288983,40,Never-married,United-States,Protective-serv,White,Not-in-family,True,Private,0
51,0.0,2002.0,10,373448,40,Married-civ-spouse,United-States,Exec-managerial,White,Husband,True,Private,0
20,0.0,0.0,10,109952,25,Never-married,United-States,Handlers-cleaners,White,Own-child,True,Private,0
41,0.0,0.0,11,254630,80,Divorced,United-States,?,White,Not-in-family,True,?,0
59,15024.0,0.0,14,31359,80,Married-civ-spouse,United-States,Exec-managerial,White,Husband,True,Self-emp-inc,1
46,0.0,0.0,9,167915,40,Married-civ-spouse,United-States,Craft-repair,White,Husband,True,Private,0
45,0.0,0.0,11,238386,40,Married-civ-spouse,United-States,Machine-op-inspct,White,Husband,True,Private,1
34,0.0,0.0,9,190151,32,Separated,United-States,Adm-clerical,White,Unmarried,False,Private,0
59,6849.0,0.0,10,241297,40,Widowed,United-States,Farming-fishing,White,Not-in-family,False,Self-emp-not-inc,0
44,0.0,0.0,6,240043,30,Married-spouse-absent,United-States,Adm-clerical,Black,Unmarried,False,Private,0
62,0.0,0.0,16,116626,40,Widowed,United-States,Exec-managerial,White,Not-in-family,False,Self-emp-not-inc,1
27,3325.0,0.0,9,287476,40,Never-married,United-States,Craft-repair,Black,Not-in-family,True,Private,0
59,0.0,0.0,4,160271,40,Separated,United-States,Machine-op-inspct,White,Not-in-family,True,Private,0
42,0.0,0.0,14,211450,45,Never-married,United-States,Exec-managerial,White,Not-in-family,True,Private,1
17,0.0,0.0,6,181129,10,Never-married,United-States,Sales,White,Own-child,False,Private,0
40,0.0,0.0,9,77975,40,Married-civ-spouse,United-States,Craft-repair,White,Husband,True,Private,0
44,0.0,0.0,13,196797,36,Married-civ-spouse,United-States,Prof-specialty,Black,Wife,False,Local-gov,1
48,0.0,0.0,14,39464,52,Never-married,United-States,Prof-specialty,White,Not-in-family,False,Local-gov,0
34,0.0,0.0,13,169708,40,Married-civ-spouse,United-States,Prof-specialty,White,Wife,False,Local-gov,1
50,0.0,0.0,9,186888,40,Married-civ-spouse,United-States,Exec-managerial,Black,Wife,False,Local-gov,1
23,0.0,0.0,10,148751,35,Never-married,United-States,?,White,Not-in-family,False,?,0
28,0.0,0.0,13,112425,40,Divorced,United-States,Tech-support,White,Not-in-family,False,Private,0
33,0.0,0.0,9,327902,45,Married-civ-spouse,United-States,Transport-moving,White,Husband,True,Self-emp-not-inc,0
35,0.0,0.0,13,272944,40,Divorced,United-States,Transport-moving,White,Not-in-family,True,Private,0
29,0.0,0.0,7,121523,60,Married-civ-spouse,United-States,Transport-moving,White,Husband,True,Private,0
34,0.0,0.0,13,85355,40,Never-married,United-States,Adm-clerical,White,Own-child,True,Private,0
29,0.0,0.0,13,106179,35,Never-married,Canada,Adm-clerical,White,Not-in-family,False,Private,0
23,0.0,0.0,9,285775,42,Never-married,United-States,Protective-serv,White,Other-relative,True,Private,0
35,0.0,0.0,13,33975,40,Married-civ-spouse,United-States,Prof-specialty,White,Husband,True,Local-gov,1
27,0.0,0.0,10,413870,40,Never-married,United-States,Exec-managerial,Black,Own-child,True,State-gov,0
18,0.0,0.0,9,92112,30,Never-married,United-States,Other-service,White,Own-child,False,Private,0
40,0.0,0.0,13,167678,40,Married-civ-spouse,Dominican-Republic,Craft-repair,White,Husband,True,Self-emp-not-inc,1
63,0.0,0.0,8,230823,40,Married-civ-spouse,Cuba,Transport-moving,White,Husband,True,Private,0
35,0.0,0.0,10,297767,40,Separated,United-States,Adm-clerical,Black,Not-in-family,True,Private,0
39,15024.0,0.0,10,33983,40,Married-civ-spouse,United-States,Adm-clerical,White,Husband,True,Private,1
32,0.0,0.0,10,116508,50,Married-civ-spouse,United-States,Farming-fishing,White,Husband,True,Self-emp-not-inc,1
38,0.0,0.0,9,423605,40,Married-civ-spouse,El-Salvador,Craft-repair,White,Husband,True,Private,0
30,0.0,0.0,13,362873,40,Married-civ-spouse,El-Salvador,Tech-support,White,Husband,True,Private,0
23,0.0,0.0,10,194096,30,Never-married,United-States,?,White,Own-child,False,?,0
31,0.0,0.0,9,225779,40,Never-married,United-States,Machine-op-inspct,White,Not-in-family,False,Private,0
17,0.0,0.0,6,108402,20,Never-married,United-States,Sales,White,Own-child,False,Private,0
42,0.0,1977.0,9,188738,60,Married-civ-spouse,Italy,Exec-managerial,White,Husband,True,Self-emp-inc,1
52,0.0,0.0,13,117674,38,Never-married,United-States,Prof-specialty,White,Not-in-family,True,Private,0
32,0.0,0.0,9,185410,40,Never-married,United-States,Adm-clerical,White,Not-in-family,False,Private,0
39,0.0,0.0,9,498785,40,Divorced,United-States,Adm-clerical,White,Not-in-family,True,Private,0
41,0.0,0.0,13,221172,40,Never-married,United-States,Exec-managerial,White,Own-child,True,Private,0
48,0.0,0.0,9,275100,70,Married-civ-spouse,Greece,Exec-managerial,White,Husband,True,Self-emp-inc,1
27,0.0,0.0,14,124680,40,Never-married,United-States,Prof-specialty,White,Not-in-family,False,Local-gov,0
20,0.0,0.0,9,73679,35,Never-married,United-States,Transport-moving,White,Own-child,False,Private,0
30,0.0,2051.0,10,84119,40,Married-civ-spouse,United-States,Craft-repair,White,Husband,True,Private,0
23,0.0,0.0,10,145964,20,Never-married,United-States,Other-service,White,Own-child,True,Private,0
40,0.0,0.0,9,235786,40,Separated,United-States,Craft-repair,White,Not-in-family,True,Private,0
36,0.0,0.0,11,263574,40,Married-civ-spouse,United-States,Adm-clerical,White,Wife,False,Private,0
53,0.0,1902.0,13,139671,40,Married-civ-spouse,United-States,Prof-specialty,White,Husband,True,Private,1
52,0.0,1887.0,9,34973,60,Married-civ-spouse,United-States,Farming-fishing,White,Husband,True,Self-emp-not-inc,1
61,4386.0,0.0,13,244856,40,Married-civ-spouse,United-States,?,White,Husband,True,?,1
21,0.0,0.0,12,494638,15,Never-married,United-States,?,White,Own-child,True,?,0
36,0.0,0.0,9,30267,50,Married-civ-spouse,United-States,Transport-moving,White,Husband,True,Private,0
65,25124.0,0.0,15,224472,80,Never-married,United-States,?,White,Not-in-family,True,?,1
20,0.0,0.0,10,318865,40,Never-married,United-States,?,White,Not-in-family,True,?,0
79,0.0,0.0,9,158319,24,Widowed,United-States,Other-service,White,Not-in-family,False,Self-emp-not-inc,0
29,0.0,0.0,11,29261,50,Never-married,United-States,Machine-op-inspct,White,Not-in-family,True,Private,0
53,0.0,0.0,11,263439,50,Married-civ-spouse,United-States,Sales,White,Husband,True,Self-emp-not-inc,1
38,7688.0,0.0,12,115433,33,Married-civ-spouse,United-States,Adm-clerical,White,Wife,False,Federal-gov,1
43,0.0,0.0,9,152958,35,Married-civ-spouse,United-States,Exec-managerial,White,Husband,True,Self-emp-not-inc,1
33,0.0,0.0,10,111994,45,Divorced,United-States,Adm-clerical,White,Unmarried,False,State-gov,0
21,0.0,0.0,8,169003,25,Never-married,United-States,Adm-clerical,Black,Own-child,True,Federal-gov,0
39,0.0,2415.0,14,179731,65,Married-civ-spouse,United-States,Exec-managerial,White,Wife,False,Private,1
47,3325.0,0.0,9,184005,45,Divorced,United-States,Exec-managerial,Amer-Indian-Eskimo,Not-in-family,False,Private,0
27,0.0,0.0,7,182540,40,Never-married,United-States,Craft-repair,White,Not-in-family,True,Private,0
58,0.0,0.0,9,190541,47,Never-married,United-States,Sales,White,Not-in-family,True,Self-emp-inc,0
32,0.0,0.0,7,137367,40,Never-married,India,Craft-repair,Asian-Pac-Islander,Not-in-family,True,Private,0
33,0.0,0.0,9,198211,40,Married-civ-spouse,United-States,Exec-managerial,White,Husband,True,Private,0
48,7298.0,0.0,9,493862,38,Married-civ-spouse,United-States,Exec-managerial,Black,Husband,True,Local-gov,1
41,15024.0,0.0,13,359696,60,Married-civ-spouse,United-States,Protective-serv,White,Husband,True,Private,1
23,0.0,0.0,10,115458,40,Married-civ-spouse,United-States,Sales,White,Husband,True,Private,0
35,2885.0,0.0,9,174856,40,Married-civ-spouse,United-States,Transport-moving,White,Husband,True,Private,0
77,0.0,0.0,10,120408,20,Married-civ-spouse,United-States,Protective-serv,White,Husband,True,Local-gov,0
47,4064.0,0.0,10,101204,40,Married-civ-spouse,United-States,Tech-support,Black,Husband,True,Private,0
33,2829.0,0.0,10,202153,40,Married-civ-spouse,United-States,Craft-repair,White,Husband,True,Self-emp-not-inc,0
58,0.0,0.0,7,32521,20,Married-spouse-absent,United-States,?,White,Not-in-family,False,?,0
41,0.0,0.0,13,344624,50,Divorced,United-States,Exec-managerial,White,Not-in-family,True,Private,1
67,0.0,0.0,9,231604,40,Never-married,United-States,Adm-clerical,White,Not-in-family,True,Federal-gov,1
24,0.0,0.0,10,112854,16,Never-married,United-States,Tech-support,White,Not-in-family,False,Private,0
18,594.0,0.0,8,198616,20,Never-married,United-States,Craft-repair,White,Own-child,True,Private,0
41,0.0,0.0,9,160785,40,Married-civ-spouse,United-States,Craft-repair,White,Husband,True,Local-gov,0
37,0.0,0.0,6,239397,40,Married-civ-spouse,Mexico,Machine-op-inspct,White,Husband,True,Private,0
22,0.0,0.0,10,341368,50,Never-married,United-States,Other-service,White,Not-in-family,True,Private,0
32,0.0,1876.0,13,244147,50,Never-married,United-States,Prof-specialty,White,Not-in-family,True,Private,0
33,0.0,0.0,15,37546,40,Married-civ-spouse,United-States,Prof-specialty,White,Wife,False,Federal-gov,1
22,0.0,0.0,9,210474,40,Never-married,United-States,Other-service,White,Not-in-family,False,Private,0
33,0.0,0.0,10,287372,50,Married-civ-spouse,United-States,Exec-managerial,White,Husband,True,Self-emp-inc,1
35,0.0,0.0,16,113481,60,Married-civ-spouse,United-States,Prof-specialty,White,Husband,True,Private,0
34,0.0,0.0,9,159255,60,Married-civ-spouse,United-States,Exec-managerial,White,Husband,True,Private,1
28,0.0,0.0,9,125442,40,Divorced,United-States,Craft-repair,White,Own-child,True,Self-emp-not-inc,0
39,0.0,0.0,13,318918,40,Married-civ-spouse,United-States,Exec-managerial,White,Husband,True,State-gov,0
20,0.0,0.0,4,200450,52,Never-married,United-States,Machine-op-inspct,White,Own-child,False,Private,0
20,0.0,0.0,5,147523,40,Never-married,El-Salvador,Handlers-cleaners,White,Not-in-family,False,Private,0
53,4386.0,0.0,11,151580,40,Married-civ-spouse,United-States,Prof-specialty,White,Husband,True,State-gov,1
20,0.0,0.0,10,317443,15,Never-married,United-States,Adm-clerical,Black,Own-child,False,Private,0
33,0.0,0.0,12,25610,40,Married-civ-spouse,Japan,Sales,Other,Husband,True,Private,1
24,0.0,0.0,10,52262,40,Never-married,United-States,Adm-clerical,White,Not-in-family,True,Local-gov,0
50,0.0,0.0,9,308764,40,Widowed,United-States,Transport-moving,White,Unmarried,False,Local-gov,0
39,0.0,0.0,13,289890,60,Divorced,United-States,Sales,White,Not-in-family,True,Private,0
42,0.0,1740.0,9,248094,43,Married-civ-spouse,United-States,Transport-moving,White,Husband,True,Private,0
34,0.0,0.0,10,185216,40,Never-married,United-States,Adm-clerical,White,Own-child,True,Private,0
26,0.0,1848.0,9,366219,60,Married-civ-spouse,United-States,Craft-repair,Black,Husband,True,Private,1
20,0.0,0.0,9,340217,40,Never-married,United-States,Adm-clerical,White,Own-child,False,Federal-gov,0
46,0.0,0.0,9,174928,40,Divorced,Puerto-Rico,Adm-clerical,White,Not-in-family,True,Private,0
29,0.0,0.0,11,88432,50,Married-civ-spouse,United-States,Craft-repair,White,Husband,True,Private,0
55,15024.0,0.0,15,296991,40,Married-civ-spouse,United-States,Prof-specialty,White,Husband,True,State-gov,1
47,0.0,0.0,10,97842,40,Married-civ-spouse,United-States,Craft-repair,White,Husband,True,Private,0
21,0.0,0.0,9,80680,64,Never-married,United-States,Other-service,White,Not-in-family,False,Private,0
38,0.0,0.0,10,193026,40,Divorced,Iran,Craft-repair,White,Not-in-family,True,Private,0
39,15024.0,0.0,13,177154,50,Married-civ-spouse,United-States,Sales,White,Husband,True,Private,1
25,0.0,0.0,10,60828,50,Never-married,United-States,Farming-fishing,White,Own-child,False,Self-emp-not-inc,0
29,0.0,0.0,10,131913,40,Never-married,United-States,Adm-clerical,Black,Other-relative,False,Private,0
57,0.0,0.0,9,287229,48,Married-civ-spouse,United-States,Craft-repair,White,Husband,True,Self-emp-not-inc,1
47,0.0,0.0,10,46857,40,Divorced,United-States,Adm-clerical,White,Not-in-family,True,Private,0
68,0.0,0.0,9,107910,40,Never-married,United-States,Sales,White,Not-in-family,False,Private,0
40,0.0,0.0,9,137142,60,Married-civ-spouse,United-States,Sales,White,Husband,True,Private,0
53,0.0,0.0,10,539864,20,Divorced,United-States,Craft-repair,White,Not-in-family,True,Private,0
23,0.0,0.0,12,84726,45,Married-civ-spouse,Germany,Farming-fishing,White,Wife,False,Private,0
45,0.0,0.0,13,139268,60,Married-civ-spouse,United-States,Sales,White,Husband,True,Self-emp-inc,1
48,0.0,0.0,10,192779,40,Divorced,United-States,Craft-repair,White,Not-in-family,True,Private,0
27,0.0,0.0,9,140863,60,Never-married,United-States,Transport-moving,White,Not-in-family,True,Private,0
43,0.0,0.0,9,178866,25,Married-civ-spouse,United-States,Adm-clerical,White,Wife,False,Private,1
30,0.0,0.0,10,197886,45,Never-married,United-States,Sales,White,Not-in-family,True,Private,1
36,0.0,0.0,9,179358,30,Widowed,United-States,Handlers-cleaners,White,Unmarried,False,Private,0
65,0.0,0.0,5,144822,45,Married-civ-spouse,United-States,Craft-repair,White,Husband,True,Self-emp-not-inc,0
35,0.0,0.0,9,253860,20,Divorced,United-States,?,White,Unmarried,False,?,0
39,0.0,0.0,9,210991,40,Married-civ-spouse,United-States,Craft-repair,White,Husband,True,Private,0
55,0.0,0.0,14,134042,40,Married-civ-spouse,United-States,Exec-managerial,White,Wife,False,Local-gov,1
23,0.0,0.0,9,156513,40,Never-married,United-States,Handlers-cleaners,Black,Own-child,True,Private,0
30,0.0,0.0,16,209808,40,Married-civ-spouse,United-States,Prof-specialty,White,Husband,True,Self-emp-not-inc,1
63,0.0,0.0,9,287277,40,Divorced,United-States,Protective-serv,White,Not-in-family,True,Private,0
23,0.0,0.0,13,201682,40,Married-civ-spouse,United-States,Adm-clerical,White,Other-relative,False,Private,0
53,0.0,0.0,13,177705,44,Married-civ-spouse,United-States,Craft-repair,White,Husband,True,Private,1
30,0.0,0.0,12,63861,40,Never-married,United-States,Tech-support,White,Not-in-family,False,Private,0
31,0.0,0.0,10,103772,40,Divorced,United-States,Adm-clerical,White,Not-in-family,False,Private,0
40,0.0,0.0,12,52498,40,Divorced,United-States,Adm-clerical,White,Unmarried,False,State-gov,0
19,1055.0,0.0,9,164339,70,Never-married,United-States,Handlers-cleaners,White,Own-child,True,Private,0
54,0.0,0.0,6,294991,40,Married-civ-spouse,United-States,Handlers-cleaners,White,Husband,True,Private,0
56,0.0,0.0,14,291529,50,Married-civ-spouse,United-States,Prof-specialty,White,Husband,True,Local-gov,1
25,0.0,0.0,12,397317,40,Never-married,United-States,Prof-specialty,White,Not-in-family,False,Private,0
24,0.0,0.0,10,373718,20,Never-married,United-States,Farming-fishing,White,Not-in-family,True,Private,0
52,0.0,0.0,10,40200,35,Widowed,United-States,Craft-repair,Black,Not-in-family,True,Self-emp-not-inc,0
26,0.0,2051.0,10,115717,40,Married-civ-spouse,United-States,Adm-clerical,White,Husband,True,Private,0
20,0.0,0.0,9,63210,15,Never-married,United-States,Handlers-cleaners,White,Own-child,True,Private,0
40,15024.0,0.0,13,25005,99,Married-civ-spouse,United-States,Prof-specialty,White,Husband,True,Private,1
46,0.0,0.0,12,201694,40,Separated,United-States,Exec-managerial,White,Unmarried,False,Private,0
34,0.0,0.0,13,244147,40,Married-civ-spouse,?,Prof-specialty,White,Husband,True,Private,1
46,0.0,0.0,7,185291,45,Married-civ-spouse,United-States,Handlers-cleaners,White,Husband,True,Private,1
38,0.0,1726.0,10,130277,40,Divorced,United-States,Tech-support,White,Unmarried,False,Private,0
29,0.0,0.0,13,129528,40,Never-married,United-States,Prof-specialty,White,Not-in-family,False,Private,0
31,0.0,0.0,9,42485,55,Married-civ-spouse,United-States,Machine-op-inspct,White,Husband,True,Private,0
26,0.0,0.0,9,552529,40,Married-civ-spouse,United-States,Machine-op-inspct,Black,Wife,False,Private,0
45,15024.0,0.0,13,205100,60,Married-civ-spouse,United-States,Exec-managerial,White,Husband,True,Private,1
44,0.0,0.0,12,27242,40,Married-civ-spouse,Philippines,Craft-repair,White,Husband,True,Private,0
68,0.0,0.0,14,99106,20,Divorced,United-States,Prof-specialty,White,Not-in-family,False,State-gov,0
51,0.0,0.0,9,253357,40,Married-civ-spouse,United-States,Craft-repair,White,Husband,True,Private,0
51,5178.0,0.0,13,106728,60,Married-civ-spouse,United-States,Exec-managerial,White,Husband,True,Private,1
23,0.0,0.0,9,226891,20,Never-married,South,?,Asian-Pac-Islander,Other-relative,False,?,0
50,0.0,0.0,14,211319,38,Never-married,United-States,Prof-specialty,White,Not-in-family,True,State-gov,0
29,0.0,0.0,6,253752,40,Married-civ-spouse,United-States,Farming-fishing,White,Wife,False,Private,0
36,0.0,0.0,9,248263,40,Never-married,United-States,Prof-specialty,White,Not-in-family,False,Local-gov,0
38,0.0,0.0,10,198841,40,Separated,United-States,Handlers-cleaners,White,Not-in-family,True,Federal-gov,0
46,0.0,0.0,10,358585,40,Divorced,United-States,Craft-repair,White,Unmarried,True,Private,1
38,0.0,0.0,15,212252,50,Married-civ-spouse,United-States,Prof-specialty,White,Wife,False,Private,1
50,0.0,0.0,14,158680,50,Married-civ-spouse,United-States,Exec-managerial,White,Husband,True,Private,1
48,0.0,0.0,9,34845,40,Divorced,United-States,Craft-repair,White,Other-relative,True,Private,0
33,0.0,1848.0,16,331615,40,Married-civ-spouse,United-States,Prof-specialty,White,Husband,True,Federal-gov,1
44,0.0,0.0,9,76487,40,Married-civ-spouse,United-States,Transport-moving,White,Husband,True,Private,0
23,0.0,0.0,9,231866,38,Never-married,United-States,Handlers-cleaners,White,Own-child,True,Private,0
50,0.0,0.0,9,166565,40,Married-civ-spouse,United-States,Transport-moving,White,Husband,True,Private,0
23,0.0,0.0,10,180475,40,Never-married,United-States,Exec-managerial,White,Not-in-family,True,Private,0
54,0.0,0.0,14,141707,40,Married-civ-spouse,United-States,Prof-specialty,Black,Husband,True,Private,1
38,0.0,0.0,9,203763,40,Divorced,United-States,Adm-clerical,White,Not-in-family,False,Private,0
29,0.0,0.0,13,59932,40,Never-married,United-States,Prof-specialty,White,Not-in-family,False,Federal-gov,0
76,7896.0,0.0,9,204113,18,Widowed,United-States,Protective-serv,White,Not-in-family,False,Private,0
38,0.0,0.0,12,168496,50,Married-civ-spouse,United-States,Sales,White,Husband,True,Private,1
62,0.0,0.0,9,99470,45,Married-civ-spouse,United-States,Exec-managerial,White,Husband,True,Private,1
31,0.0,0.0,13,253354,50,Married-civ-spouse,United-States,Prof-specialty,White,Husband,True,Private,0
51,0.0,0.0,6,194788,30,Divorced,United-States,Adm-clerical,White,Other-relative,False,Private,0
71,9386.0,0.0,13,132057,50,Married-civ-spouse,United-States,Prof-specialty,Black,Husband,True,Private,1
25,0.0,1741.0,9,120268,40,Never-married,United-States,Sales,White,Own-child,True,Private,0
35,0.0,0.0,13,226311,40,Never-married,United-States,Sales,White,Not-in-family,False,Private,0
26,0.0,0.0,13,122575,60,Never-married,Vietnam,Exec-managerial,Asian-Pac-Islander,Unmarried,True,Private,0
32,0.0,0.0,11,191777,35,Never-married,England,Exec-managerial,Black,Not-in-family,False,Private,0
59,0.0,1485.0,9,174864,45,Married-civ-spouse,United-States,Craft-repair,White,Husband,True,Private,1
44,0.0,0.0,9,118550,33,Divorced,United-States,Other-service,White,Unmarried,False,Private,0
36,0.0,0.0,9,108293,24,Widowed,United-States,Other-service,White,Unmarried,False,Private,0
24,0.0,0.0,13,198259,40,Never-married,United-States,Exec-managerial,White,Own-child,False,Private,0
22,0.0,0.0,9,41763,42,Married-civ-spouse,United-States,Sales,White,Husband,True,Private,0
26,10520.0,0.0,13,102476,64,Never-married,United-States,Prof-specialty,White,Own-child,True,Private,1
63,0.0,2559.0,16,39181,60,Divorced,United-States,Exec-managerial,White,Not-in-family,False,Federal-gov,1
49,0.0,0.0,10,393691,40,Married-civ-spouse,United-States,Prof-specialty,White,Husband,True,Self-emp-not-inc,1
53,0.0,0.0,9,258832,10,Never-married,Philippines,Other-service,Asian-Pac-Islander,Other-relative,True,Private,0
29,0.0,0.0,15,152951,50,Married-civ-spouse,Canada,Prof-specialty,White,Husband,True,Private,1
36,0.0,0.0,11,133974,40,Divorced,United-States,Sales,White,Unmarried,False,Private,0
23,0.0,0.0,10,154210,14,Never-married,Puerto-Rico,Adm-clerical,Asian-Pac-Islander,Other-relative,True,Private,0
22,0.0,0.0,10,203894,15,Never-married,United-States,Sales,White,Own-child,False,Private,0
58,0.0,0.0,9,204021,40,Never-married,Canada,Transport-moving,White,Own-child,True,Private,0
36,0.0,0.0,9,197274,40,Never-married,United-States,Handlers-cleaners,Black,Not-in-family,True,Private,0
28,0.0,0.0,13,190391,50,Never-married,United-States,Sales,White,Not-in-family,True,Self-emp-not-inc,0
47,0.0,0.0,13,420986,40,Married-civ-spouse,United-States,Exec-managerial,White,Husband,True,Private,1
21,0.0,0.0,10,140012,20,Never-married,United-States,?,White,Own-child,True,?,0
37,0.0,0.0,10,107302,50,Married-civ-spouse,United-States,Sales,White,Husband,True,Private,1
20,0.0,0.0,10,170091,10,Never-married,United-States,Adm-clerical,White,Own-child,False,Private,0
43,0.0,0.0,3,255635,40,Married-civ-spouse,Mexico,Machine-op-inspct,Other,Husband,True,Private,0
20,0.0,0.0,9,119665,40,Never-married,United-States,Craft-repair,White,Own-child,True,Private,0
27,0.0,0.0,14,209109,35,Never-married,United-States,Prof-specialty,White,Own-child,True,Local-gov,0
25,0.0,0.0,12,82560,43,Never-married,United-States,Other-service,White,Own-child,True,Private,0
33,0.0,0.0,9,44559,35,Married-civ-spouse,United-States,Prof-specialty,White,Husband,True,Private,0
36,0.0,0.0,9,212433,40,Never-married,United-States,Craft-repair,Black,Own-child,True,Private,0
20,0.0,0.0,10,127185,15,Never-married,United-States,Prof-specialty,White,Own-child,False,Private,0
41,7430.0,0.0,14,112763,36,Divorced,United-States,Prof-specialty,White,Unmarried,False,Local-gov,1
65,0.0,0.0,9,369902,8,Widowed,United-States,?,White,Not-in-family,False,?,0
36,0.0,0.0,9,116608,40,Divorced,United-States,Exec-managerial,White,Not-in-family,False,Private,0
32,0.0,0.0,9,208291,50,Married-civ-spouse,United-States,Sales,White,Husband,True,Private,0
64,0.0,0.0,9,130525,40,Married-civ-spouse,United-States,Sales,White,Husband,True,Private,1
30,0.0,0.0,9,176992,50,Married-civ-spouse,United-States,Transport-moving,White,Husband,True,Local-gov,1
23,0.0,0.0,9,121313,40,Never-married,United-States,Craft-repair,White,Own-child,True,Self-emp-not-inc,0
17,0.0,0.0,7,317681,10,Never-married,United-States,Craft-repair,White,Own-child,True,Private,0
73,0.0,0.0,3,113446,54,Married-civ-spouse,United-States,Exec-managerial,White,Husband,True,Private,1
25,0.0,0.0,13,220931,43,Never-married,Peru,Prof-specialty,White,Not-in-family,True,Private,0
60,0.0,0.0,4,187458,40,Married-civ-spouse,United-States,Craft-repair,White,Husband,True,Private,0
20,0.0,0.0,10,358783,35,Never-married,United-States,?,White,Own-child,False,?,0
63,0.0,2205.0,9,234083,40,Divorced,United-States,?,White,Not-in-family,False,?,0
41,7688.0,0.0,13,352834,55,Married-civ-spouse,United-States,Prof-specialty,White,Husband,True,Private,1
41,0.0,0.0,9,247752,40,Married-civ-spouse,United-States,Sales,White,Husband,True,Private,0
24,0.0,0.0,9,132320,50,Divorced,United-States,Machine-op-inspct,White,Not-in-family,True,Self-emp-not-inc,0
24,0.0,0.0,9,350917,30,Never-married,United-States,?,White,Not-in-family,False,?,0
47,0.0,0.0,10,337825,45,Married-civ-spouse,United-States,Sales,White,Husband,True,Self-emp-inc,1
59,0.0,1977.0,13,223215,50,Married-civ-spouse,United-States,Exec-managerial,White,Husband,True,Self-emp-inc,1
25,0.0,0.0,9,28520,40,Never-married,United-States,Other-service,White,Not-in-family,False,Private,0
33,0.0,0.0,9,206707,40,Divorced,United-States,Craft-repair,White,Own-child,True,Private,0
33,0.0,0.0,14,55291,40,Married-civ-spouse,United-States,Exec-managerial,White,Husband,True,Private,1
39,0.0,0.0,9,172700,40,Never-married,United-States,Other-service,Black,Unmarried,False,State-gov,0
51,0.0,0.0,9,40230,60,Married-civ-spouse,United-States,Exec-managerial,White,Wife,False,Private,0
45,0.0,0.0,14,195418,40,Divorced,United-States,Prof-specialty,Black,Not-in-family,True,Local-gov,0
59,0.0,0.0,3,214052,40,Divorced,United-States,Machine-op-inspct,White,Unmarried,False,Private,0
40,3137.0,0.0,9,153489,40,Married-civ-spouse,United-States,Other-service,White,Other-relative,True,Local-gov,0
50,0.0,0.0,10,271160,40,Divorced,United-States,Sales,White,Not-in-family,False,Private,0
33,0.0,0.0,9,260560,40,Married-civ-spouse,United-States,Machine-op-inspct,White,Husband,True,Private,0
20,0.0,0.0,10,259496,20,Never-married,United-States,Sales,White,Own-child,False,Private,0
49,0.0,0.0,9,164799,40,Married-civ-spouse,United-States,Machine-op-inspct,White,Husband,True,Private,1
21,0.0,0.0,10,39236,8,Never-married,United-States,Prof-specialty,White,Not-in-family,False,State-gov,0
35,0.0,0.0,13,350103,40,Married-civ-spouse,United-States,Adm-clerical,White,Husband,True,Private,0
19,0.0,0.0,10,26620,40,Never-married,United-States,?,White,Own-child,False,?,0
30,0.0,0.0,13,66194,60,Never-married,Outlying-US(Guam-USVI-etc),Prof-specialty,White,Not-in-family,False,Private,0
28,0.0,0.0,16,115945,18,Never-married,United-States,Adm-clerical,White,Own-child,True,Private,0
47,0.0,0.0,9,187563,40,Married-civ-spouse,United-States,Machine-op-inspct,White,Husband,True,Private,0
62,3103.0,0.0,13,121319,40,Married-civ-spouse,United-States,Prof-specialty,White,Husband,True,Private,1
55,0.0,0.0,13,185195,40,Married-civ-spouse,United-States,Exec-managerial,White,Husband,True,Self-emp-not-inc,1
42,14084.0,0.0,12,416506,36,Never-married,United-States,Tech-support,White,Not-in-family,True,Private,1
38,0.0,0.0,13,29702,45,Married-civ-spouse,United-States,Exec-managerial,White,Husband,True,Private,1
43,0.0,0.0,9,211450,40,Never-married,United-States,Adm-clerical,White,Own-child,True,Federal-gov,0
17,0.0,0.0,6,220302,40,Never-married,United-States,?,White,Own-child,True,?,0
18,0.0,0.0,7,348131,20,Never-married,United-States,Adm-clerical,Black,Own-child,False,Private,0
37,0.0,0.0,9,216473,48,Married-civ-spouse,United-States,Protective-serv,White,Husband,True,Local-gov,1
39,0.0,0.0,10,19914,40,Divorced,United-States,Adm-clerical,Amer-Indian-Eskimo,Unmarried,False,Private,0
51,0.0,0.0,16,172962,40,Married-civ-spouse,United-States,Prof-specialty,White,Husband,True,State-gov,1
38,0.0,0.0,10,318610,40,Divorced,United-States,Adm-clerical,Black,Unmarried,False,Private,0
17,0.0,0.0,7,198146,15,Never-married,United-States,Sales,White,Own-child,False,Private,0
25,0.0,0.0,9,196771,65,Never-married,United-States,Handlers-cleaners,White,Not-in-family,True,Private,0
33,0.0,0.0,9,274800,40,Separated,United-States,?,Black,Own-child,False,?,0
38,0.0,0.0,9,103925,40,Married-civ-spouse,United-States,Adm-clerical,White,Wife,False,Private,1
60,0.0,0.0,9,224377,40,Married-civ-spouse,United-States,Sales,White,Husband,True,Self-emp-not-inc,0
36,0.0,0.0,10,325374,40,Married-civ-spouse,United-States,Craft-repair,White,Husband,True,Private,0
32,0.0,0.0,12,230224,35,Married-civ-spouse,United-States,Other-service,White,Husband,True,State-gov,0
37,0.0,0.0,12,293475,40,Never-married,United-States,Prof-specialty,White,Not-in-family,False,Private,0
34,0.0,0.0,9,167474,50,Married-civ-spouse,United-States,Sales,White,Husband,True,Private,0
24,0.0,0.0,7,374763,40,Separated,Mexico,Craft-repair,White,Not-in-family,True,Private,0
43,0.0,0.0,13,47818,40,Never-married,United-States,Prof-specialty,White,Not-in-family,False,State-gov,0
29,0.0,0.0,13,283760,40,Never-married,United-States,Exec-managerial,White,Not-in-family,False,Private,0
33,0.0,0.0,9,167939,25,Married-civ-spouse,United-States,Other-service,White,Own-child,False,Private,0
18,0.0,0.0,6,295607,40,Never-married,United-States,Transport-moving,White,Own-child,True,Private,0
52,0.0,0.0,2,190762,40,Married-civ-spouse,Mexico,Machine-op-inspct,White,Husband,True,Private,0
24,0.0,0.0,11,103277,40,Never-married,United-States,Prof-specialty,White,Own-child,False,Private,0
39,0.0,0.0,13,189623,60,Divorced,United-States,Sales,White,Unmarried,True,Private,0
47,0.0,0.0,9,184402,32,Divorced,United-States,Other-service,White,Not-in-family,True,Private,0
17,0.0,0.0,7,99462,20,Never-married,United-States,Other-service,Amer-Indian-Eskimo,Own-child,False,Private,0
27,0.0,0.0,13,164607,40,Married-civ-spouse,United-States,Other-service,White,Husband,True,Private,0
42,0.0,0.0,9,185602,40,Married-civ-spouse,United-States,Exec-managerial,White,Wife,False,Private,1
29,0.0,0.0,8,221428,35,Married-civ-spouse,United-States,Sales,Other,Own-child,True,Private,0
25,0.0,0.0,13,192321,40,Never-married,United-States,Prof-specialty,White,Own-child,False,Local-gov,0
18,0.0,0.0,10,437851,40,Never-married,United-States,?,White,Own-child,True,?,0
35,0.0,0.0,13,196899,50,Never-married,Haiti,Handlers-cleaners,Asian-Pac-Islander,Not-in-family,False,Private,0
18,0.0,0.0,9,161063,40,Never-married,United-States,Adm-clerical,White,Own-child,True,Private,0
48,0.0,0.0,9,188081,40,Married-civ-spouse,United-States,Adm-clerical,White,Husband,True,Federal-gov,1
53,0.0,0.0,13,439263,40,Married-civ-spouse,United-States,Adm-clerical,Black,Husband,True,Federal-gov,1
73,0.0,0.0,13,185939,40,Married-civ-spouse,United-States,?,White,Husband,True,?,0
20,0.0,0.0,10,194504,40,Separated,United-States,Sales,Black,Unmarried,False,Private,0
36,0.0,0.0,9,175759,40,Divorced,United-States,Exec-managerial,White,Unmarried,True,Private,0
19,0.0,0.0,10,206751,30,Never-married,United-States,Adm-clerical,White,Own-child,True,Private,0
25,0.0,0.0,12,137296,38,Never-married,United-States,Adm-clerical,Black,Own-child,False,Local-gov,0
50,0.0,0.0,13,251585,55,Divorced,United-States,Exec-managerial,White,Not-in-family,True,Federal-gov,1
56,0.0,0.0,9,340171,40,Married-civ-spouse,United-States,Transport-moving,Black,Husband,True,Private,0
29,4386.0,0.0,9,288229,45,Married-civ-spouse,United-States,Tech-support,Asian-Pac-Islander,Wife,False,Private,1
36,0.0,0.0,11,168894,40,Married-spouse-absent,Germany,Protective-serv,White,Own-child,False,State-gov,0
57,0.0,0.0,9,98466,16,Married-civ-spouse,United-States,Adm-clerical,White,Wife,False,Self-emp-not-inc,0
36,0.0,0.0,13,112576,40,Never-married,United-States,Prof-specialty,White,Not-in-family,False,Private,0
19,0.0,0.0,10,302945,10,Never-married,Thailand,Adm-clerical,White,Own-child,True,Private,0
31,0.0,0.0,4,197252,40,Married-civ-spouse,Mexico,Other-service,White,Husband,True,Private,0
35,0.0,0.0,9,476573,4,Never-married,United-States,?,White,Not-in-family,False,?,0
34,0.0,0.0,6,198693,30,Never-married,United-States,Other-service,White,Not-in-family,True,Private,0
51,0.0,0.0,9,193720,40,Married-spouse-absent,United-States,Handlers-cleaners,White,Unmarried,True,Local-gov,0
24,0.0,0.0,7,174182,24,Married-civ-spouse,United-States,?,Other,Wife,False,?,0
52,0.0,0.0,12,65624,40,Never-married,United-States,Machine-op-inspct,Asian-Pac-Islander,Own-child,True,Private,0
61,0.0,0.0,11,156852,8,Widowed,United-States,Tech-support,White,Unmarried,False,Private,0
40,0.0,0.0,10,99651,60,Married-civ-spouse,United-States,Prof-specialty,White,Husband,True,Self-emp-not-inc,0
34,0.0,0.0,9,161444,39,Married-civ-spouse,United-States,Prof-specialty,White,Husband,True,Private,0
27,0.0,0.0,12,206889,40,Never-married,United-States,Protective-serv,White,Not-in-family,True,State-gov,0
25,0.0,0.0,13,176729,60,Married-civ-spouse,United-States,Craft-repair,White,Husband,True,Private,1
22,0.0,0.0,7,482082,40,Married-civ-spouse,Mexico,Machine-op-inspct,White,Not-in-family,False,Private,0
33,0.0,0.0,13,236481,10,Never-married,India,Prof-specialty,Asian-Pac-Islander,Not-in-family,True,Private,0
61,0.0,0.0,9,128831,40,Married-civ-spouse,United-States,Machine-op-inspct,White,Husband,True,Private,0
25,0.0,0.0,9,109872,45,Married-civ-spouse,United-States,Machine-op-inspct,White,Husband,True,Private,0
19,0.0,0.0,10,166018,40,Never-married,United-States,?,White,Own-child,False,?,0
24,0.0,0.0,10,225739,40,Never-married,United-States,Sales,White,Not-in-family,True,Private,0
24,0.0,0.0,10,159567,40,Married-civ-spouse,United-States,Machine-op-inspct,White,Husband,True,Private,0
60,0.0,0.0,9,83861,40,Married-civ-spouse,United-States,Handlers-cleaners,White,Husband,True,Private,0
37,0.0,0.0,13,48093,90,Never-married,United-States,Craft-repair,White,Not-in-family,True,Private,1
45,0.0,0.0,9,54098,45,Married-civ-spouse,United-States,Exec-managerial,White,Husband,True,Private,1
26,0.0,0.0,10,178478,40,Never-married,United-States,Sales,White,Own-child,False,Private,0
42,0.0,0.0,10,86185,40,Widowed,United-States,Exec-managerial,Amer-Indian-Eskimo,Not-in-family,False,Private,0
44,0.0,0.0,9,202565,45,Divorced,United-States,Craft-repair,White,Not-in-family,True,Private,0
50,0.0,0.0,13,38795,50,Married-civ-spouse,United-States,Prof-specialty,White,Husband,True,Private,0
59,0.0,0.0,14,100270,60,Divorced,United-States,Prof-specialty,White,Not-in-family,False,State-gov,0
29,0.0,0.0,11,169544,40,Never-married,United-States,Tech-support,White,Not-in-family,True,Private,0
19,0.0,0.0,10,86860,15,Never-married,United-States,Exec-managerial,White,Own-child,True,Private,0
26,0.0,0.0,10,175044,40,Never-married,United-States,Protective-serv,White,Own-child,True,State-gov,0
34,0.0,0.0,13,250724,45,Married-civ-spouse,Jamaica,Sales,White,Husband,True,Private,0
17,0.0,0.0,6,237272,30,Never-married,United-States,?,White,Own-child,True,Never-worked,0
58,0.0,0.0,9,197665,45,Married-spouse-absent,United-States,Other-service,White,Unmarried,False,Self-emp-not-inc,0
22,0.0,0.0,10,303170,28,Never-married,United-States,Priv-house-serv,White,Own-child,False,Private,0
54,0.0,1672.0,9,145419,50,Married-civ-spouse,United-States,Sales,White,Husband,True,Private,0
36,0.0,0.0,14,77146,40,Never-married,United-States,Prof-specialty,White,Not-in-family,True,State-gov,0
44,0.0,0.0,13,98211,40,Married-civ-spouse,United-States,Exec-managerial,White,Husband,True,Private,1
45,0.0,0.0,9,318280,40,Widowed,United-States,Protective-serv,White,Not-in-family,True,Local-gov,1
52,0.0,0.0,15,57855,60,Married-civ-spouse,United-States,Prof-specialty,White,Husband,True,Federal-gov,1
26,0.0,0.0,9,330263,40,Separated,United-States,Other-service,White,Not-in-family,True,Private,0
33,0.0,0.0,11,168782,40,Never-married,United-States,Craft-repair,White,Unmarried,True,Private,0
45,0.0,0.0,10,112305,40,Divorced,United-States,Other-service,Black,Unmarried,False,Private,0
35,0.0,0.0,13,32126,40,Never-married,United-States,Prof-specialty,White,Not-in-family,False,Private,0
30,0.0,0.0,15,158200,40,Never-married,?,Prof-specialty,Asian-Pac-Islander,Own-child,False,Private,0
30,0.0,0.0,8,327202,40,Never-married,United-States,Craft-repair,Black,Not-in-family,True,Private,0
18,0.0,0.0,7,106943,12,Never-married,United-States,Sales,White,Own-child,False,Private,0
43,0.0,0.0,14,96102,50,Married-spouse-absent,United-States,Exec-managerial,White,Not-in-family,True,Private,0
21,0.0,0.0,10,61777,70,Never-married,United-States,Craft-repair,White,Not-in-family,True,Private,0
37,0.0,0.0,5,109472,40,Divorced,United-States,Other-service,White,Not-in-family,False,Private,0
39,0.0,0.0,9,166497,40,Divorced,United-States,Handlers-cleaners,White,Not-in-family,True,Local-gov,1
43,0.0,0.0,13,38946,50,Married-civ-spouse,United-States,Prof-specialty,White,Husband,True,Private,1
27,0.0,0.0,9,221912,40,Never-married,United-States,Handlers-cleaners,White,Own-child,True,Private,0
27,0.0,1848.0,13,215504,55,Married-civ-spouse,United-States,Sales,White,Husband,True,Private,1
35,0.0,0.0,9,111635,40,Married-civ-spouse,United-States,Other-service,White,Husband,True,Private,0
17,0.0,0.0,8,160118,10,Never-married,?,Sales,White,Not-in-family,False,Private,0
39,0.0,0.0,6,473547,40,Divorced,United-States,Handlers-cleaners,Black,Own-child,True,Local-gov,0
34,0.0,0.0,6,177304,40,Divorced,Columbia,?,White,Not-in-family,True,?,0
55,0.0,0.0,9,125659,6,Married-civ-spouse,United-States,?,White,Wife,False,?,1
67,0.0,0.0,5,110331,20,Divorced,United-States,Adm-clerical,White,Other-relative,False,Private,0
18,0.0,1602.0,10,261276,40,Never-married,Cambodia,?,Black,Own-child,False,?,0
39,0.0,0.0,13,103260,30,Married-civ-spouse,United-States,Craft-repair,White,Wife,False,Private,1
60,0.0,0.0,13,386261,15,Married-spouse-absent,United-States,?,Black,Unmarried,False,?,0
52,0.0,0.0,11,185407,48,Married-civ-spouse,Poland,Craft-repair,White,Husband,True,Private,1
45,0.0,0.0,9,188432,40,Married-civ-spouse,United-States,Craft-repair,White,Husband,True,Private,0
42,0.0,0.0,4,152676,40,Divorced,Puerto-Rico,Craft-repair,White,Unmarried,True,Private,0
68,0.0,0.0,9,174812,15,Never-married,United-States,Other-service,White,Not-in-family,True,Private,0
29,0.0,0.0,10,142712,40,Married-civ-spouse,United-States,Adm-clerical,White,Husband,True,Federal-gov,1
36,0.0,0.0,3,328466,50,Married-civ-spouse,Mexico,Transport-moving,White,Husband,True,Self-emp-not-inc,1
24,0.0,0.0,13,197757,40,Never-married,Philippines,Prof-specialty,Asian-Pac-Islander,Own-child,False,Private,0
49,0.0,0.0,10,276247,40,Married-civ-spouse,United-States,Protective-serv,White,Husband,True,Local-gov,0
38,0.0,0.0,4,75024,40,Divorced,United-States,?,White,Not-in-family,False,?,0
26,0.0,0.0,9,195216,12,Divorced,United-States,Other-service,White,Not-in-family,False,Private,0
44,7298.0,0.0,9,127482,50,Married-civ-spouse,England,Craft-repair,White,Husband,True,Self-emp-not-inc,1
18,0.0,0.0,10,36348,48,Never-married,United-States,?,White,Own-child,True,?,0
59,0.0,2179.0,10,303176,40,Married-civ-spouse,United-States,Exec-managerial,White,Husband,True,State-gov,0
32,0.0,0.0,10,94939,48,Married-civ-spouse,United-States,Machine-op-inspct,White,Husband,True,Private,0
36,0.0,0.0,11,223433,53,Married-civ-spouse,United-States,Protective-serv,White,Husband,True,Local-gov,1
75,0.0,0.0,9,35724,8,Widowed,United-States,?,White,Not-in-family,False,?,0
35,0.0,0.0,14,337286,40,Never-married,United-States,Exec-managerial,Asian-Pac-Islander,Not-in-family,True,Private,0
51,0.0,0.0,13,172281,35,Married-civ-spouse,United-States,Exec-managerial,White,Husband,True,State-gov,1
55,0.0,0.0,13,141807,40,Married-civ-spouse,United-States,Exec-managerial,White,Husband,True,Self-emp-not-inc,1
45,0.0,0.0,3,123219,40,Never-married,United-States,Machine-op-inspct,White,Not-in-family,True,Private,0
57,0.0,0.0,10,133126,40,Never-married,United-States,Craft-repair,Black,Not-in-family,False,Private,0
57,0.0,0.0,4,279340,29,Widowed,United-States,Other-service,Black,Unmarried,False,Private,0
25,0.0,0.0,12,191803,50,Never-married,United-States,Sales,White,Not-in-family,True,Self-emp-not-inc,0
56,0.0,0.0,4,365050,20,Never-married,United-States,Farming-fishing,Black,Unmarried,False,Private,0
50,0.0,0.0,9,249644,50,Married-civ-spouse,United-States,Exec-managerial,White,Husband,True,Self-emp-inc,1
32,0.0,0.0,9,245378,60,Married-civ-spouse,United-States,Sales,White,Husband,True,Private,0
37,0.0,0.0,9,326886,40,Married-civ-spouse,United-States,Transport-moving,White,Husband,True,Private,0
49,0.0,0.0,9,117095,40,Separated,United-States,Machine-op-inspct,White,Unmarried,False,Private,0
36,0.0,0.0,13,116554,40,Never-married,United-States,Adm-clerical,White,Not-in-family,False,State-gov,0
38,0.0,0.0,10,24126,40,Divorced,United-States,Exec-managerial,White,Not-in-family,False,Private,0
48,0.0,0.0,10,59380,45,Never-married,United-States,Prof-specialty,White,Unmarried,False,Private,0
32,0.0,0.0,10,33678,50,Married-civ-spouse,United-States,Transport-moving,White,Husband,True,Private,1
35,0.0,0.0,9,117567,40,Divorced,United-States,Craft-repair,White,Not-in-family,True,Private,0
26,0.0,1977.0,13,370727,40,Married-civ-spouse,United-States,?,White,Wife,False,?,1
57,0.0,0.0,14,135134,20,Never-married,United-States,Farming-fishing,White,Not-in-family,True,Self-emp-not-inc,0
55,0.0,0.0,9,161334,25,Widowed,Nicaragua,Other-service,White,Not-in-family,False,Self-emp-not-inc,0
43,15024.0,0.0,15,194726,55,Married-civ-spouse,United-States,Prof-specialty,White,Husband,True,Private,1
23,0.0,0.0,13,154373,50,Never-married,United-States,?,White,Not-in-family,False,?,0
55,0.0,0.0,13,136819,40,Married-civ-spouse,United-States,?,White,Husband,True,?,0
60,0.0,0.0,9,231770,65,Married-civ-spouse,United-States,Farming-fishing,White,Husband,True,Self-emp-not-inc,1
25,0.0,0.0,10,120268,50,Married-civ-spouse,United-States,Craft-repair,White,Own-child,True,State-gov,1
25,0.0,0.0,10,298225,35,Married-civ-spouse,United-States,Transport-moving,White,Husband,True,Private,0
41,0.0,0.0,13,220109,55,Married-civ-spouse,United-States,Exec-managerial,White,Husband,True,Private,1
28,0.0,2002.0,12,175262,40,Married-civ-spouse,England,Protective-serv,White,Husband,True,Local-gov,0
30,0.0,1902.0,13,167309,40,Married-civ-spouse,United-States,Adm-clerical,White,Husband,True,Private,1
21,0.0,0.0,9,351381,40,Never-married,United-States,Adm-clerical,White,Own-child,False,Private,0
30,0.0,0.0,13,184901,40,Married-civ-spouse,United-States,Exec-managerial,White,Husband,True,State-gov,1
30,0.0,0.0,9,91145,55,Never-married,United-States,Handlers-cleaners,White,Unmarried,True,Private,0
52,0.0,0.0,12,174421,32,Divorced,United-States,Prof-specialty,White,Unmarried,False,Private,0
46,0.0,1902.0,13,172581,50,Married-civ-spouse,United-States,Exec-managerial,White,Husband,True,Private,1
36,0.0,0.0,9,103605,40,Married-civ-spouse,United-States,Handlers-cleaners,White,Husband,True,Private,0
48,0.0,0.0,7,177211,40,Married-civ-spouse,United-States,Machine-op-inspct,White,Husband,True,Private,0
43,0.0,0.0,9,141327,40,Divorced,United-States,Machine-op-inspct,White,Not-in-family,False,Private,0
39,0.0,0.0,9,121838,40,Divorced,United-States,Other-service,Black,Unmarried,False,State-gov,0
17,0.0,0.0,6,406920,40,Never-married,United-States,?,White,Own-child,True,?,0
21,0.0,0.0,10,275421,40,Never-married,United-States,Craft-repair,White,Own-child,False,Private,0
22,0.0,0.0,10,42004,30,Never-married,United-States,?,White,Own-child,True,?,0
72,0.0,0.0,6,33404,20,Widowed,United-States,Adm-clerical,White,Not-in-family,False,Private,0
44,0.0,0.0,10,84535,48,Divorced,United-States,Sales,White,Unmarried,False,Private,0
27,0.0,0.0,13,26754,10,Married-civ-spouse,China,?,Asian-Pac-Islander,Wife,False,?,0
31,0.0,0.0,9,150324,40,Married-civ-spouse,United-States,Craft-repair,White,Husband,True,Local-gov,0
53,0.0,0.0,9,418901,40,Married-civ-spouse,Mexico,Craft-repair,Other,Husband,True,Private,0
44,0.0,0.0,9,102238,40,Divorced,United-States,Craft-repair,White,Unmarried,True,Federal-gov,0
25,0.0,0.0,9,209230,6,Never-married,United-States,Other-service,White,Own-child,False,Private,0
19,0.0,0.0,10,194905,12,Never-married,United-States,Other-service,White,Own-child,False,Private,0
48,0.0,0.0,10,64156,45,Married-civ-spouse,United-States,Exec-managerial,White,Husband,True,Private,0
26,0.0,0.0,9,61996,62,Divorced,United-States,Adm-clerical,White,Not-in-family,False,Private,0
46,0.0,0.0,5,216666,40,Married-civ-spouse,Guatemala,Machine-op-inspct,White,Husband,True,Private,0
19,0.0,0.0,9,279968,42,Never-married,United-States,Adm-clerical,White,Not-in-family,False,Private,0
59,0.0,0.0,9,172667,40,Married-civ-spouse,United-States,Transport-moving,White,Husband,True,Private,0
32,2407.0,0.0,9,104525,40,Married-civ-spouse,United-States,Craft-repair,White,Husband,True,Private,0
54,0.0,0.0,9,96062,40,Married-civ-spouse,Portugal,Machine-op-inspct,White,Husband,True,Private,0
21,0.0,0.0,4,262634,36,Never-married,United-States,Farming-fishing,White,Not-in-family,True,Private,0
32,5013.0,0.0,13,186784,45,Married-civ-spouse,United-States,Prof-specialty,White,Wife,False,Local-gov,0
27,0.0,0.0,10,133937,45,Never-married,United-States,Exec-managerial,White,Not-in-family,True,Private,0
32,7688.0,0.0,13,173730,40,Married-civ-spouse,United-States,Exec-managerial,White,Husband,True,Private,1
18,0.0,0.0,6,126142,30,Never-married,United-States,Craft-repair,White,Own-child,True,Private,0
29,0.0,0.0,14,241667,45,Never-married,United-States,Prof-specialty,White,Not-in-family,False,Private,0
27,0.0,1876.0,9,38918,75,Never-married,United-States,Transport-moving,White,Not-in-family,True,Private,0
49,0.0,0.0,8,114648,40,Divorced,United-States,?,Black,Other-relative,True,?,0
42,0.0,0.0,9,221172,40,Divorced,United-States,Craft-repair,White,Not-in-family,True,Self-emp-not-inc,0
21,0.0,0.0,6,766115,35,Married-civ-spouse,United-States,Handlers-cleaners,White,Husband,True,Private,0
47,0.0,0.0,9,134671,40,Married-spouse-absent,United-States,Craft-repair,White,Not-in-family,True,Self-emp-not-inc,0
59,0.0,0.0,6,132717,40,Married-civ-spouse,United-States,Farming-fishing,White,Husband,True,State-gov,0
23,0.0,0.0,10,196674,40,Separated,United-States,Craft-repair,White,Not-in-family,True,Private,0
37,0.0,0.0,9,342768,40,Married-civ-spouse,United-States,Craft-repair,White,Husband,True,Private,0
40,0.0,1887.0,9,206927,40,Married-civ-spouse,United-States,Craft-repair,White,Husband,True,Private,1
28,0.0,0.0,8,291374,40,Never-married,United-States,Sales,Black,Unmarried,False,Private,0
43,8614.0,0.0,14,209899,47,Never-married,United-States,Tech-support,Black,Not-in-family,False,Local-gov,1
52,0.0,0.0,10,174767,45,Married-civ-spouse,United-States,Exec-managerial,White,Husband,True,Private,1
34,0.0,0.0,13,303867,40,Married-civ-spouse,United-States,Prof-specialty,White,Husband,True,Private,1
24,7298.0,0.0,10,161092,40,Married-civ-spouse,United-States,Adm-clerical,White,Husband,True,Private,1
38,0.0,0.0,13,140854,50,Married-civ-spouse,United-States,Craft-repair,White,Husband,True,Self-emp-inc,1
20,0.0,0.0,9,194891,40,Never-married,United-States,Adm-clerical,White,Not-in-family,False,Private,0
44,0.0,1902.0,9,231853,40,Married-civ-spouse,United-States,Handlers-cleaners,Black,Husband,True,Private,1
36,0.0,0.0,9,465326,40,Married-civ-spouse,United-States,Farming-fishing,White,Husband,True,Private,0
39,0.0,0.0,10,116369,48,Married-civ-spouse,United-States,Adm-clerical,White,Husband,True,Federal-gov,0
57,0.0,0.0,15,180211,50,Married-civ-spouse,Taiwan,Prof-specialty,Asian-Pac-Islander,Husband,True,Self-emp-inc,1
25,0.0,0.0,9,192449,40,Married-civ-spouse,United-States,Machine-op-inspct,White,Husband,True,Private,0
35,0.0,1887.0,13,269323,40,Married-civ-spouse,United-States,Tech-support,White,Husband,True,Private,1
30,0.0,0.0,5,61272,40,Married-civ-spouse,Portugal,Machine-op-inspct,White,Wife,False,Private,0
71,0.0,0.0,5,258126,39,Married-civ-spouse,Cuba,Protective-serv,White,Husband,True,Private,0
66,0.0,0.0,14,102686,20,Married-civ-spouse,United-States,Exec-managerial,White,Husband,True,Self-emp-not-inc,1
56,0.0,0.0,13,357118,60,Never-married,United-States,Exec-managerial,White,Not-in-family,False,Self-emp-not-inc,0
46,0.0,0.0,15,308077,40,Separated,Germany,Prof-specialty,White,Unmarried,False,Federal-gov,1
29,0.0,0.0,9,568490,40,Married-civ-spouse,United-States,Craft-repair,White,Husband,True,Private,0
55,0.0,0.0,13,135339,40,Married-civ-spouse,China,Prof-specialty,Asian-Pac-Islander,Husband,True,Private,1
21,0.0,0.0,10,208503,10,Never-married,United-States,Transport-moving,White,Own-child,True,Private,0
24,0.0,0.0,7,89347,40,Never-married,United-States,Machine-op-inspct,White,Not-in-family,False,Private,0
36,0.0,0.0,9,166416,40,Married-civ-spouse,United-States,Handlers-cleaners,White,Husband,True,Private,0
50,0.0,0.0,6,69614,56,Separated,United-States,Craft-repair,White,Not-in-family,True,Federal-gov,0
19,0.0,0.0,9,263338,15,Never-married,United-States,Other-service,White,Own-child,True,Private,0
48,0.0,0.0,6,180446,40,Married-civ-spouse,United-States,Machine-op-inspct,Black,Husband,True,Private,0
23,0.0,0.0,9,73514,40,Never-married,Vietnam,Adm-clerical,Asian-Pac-Islander,Own-child,False,Private,0
25,0.0,0.0,10,330695,50,Married-civ-spouse,United-States,Sales,White,Husband,True,Private,0
52,0.0,0.0,4,145081,40,Never-married,United-States,Machine-op-inspct,Black,Not-in-family,False,Private,0
70,0.0,0.0,9,31540,20,Widowed,United-States,Other-service,White,Not-in-family,False,Local-gov,0
35,5178.0,0.0,9,46385,90,Married-civ-spouse,United-States,Transport-moving,White,Husband,True,Private,1
40,0.0,0.0,12,438427,55,Separated,United-States,?,Black,Unmarried,False,?,0
17,0.0,0.0,6,130795,20,Never-married,United-States,Other-service,White,Own-child,True,Private,0
62,0.0,0.0,13,72886,40,Married-civ-spouse,United-States,Exec-managerial,White,Husband,True,Private,0
36,0.0,0.0,10,111128,60,Separated,United-States,Exec-managerial,White,Not-in-family,True,Private,1
37,2174.0,0.0,10,177858,40,Never-married,United-States,Exec-managerial,White,Not-in-family,True,Private,0
62,0.0,0.0,5,180162,24,Divorced,United-States,Protective-serv,Black,Not-in-family,True,Local-gov,0
33,0.0,0.0,10,100228,40,Never-married,United-States,Machine-op-inspct,Black,Not-in-family,True,Private,0
31,0.0,1848.0,9,339482,40,Married-civ-spouse,United-States,Craft-repair,White,Husband,True,Private,1
38,0.0,0.0,14,91039,65,Married-civ-spouse,United-States,Exec-managerial,White,Husband,True,Private,1
31,0.0,0.0,13,284889,41,Widowed,United-States,Sales,White,Unmarried,False,Private,0
49,0.0,2179.0,9,199862,40,Married-civ-spouse,United-States,Machine-op-inspct,White,Husband,True,Local-gov,0
24,0.0,0.0,13,138513,20,Never-married,United-States,Prof-specialty,White,Not-in-family,True,State-gov,0
40,0.0,0.0,13,94210,50,Married-civ-spouse,United-States,Sales,White,Husband,True,Private,1
42,0.0,0.0,13,281315,50,Never-married,United-States,Prof-specialty,White,Not-in-family,True,Local-gov,0
29,0.0,0.0,6,247507,43,Never-married,United-States,Craft-repair,White,Not-in-family,True,Private,0
40,0.0,0.0,9,129298,40,Married-civ-spouse,United-States,Craft-repair,White,Husband,True,Private,0
24,0.0,0.0,13,179423,20,Never-married,United-States,Adm-clerical,White,Own-child,False,Private,0
41,0.0,0.0,9,112283,60,Married-civ-spouse,United-States,Craft-repair,White,Husband,True,Private,1
52,0.0,0.0,2,241444,50,Married-civ-spouse,Puerto-Rico,Craft-repair,Other,Husband,True,Private,0
34,0.0,0.0,12,234096,40,Married-civ-spouse,United-States,Prof-specialty,White,Husband,True,Local-gov,1
33,0.0,0.0,9,177727,40,Married-civ-spouse,United-States,Sales,White,Husband,True,Private,1
30,0.0,0.0,10,128065,45,Married-civ-spouse,United-States,Tech-support,White,Husband,True,Private,0
43,0.0,0.0,10,253759,40,Married-civ-spouse,United-States,Tech-support,Black,Wife,False,Private,0
18,0.0,0.0,7,120243,27,Never-married,United-States,?,White,Own-child,True,?,0
63,0.0,0.0,4,28856,55,Married-civ-spouse,United-States,Other-service,White,Husband,True,Local-gov,0
38,0.0,1887.0,6,122493,40,Married-civ-spouse,United-States,Sales,White,Husband,True,Self-emp-not-inc,1
57,0.0,0.0,13,47178,35,Married-civ-spouse,United-States,Prof-specialty,White,Wife,False,Self-emp-not-inc,1
61,0.0,0.0,4,196773,30,Married-civ-spouse,United-States,Sales,White,Husband,True,Self-emp-not-inc,1
33,0.0,0.0,13,156464,50,Never-married,United-States,Sales,White,Not-in-family,True,Private,1
39,0.0,0.0,7,108943,40,Divorced,United-States,Other-service,White,Unmarried,False,Private,0
25,0.0,0.0,9,169905,40,Never-married,United-States,Craft-repair,White,Own-child,True,Private,0
26,0.0,0.0,9,179864,40,Married-civ-spouse,United-States,Machine-op-inspct,White,Husband,True,Private,0
39,0.0,0.0,9,184659,40,Married-civ-spouse,United-States,Machine-op-inspct,White,Husband,True,Private,0
81,2062.0,0.0,5,114670,5,Widowed,United-States,Priv-house-serv,Black,Not-in-family,False,Private,0
33,0.0,0.0,10,196963,60,Never-married,United-States,Exec-managerial,White,Not-in-family,False,Self-emp-inc,0
26,0.0,1628.0,3,280093,50,Married-civ-spouse,United-States,Craft-repair,White,Husband,True,Private,0
42,0.0,1902.0,14,178074,40,Married-civ-spouse,United-States,Adm-clerical,White,Wife,False,Federal-gov,1
29,0.0,0.0,13,116372,50,Never-married,United-States,Sales,White,Not-in-family,False,Private,1
48,99999.0,0.0,14,25468,50,Divorced,United-States,Exec-managerial,White,Not-in-family,True,Private,1
80,0.0,0.0,15,148623,35,Married-civ-spouse,United-States,Prof-specialty,White,Husband,True,Private,1
66,0.0,0.0,9,86321,22,Widowed,United-States,Transport-moving,White,Not-in-family,True,Private,0
41,0.0,0.0,14,220821,70,Married-civ-spouse,United-States,Prof-specialty,White,Husband,True,Self-emp-inc,1
58,7688.0,0.0,10,289364,45,Married-civ-spouse,United-States,Exec-managerial,White,Husband,True,Private,1
51,0.0,0.0,14,166459,40,Married-civ-spouse,United-States,Exec-managerial,White,Husband,True,State-gov,1
26,0.0,0.0,10,128553,40,Never-married,United-States,Exec-managerial,Black,Own-child,False,Private,0
18,0.0,0.0,10,192022,20,Never-married,United-States,Other-service,White,Own-child,True,Private,0
59,0.0,0.0,9,148844,40,Divorced,United-States,Machine-op-inspct,White,Not-in-family,False,Private,0
66,0.0,2377.0,16,427422,25,Married-civ-spouse,United-States,Sales,White,Husband,True,Self-emp-not-inc,1
38,0.0,0.0,13,167725,84,Married-spouse-absent,India,Transport-moving,Other,Not-in-family,True,Private,0
33,0.0,0.0,13,340332,45,Separated,United-States,Exec-managerial,Black,Not-in-family,False,Private,0
58,5178.0,0.0,6,250206,40,Married-civ-spouse,United-States,Craft-repair,White,Husband,True,Private,1
27,0.0,0.0,9,192140,20,Never-married,United-States,Adm-clerical,White,Not-in-family,False,Private,0
17,0.0,0.0,7,98572,20,Never-married,United-States,Sales,White,Not-in-family,False,Private,0
31,0.0,0.0,9,144990,40,Married-spouse-absent,United-States,Machine-op-inspct,Black,Unmarried,False,Private,0
21,0.0,0.0,9,185357,50,Never-married,United-States,Adm-clerical,White,Not-in-family,True,Private,0
42,5013.0,0.0,9,167534,35,Married-civ-spouse,United-States,Handlers-cleaners,White,Husband,True,Private,0
29,0.0,0.0,9,198997,20,Married-civ-spouse,United-States,Adm-clerical,White,Wife,False,Private,0
56,0.0,0.0,9,235205,40,Widowed,United-States,Other-service,White,Unmarried,False,Private,0
58,0.0,0.0,9,37345,40,Married-civ-spouse,United-States,Sales,White,Husband,True,Private,0
72,0.0,0.0,13,157913,17,Married-civ-spouse,United-States,Protective-serv,White,Husband,True,Private,0
28,0.0,0.0,9,128055,60,Married-civ-spouse,United-States,Craft-repair,White,Husband,True,Private,0
35,0.0,0.0,10,330664,40,Never-married,United-States,Sales,White,Not-in-family,True,Private,0
40,0.0,1977.0,11,175943,15,Married-civ-spouse,United-States,Prof-specialty,White,Wife,False,Self-emp-not-inc,1
38,0.0,0.0,9,320811,50,Married-civ-spouse,United-States,Exec-managerial,White,Husband,True,Self-emp-inc,1
20,0.0,0.0,8,224424,40,Never-married,United-States,Machine-op-inspct,White,Own-child,True,Private,0
56,0.0,0.0,10,442116,54,Married-civ-spouse,United-States,Exec-managerial,White,Husband,True,Private,1
31,0.0,0.0,14,199655,30,Divorced,United-States,Other-service,Other,Not-in-family,False,Private,0
30,0.0,0.0,9,179446,40,Separated,United-States,Adm-clerical,White,Unmarried,False,Private,0
37,0.0,0.0,10,186934,40,Married-civ-spouse,United-States,Other-service,White,Husband,True,State-gov,0
39,0.0,0.0,9,31964,80,Married-civ-spouse,United-States,Exec-managerial,White,Husband,True,Private,1
50,7688.0,0.0,10,196307,40,Married-civ-spouse,United-States,Craft-repair,White,Husband,True,Local-gov,1
42,0.0,0.0,9,340885,50,Never-married,United-States,Craft-repair,White,Not-in-family,True,Private,0
37,0.0,0.0,15,76767,39,Married-civ-spouse,United-States,Prof-specialty,White,Wife,False,State-gov,1
56,0.0,0.0,10,115439,60,Married-civ-spouse,United-States,Craft-repair,White,Husband,True,Self-emp-not-inc,0
38,0.0,0.0,9,103925,35,Never-married,United-States,Adm-clerical,White,Unmarried,False,Private,0
20,0.0,0.0,10,37783,25,Never-married,United-States,Other-service,White,Not-in-family,False,Private,0
23,0.0,0.0,9,191444,40,Never-married,United-States,?,White,Own-child,True,?,0
64,0.0,0.0,3,316627,40,Divorced,United-States,Craft-repair,White,Not-in-family,True,Private,0
34,0.0,0.0,10,293017,40,Never-married,United-States,Tech-support,Black,Unmarried,False,Private,0
29,0.0,0.0,9,336167,30,Never-married,United-States,Machine-op-inspct,Black,Unmarried,False,Private,0
24,0.0,0.0,13,192711,41,Never-married,United-States,?,White,Not-in-family,True,?,0
45,0.0,0.0,9,234195,35,Divorced,United-States,Adm-clerical,White,Unmarried,False,Local-gov,0
33,0.0,0.0,13,182556,40,Married-civ-spouse,United-States,Exec-managerial,White,Husband,True,Private,1
41,0.0,0.0,13,120277,35,Married-civ-spouse,United-States,Prof-specialty,White,Husband,True,Local-gov,1
24,0.0,0.0,13,325596,35,Never-married,United-States,Adm-clerical,White,Own-child,True,Private,0
21,0.0,0.0,9,232591,40,Never-married,United-States,Adm-clerical,White,Own-child,True,Private,0
18,0.0,0.0,7,318190,15,Never-married,United-States,Other-service,White,Own-child,True,Private,0
33,0.0,0.0,6,117983,45,Divorced,United-States,Other-service,White,Unmarried,False,Private,0
32,0.0,0.0,12,247481,48,Married-civ-spouse,United-States,Prof-specialty,White,Husband,True,State-gov,1
36,0.0,0.0,10,74593,40,Married-civ-spouse,United-States,Exec-managerial,White,Husband,True,Local-gov,0
53,0.0,0.0,5,179237,40,Married-civ-spouse,United-States,Transport-moving,White,Husband,True,Local-gov,0
44,0.0,0.0,9,56651,40,Married-civ-spouse,United-States,Farming-fishing,White,Husband,True,Private,0
51,0.0,0.0,10,388496,8,Divorced,Puerto-Rico,Craft-repair,White,Not-in-family,True,Self-emp-not-inc,1
28,0.0,0.0,9,341709,40,Never-married,United-States,Craft-repair,White,Not-in-family,True,Federal-gov,0
26,0.0,0.0,10,151971,35,Never-married,United-States,Handlers-cleaners,White,Unmarried,True,Private,0
34,0.0,0.0,9,81206,40,Divorced,United-States,Handlers-cleaners,Black,Not-in-family,True,Private,0
30,0.0,0.0,9,211028,45,Never-married,United-States,Adm-clerical,White,Not-in-family,False,Private,0
45,0.0,0.0,14,126754,45,Married-civ-spouse,United-States,Prof-specialty,White,Husband,True,Federal-gov,1
58,0.0,0.0,8,178660,40,Married-civ-spouse,United-States,?,White,Husband,True,?,0
53,0.0,0.0,9,181317,40,Married-civ-spouse,United-States,?,White,Husband,True,?,0
18,0.0,0.0,10,400616,40,Never-married,United-States,Adm-clerical,White,Own-child,True,Private,0
29,0.0,0.0,9,37215,55,Married-civ-spouse,United-States,Craft-repair,White,Husband,True,Private,0
37,0.0,0.0,12,93225,45,Married-civ-spouse,United-States,Exec-managerial,White,Husband,True,State-gov,0
42,15024.0,0.0,13,171069,40,Married-civ-spouse,United-States,Craft-repair,Black,Husband,True,Private,1
43,0.0,2415.0,15,156996,55,Married-civ-spouse,?,Prof-specialty,Asian-Pac-Islander,Husband,True,Federal-gov,1
35,0.0,0.0,7,190759,40,Separated,United-States,Craft-repair,White,Unmarried,True,Private,0
47,0.0,0.0,9,250170,40,Married-civ-spouse,United-States,Machine-op-inspct,Black,Husband,True,Private,1
28,0.0,0.0,12,201954,65,Never-married,United-States,Exec-managerial,White,Not-in-family,True,Private,1
68,0.0,0.0,9,322025,5,Married-civ-spouse,United-States,Transport-moving,Black,Husband,True,Private,0
44,0.0,1504.0,9,262684,45,Divorced,United-States,Adm-clerical,White,Not-in-family,False,Private,0
64,0.0,0.0,14,96076,40,Married-civ-spouse,United-States,Prof-specialty,White,Husband,True,Private,1
41,0.0,0.0,9,111483,45,Married-civ-spouse,United-States,Machine-op-inspct,White,Husband,True,Private,0
22,0.0,0.0,10,322674,40,Never-married,United-States,Exec-managerial,White,Own-child,True,Private,0
20,0.0,0.0,9,148509,40,Never-married,United-States,Other-service,White,Not-in-family,False,Private,0
34,0.0,0.0,14,104509,40,Separated,United-States,Prof-specialty,White,Unmarried,False,Local-gov,0
46,0.0,0.0,9,216164,40,Married-civ-spouse,United-States,Handlers-cleaners,White,Husband,True,Private,0
19,0.0,1719.0,10,387215,16,Never-married,United-States,Tech-support,White,Own-child,True,Private,0
36,0.0,0.0,10,176101,40,Married-civ-spouse,United-States,Handlers-cleaners,White,Husband,True,Private,0
27,0.0,1721.0,10,212578,20,Never-married,United-States,Other-service,White,Own-child,True,Private,0
29,0.0,0.0,13,168479,40,Never-married,United-States,?,White,Not-in-family,True,?,0
29,0.0,0.0,10,91547,40,Never-married,United-States,Sales,White,Not-in-family,False,Private,0
38,0.0,0.0,9,195686,25,Separated,United-States,Exec-managerial,White,Unmarried,True,Self-emp-not-inc,0
40,0.0,0.0,5,216116,40,Never-married,Haiti,Machine-op-inspct,Black,Unmarried,False,Private,0
18,0.0,0.0,9,120029,40,Never-married,United-States,Other-service,White,Own-child,False,Private,0
18,0.0,0.0,7,78045,40,Married-civ-spouse,United-States,Handlers-cleaners,White,Own-child,True,Private,0
28,0.0,0.0,10,161155,48,Never-married,United-States,Craft-repair,White,Unmarried,True,Private,0
39,0.0,0.0,9,164515,40,Divorced,United-States,Adm-clerical,White,Unmarried,False,Local-gov,0
55,0.0,0.0,10,173093,40,Divorced,United-States,Adm-clerical,Asian-Pac-Islander,Not-in-family,False,Private,0
49,0.0,0.0,12,178160,40,Widowed,Germany,Sales,White,Not-in-family,False,Private,0
62,0.0,0.0,10,102631,50,Widowed,United-States,Farming-fishing,White,Unmarried,False,Self-emp-not-inc,0
22,0.0,0.0,9,388885,45,Married-civ-spouse,United-States,Craft-repair,White,Husband,True,Private,0
44,0.0,0.0,8,268098,36,Never-married,United-States,Transport-moving,Black,Not-in-family,True,Private,0
36,0.0,0.0,13,272090,45,Divorced,El-Salvador,Prof-specialty,White,Unmarried,False,Private,0
58,0.0,0.0,9,185459,45,Married-civ-spouse,United-States,Transport-moving,White,Husband,True,Private,0
25,0.0,0.0,10,283515,60,Never-married,United-States,Protective-serv,White,Not-in-family,True,Private,0
43,0.0,0.0,9,56920,60,Married-civ-spouse,United-States,Craft-repair,White,Husband,True,Self-emp-not-inc,0
41,0.0,0.0,10,173051,45,Divorced,United-States,Other-service,White,Unmarried,False,Local-gov,0
35,0.0,0.0,14,289430,45,Married-civ-spouse,Mexico,Sales,White,Husband,True,Self-emp-inc,1
37,0.0,0.0,13,186934,40,Married-civ-spouse,United-States,Prof-specialty,White,Other-relative,True,Private,1
23,0.0,0.0,10,284898,30,Never-married,United-States,Exec-managerial,White,Own-child,True,Private,0
43,0.0,0.0,10,75742,45,Married-civ-spouse,United-States,Transport-moving,White,Husband,True,Private,0
46,3325.0,0.0,10,65353,55,Divorced,United-States,Transport-moving,White,Own-child,True,Private,0
36,0.0,0.0,13,127424,50,Married-civ-spouse,?,Adm-clerical,Black,Husband,True,Local-gov,1
43,0.0,0.0,9,135056,35,Separated,United-States,Adm-clerical,White,Other-relative,False,Local-gov,0
51,0.0,0.0,7,125796,40,Never-married,United-States,Farming-fishing,Black,Not-in-family,False,Local-gov,0
54,0.0,0.0,4,283281,50,Never-married,United-States,Craft-repair,Black,Not-in-family,True,Private,0
20,0.0,0.0,10,71475,40,Never-married,United-States,Adm-clerical,White,Own-child,False,Private,0
31,0.0,0.0,10,171184,40,Divorced,Dominican-Republic,Exec-managerial,White,Not-in-family,False,Private,0
55,0.0,0.0,5,157639,58,Married-civ-spouse,United-States,Sales,White,Husband,True,Self-emp-not-inc,0
46,0.0,0.0,10,285335,60,Married-civ-spouse,United-States,Sales,White,Husband,True,Self-emp-inc,1
27,0.0,0.0,9,217530,45,Never-married,Mexico,Sales,White,Own-child,False,Private,0
55,0.0,0.0,9,169482,40,Married-civ-spouse,United-States,Farming-fishing,White,Husband,True,State-gov,1
34,0.0,0.0,9,154667,40,Married-civ-spouse,United-States,Machine-op-inspct,White,Wife,False,Private,0
19,0.0,0.0,7,244175,25,Never-married,United-States,Sales,White,Own-child,True,Private,0
57,0.0,0.0,9,84888,50,Married-civ-spouse,United-States,Transport-moving,White,Husband,True,Private,0
41,0.0,0.0,10,175674,40,Married-civ-spouse,United-States,Sales,White,Husband,True,Private,1
40,0.0,0.0,14,26929,40,Never-married,United-States,Prof-specialty,White,Not-in-family,False,Local-gov,0
19,0.0,0.0,9,208513,40,Never-married,United-States,Craft-repair,White,Other-relative,True,Private,0
44,0.0,0.0,13,344060,40,Never-married,United-States,Other-service,White,Not-in-family,True,Private,1
30,0.0,0.0,12,393965,25,Divorced,United-States,Adm-clerical,White,Not-in-family,False,Private,0
17,0.0,0.0,7,194517,18,Never-married,United-States,Farming-fishing,White,Own-child,False,Private,0
54,0.0,0.0,6,135840,45,Married-civ-spouse,United-States,Protective-serv,White,Husband,True,Local-gov,0
36,0.0,0.0,11,239755,40,Never-married,United-States,Machine-op-inspct,White,Not-in-family,True,Private,0
47,15024.0,0.0,13,246891,45,Married-civ-spouse,United-States,Sales,White,Husband,True,Private,1
38,0.0,1876.0,9,329980,40,Never-married,Canada,Craft-repair,White,Not-in-family,True,Local-gov,0
47,0.0,0.0,9,211668,40,Married-civ-spouse,United-States,Machine-op-inspct,Black,Wife,False,Private,1
52,0.0,0.0,9,24185,84,Divorced,United-States,Craft-repair,White,Unmarried,True,Private,0
66,0.0,0.0,7,22313,20,Married-civ-spouse,United-States,Craft-repair,White,Husband,True,Private,0
19,0.0,0.0,10,224241,20,Never-married,United-States,Sales,White,Own-child,False,Private,0
43,0.0,0.0,13,28451,37,Married-civ-spouse,United-States,Prof-specialty,White,Husband,True,State-gov,1
22,0.0,0.0,6,142875,40,Never-married,United-States,?,White,Other-relative,True,?,0
51,3325.0,0.0,15,209320,40,Never-married,United-States,Prof-specialty,White,Not-in-family,True,Local-gov,0
19,0.0,0.0,9,235849,35,Never-married,United-States,Transport-moving,White,Own-child,True,Private,0
53,7298.0,0.0,10,117674,40,Married-civ-spouse,United-States,Craft-repair,White,Husband,True,Private,1
40,3411.0,0.0,10,169262,50,Married-civ-spouse,United-States,Exec-managerial,White,Husband,True,Private,0
46,0.0,0.0,10,37353,45,Married-civ-spouse,United-States,Handlers-cleaners,White,Husband,True,Private,0
38,0.0,0.0,10,224584,40,Divorced,United-States,Sales,Black,Unmarried,False,Private,0
29,0.0,0.0,9,180115,45,Never-married,United-States,Tech-support,White,Not-in-family,False,Private,0
22,0.0,0.0,9,509048,37,Never-married,United-States,Sales,Black,Other-relative,False,Private,0
49,0.0,0.0,9,157272,50,Separated,United-States,Sales,White,Unmarried,True,Private,0
90,20051.0,0.0,15,87372,72,Married-civ-spouse,United-States,Prof-specialty,White,Husband,True,Private,1
34,0.0,0.0,9,226296,40,Married-civ-spouse,United-States,Other-service,White,Husband,True,Private,1
31,0.0,0.0,9,96245,42,Married-civ-spouse,United-States,Handlers-cleaners,White,Husband,True,Private,0
23,0.0,0.0,8,99543,46,Never-married,United-States,Transport-moving,White,Not-in-family,True,Private,0
51,0.0,0.0,7,106151,40,Divorced,United-States,Transport-moving,White,Own-child,True,Private,0
20,0.0,0.0,10,175069,40,Never-married,Yugoslavia,Adm-clerical,White,Own-child,True,Private,0
25,0.0,0.0,10,167495,40,Never-married,United-States,Adm-clerical,White,Unmarried,False,Private,0
39,0.0,0.0,10,50096,80,Married-civ-spouse,United-States,Farming-fishing,White,Husband,True,Self-emp-not-inc,0
53,0.0,0.0,9,227602,37,Divorced,Mexico,Sales,White,Not-in-family,False,Private,0
75,0.0,0.0,10,114204,13,Married-civ-spouse,United-States,?,White,Husband,True,?,0
35,0.0,0.0,4,90273,40,Married-civ-spouse,?,Machine-op-inspct,White,Husband,True,Private,1
35,0.0,0.0,9,556902,40,Divorced,United-States,Other-service,Black,Not-in-family,True,Private,0
23,0.0,0.0,13,130773,40,Never-married,United-States,Exec-managerial,White,Unmarried,True,Private,0
45,0.0,0.0,9,154117,38,Divorced,United-States,Exec-managerial,White,Unmarried,False,State-gov,1
38,0.0,0.0,11,64875,50,Divorced,United-States,Farming-fishing,White,Not-in-family,True,Self-emp-inc,0
56,0.0,0.0,9,131608,10,Divorced,United-States,?,White,Not-in-family,True,?,0
56,0.0,0.0,9,160932,44,Married-civ-spouse,United-States,Transport-moving,White,Husband,True,Private,1
50,0.0,0.0,9,32372,30,Married-civ-spouse,United-States,Farming-fishing,White,Husband,True,Self-emp-not-inc,0
20,0.0,0.0,10,143604,2,Never-married,United-States,Sales,White,Unmarried,False,Private,0
44,0.0,0.0,13,63042,50,Divorced,United-States,Exec-managerial,White,Own-child,False,Private,1
42,0.0,0.0,13,96115,40,Separated,United-States,Other-service,White,Not-in-family,True,Private,0
54,0.0,0.0,10,287831,55,Married-civ-spouse,United-States,Adm-clerical,Black,Wife,False,Local-gov,1
23,0.0,0.0,9,34431,40,Never-married,United-States,Machine-op-inspct,White,Not-in-family,False,Private,0
22,0.0,0.0,10,90860,40,Never-married,United-States,Adm-clerical,Asian-Pac-Islander,Own-child,False,Private,0
20,0.0,0.0,10,337488,30,Never-married,United-States,?,Black,Own-child,True,?,0
43,0.0,0.0,10,320984,50,Married-civ-spouse,United-States,Machine-op-inspct,White,Husband,True,Self-emp-inc,0
31,0.0,0.0,13,331126,48,Never-married,United-States,Protective-serv,Black,Own-child,True,Local-gov,0
44,0.0,0.0,6,111483,50,Never-married,United-States,Craft-repair,White,Own-child,True,Self-emp-not-inc,0
36,0.0,0.0,10,251730,50,Never-married,United-States,Sales,White,Not-in-family,True,Private,0
50,0.0,0.0,10,76728,39,Divorced,United-States,Adm-clerical,White,Not-in-family,False,State-gov,0
26,0.0,0.0,3,464552,40,Never-married,Mexico,Handlers-cleaners,White,Not-in-family,True,Private,0
41,0.0,0.0,9,169628,40,Married-civ-spouse,?,Machine-op-inspct,Black,Wife,False,Private,0
54,0.0,0.0,9,99434,40,Married-civ-spouse,United-States,Exec-managerial,White,Husband,True,Private,1
35,0.0,0.0,9,197365,40,Married-civ-spouse,United-States,Farming-fishing,White,Husband,True,Private,0
34,0.0,0.0,10,169496,40,Married-civ-spouse,United-States,Handlers-cleaners,White,Husband,True,Private,1
32,0.0,1340.0,13,399088,45,Divorced,United-States,Prof-specialty,White,Not-in-family,False,Self-emp-not-inc,0
34,0.0,0.0,9,183473,40,Divorced,United-States,Transport-moving,White,Own-child,False,Private,0
56,0.0,0.0,9,118993,40,Never-married,United-States,Adm-clerical,White,Other-relative,False,Private,0
21,0.0,0.0,10,72953,40,Never-married,United-States,?,White,Own-child,True,?,0
62,0.0,0.0,11,208266,40,Divorced,United-States,Adm-clerical,Black,Not-in-family,False,Local-gov,0
24,0.0,0.0,13,197496,20,Never-married,United-States,Adm-clerical,White,Own-child,True,Self-emp-inc,0
31,0.0,0.0,9,241885,45,Never-married,United-States,Farming-fishing,White,Unmarried,True,Private,0
24,0.0,0.0,13,283613,40,Married-civ-spouse,United-States,Prof-specialty,White,Husband,True,Private,0
37,0.0,0.0,13,64922,70,Separated,England,Other-service,White,Not-in-family,True,Private,0
35,5013.0,0.0,9,112077,40,Married-civ-spouse,United-States,Handlers-cleaners,White,Husband,True,Private,0
35,0.0,0.0,13,144401,40,Married-civ-spouse,Philippines,Prof-specialty,Asian-Pac-Islander,Wife,False,Private,1
27,0.0,0.0,13,31493,30,Married-civ-spouse,United-States,Tech-support,White,Husband,True,Private,0
26,0.0,0.0,13,288781,42,Never-married,United-States,Adm-clerical,White,Not-in-family,True,Local-gov,0
28,0.0,0.0,11,79874,40,Never-married,United-States,Machine-op-inspct,White,Not-in-family,True,Private,0
24,0.0,0.0,10,153583,40,Never-married,United-States,Sales,White,Own-child,False,Private,0
19,0.0,0.0,8,162954,20,Never-married,United-States,Other-service,White,Own-child,False,Private,0
47,0.0,0.0,14,115304,40,Divorced,United-States,Prof-specialty,White,Not-in-family,False,Local-gov,0
32,0.0,0.0,11,149787,50,Married-civ-spouse,United-States,Craft-repair,White,Husband,True,Private,1
43,0.0,0.0,9,478972,50,Married-civ-spouse,United-States,?,White,Husband,True,?,0
20,0.0,0.0,12,30035,40,Never-married,United-States,Sales,White,Own-child,False,Private,0
33,0.0,0.0,9,336061,50,Married-civ-spouse,United-States,Exec-managerial,White,Husband,True,Private,0
41,0.0,0.0,13,192225,40,Married-civ-spouse,United-States,Exec-managerial,White,Husband,True,Private,1
36,0.0,0.0,9,225330,40,Divorced,United-States,Other-service,White,Unmarried,False,Private,0
48,0.0,0.0,13,172034,60,Married-civ-spouse,United-States,Exec-managerial,White,Husband,True,Self-emp-not-inc,0
56,0.0,1977.0,15,94156,50,Married-civ-spouse,United-States,Prof-specialty,White,Husband,True,Self-emp-not-inc,1
34,0.0,0.0,13,357145,50,Married-civ-spouse,United-States,Prof-specialty,White,Wife,False,Private,1
31,0.0,0.0,9,113364,40,Married-civ-spouse,United-States,Craft-repair,White,Husband,True,Private,1
36,0.0,0.0,9,190350,40,Never-married,United-States,Adm-clerical,Black,Not-in-family,False,Private,0
53,3411.0,0.0,9,237729,65,Married-civ-spouse,United-States,Prof-specialty,White,Wife,False,Self-emp-not-inc,0
33,0.0,0.0,9,163392,48,Married-civ-spouse,United-States,Prof-specialty,Amer-Indian-Eskimo,Husband,True,Private,1
23,0.0,0.0,10,33884,40,Separated,United-States,Sales,White,Unmarried,False,Private,0
34,0.0,0.0,13,211051,40,Never-married,United-States,Handlers-cleaners,White,Own-child,True,Private,0
64,0.0,0.0,9,110150,40,Married-civ-spouse,United-States,Protective-serv,White,Husband,True,Private,0
46,0.0,0.0,7,364913,40,Married-civ-spouse,United-States,Transport-moving,Black,Husband,True,Private,0
36,0.0,0.0,9,220696,40,Divorced,United-States,Machine-op-inspct,White,Not-in-family,True,Private,0
17,0.0,0.0,8,226203,45,Never-married,United-States,Sales,White,Own-child,True,Self-emp-not-inc,0
34,0.0,0.0,9,179877,40,Never-married,United-States,Craft-repair,White,Own-child,True,Private,0
22,0.0,0.0,10,212213,40,Never-married,United-States,Adm-clerical,Black,Own-child,False,Local-gov,0
37,0.0,0.0,9,150566,44,Separated,United-States,Craft-repair,White,Not-in-family,True,State-gov,0
48,0.0,0.0,5,176239,40,Divorced,United-States,Other-service,White,Not-in-family,False,Private,0
39,0.0,0.0,9,300760,50,Divorced,United-States,Tech-support,White,Unmarried,False,Private,0
72,0.0,0.0,13,164724,28,Divorced,United-States,Sales,White,Unmarried,False,Private,0
22,0.0,0.0,10,275385,25,Never-married,United-States,Other-service,White,Other-relative,True,Private,0
34,0.0,0.0,13,153927,40,Married-civ-spouse,United-States,Prof-specialty,White,Husband,True,Private,1
24,0.0,0.0,10,84319,40,Never-married,United-States,Machine-op-inspct,White,Not-in-family,True,Private,0
17,0.0,0.0,7,150262,20,Never-married,United-States,Sales,White,Own-child,False,Private,0
35,0.0,0.0,9,42044,30,Married-civ-spouse,United-States,Machine-op-inspct,White,Husband,True,Private,0
27,0.0,0.0,9,173944,40,Married-civ-spouse,United-States,Craft-repair,White,Husband,True,Private,1
55,0.0,0.0,9,51008,40,Divorced,United-States,Adm-clerical,White,Unmarried,False,Private,0
53,4386.0,0.0,10,164195,40,Married-civ-spouse,United-States,Tech-support,White,Husband,True,Federal-gov,1
37,0.0,0.0,12,29660,40,Divorced,United-States,Adm-clerical,White,Not-in-family,False,Private,0
37,0.0,0.0,9,317580,40,Married-civ-spouse,United-States,Craft-repair,White,Husband,True,Self-emp-inc,0
75,0.0,0.0,10,134414,50,Married-civ-spouse,United-States,Sales,White,Husband,True,Self-emp-inc,0
32,0.0,0.0,13,30499,32,Divorced,United-States,?,White,Unmarried,False,?,0
45,2174.0,0.0,11,138626,50,Divorced,United-States,Exec-managerial,White,Not-in-family,True,Private,0
39,0.0,0.0,10,117381,50,Married-civ-spouse,United-States,Sales,White,Husband,True,Private,1
29,0.0,0.0,14,309620,20,Married-civ-spouse,Taiwan,Prof-specialty,Asian-Pac-Islander,Husband,True,State-gov,0
23,0.0,0.0,12,212856,35,Never-married,United-States,Protective-serv,Black,Own-child,False,Local-gov,0
26,0.0,0.0,9,58371,40,Never-married,United-States,Adm-clerical,White,Own-child,True,Private,0
29,0.0,0.0,9,106153,50,Never-married,United-States,Craft-repair,White,Not-in-family,True,Private,0
38,0.0,0.0,13,316470,40,Married-civ-spouse,United-States,Prof-specialty,White,Husband,True,Local-gov,1
39,0.0,0.0,13,206253,40,Married-civ-spouse,United-States,Prof-specialty,White,Wife,False,Self-emp-inc,0
56,0.0,0.0,5,437727,40,Married-civ-spouse,United-States,Sales,White,Husband,True,Private,0
50,0.0,0.0,13,305147,40,Married-civ-spouse,United-States,Craft-repair,White,Husband,True,Private,0
42,0.0,0.0,16,34037,50,Never-married,United-States,Prof-specialty,White,Not-in-family,True,Private,0
34,0.0,0.0,10,337587,50,Married-civ-spouse,United-States,Prof-specialty,White,Husband,True,Private,1
35,0.0,0.0,9,175769,65,Married-civ-spouse,United-States,Sales,White,Husband,True,Self-emp-inc,1
60,0.0,0.0,14,135285,40,Married-civ-spouse,United-States,Prof-specialty,White,Husband,True,Self-emp-not-inc,0
40,0.0,0.0,13,199018,40,Married-civ-spouse,United-States,Adm-clerical,White,Husband,True,Private,1
35,0.0,0.0,10,202027,60,Divorced,United-States,Exec-managerial,White,Not-in-family,True,Self-emp-inc,0
36,0.0,0.0,10,223020,20,Divorced,United-States,Other-service,Black,Unmarried,False,State-gov,0
58,0.0,0.0,10,204816,60,Married-civ-spouse,United-States,Exec-managerial,White,Husband,True,Self-emp-not-inc,1
49,0.0,0.0,10,157991,40,Divorced,United-States,Adm-clerical,Black,Unmarried,False,Private,0
32,0.0,0.0,10,329993,50,Married-civ-spouse,United-States,Transport-moving,White,Husband,True,Private,0
45,0.0,0.0,9,162958,35,Separated,United-States,Other-service,White,Not-in-family,False,Private,0
21,0.0,0.0,10,212661,30,Never-married,United-States,?,White,Own-child,False,?,0
23,0.0,0.0,13,67311,40,Never-married,Canada,Exec-managerial,White,Own-child,False,Private,0
58,0.0,0.0,7,215190,20,Married-civ-spouse,United-States,Other-service,White,Husband,True,Private,0
29,0.0,0.0,9,116207,65,Married-civ-spouse,United-States,Prof-specialty,White,Husband,True,Self-emp-not-inc,1
26,0.0,0.0,9,163189,40,Never-married,United-States,Sales,White,Own-child,True,Self-emp-not-inc,0
53,0.0,0.0,4,247651,56,Divorced,United-States,Machine-op-inspct,Black,Unmarried,False,Private,0
31,0.0,0.0,9,96480,50,Never-married,United-States,Adm-clerical,White,Not-in-family,False,Private,0
41,0.0,0.0,9,242804,40,Married-civ-spouse,United-States,Transport-moving,White,Husband,True,Private,1
33,0.0,0.0,10,454717,40,Separated,United-States,Other-service,White,Not-in-family,True,Private,0
46,0.0,0.0,6,216647,20,Divorced,United-States,Protective-serv,White,Unmarried,False,Local-gov,0
40,0.0,0.0,9,199031,40,Married-civ-spouse,Mexico,Machine-op-inspct,White,Husband,True,Private,0
59,0.0,0.0,13,227856,37,Married-civ-spouse,United-States,Sales,White,Husband,True,Private,1
47,0.0,0.0,10,201127,50,Married-civ-spouse,United-States,Transport-moving,White,Husband,True,Private,0
60,0.0,0.0,14,165792,8,Married-civ-spouse,United-States,Prof-specialty,White,Wife,False,State-gov,0
62,0.0,0.0,4,101582,35,Widowed,United-States,Machine-op-inspct,White,Unmarried,False,Private,0
18,0.0,1602.0,7,238867,40,Never-married,United-States,Handlers-cleaners,White,Own-child,True,Private,0
33,0.0,0.0,9,194901,45,Married-civ-spouse,United-States,Craft-repair,White,Husband,True,Private,0
44,0.0,1887.0,14,117012,40,Married-civ-spouse,United-States,Prof-specialty,White,Wife,False,Local-gov,1
54,4386.0,0.0,14,242606,45,Married-civ-spouse,United-States,Sales,White,Husband,True,Self-emp-not-inc,1
59,0.0,0.0,9,181070,40,Married-civ-spouse,England,Sales,White,Husband,True,Self-emp-not-inc,1
52,0.0,1876.0,14,295826,50,Divorced,United-States,Prof-specialty,White,Unmarried,False,State-gov,0
17,0.0,0.0,7,129396,26,Never-married,United-States,Sales,White,Other-relative,False,Private,0
70,0.0,0.0,9,111712,22,Married-civ-spouse,United-States,Exec-managerial,White,Husband,True,Local-gov,0
64,99999.0,0.0,15,185912,35,Married-civ-spouse,United-States,Prof-specialty,White,Husband,True,Self-emp-inc,1
56,0.0,0.0,10,187355,40,Divorced,United-States,Sales,White,Unmarried,False,Private,0
55,0.0,0.0,12,111130,40,Divorced,United-States,Adm-clerical,Asian-Pac-Islander,Own-child,True,State-gov,0
45,0.0,0.0,9,251786,37,Never-married,United-States,Adm-clerical,White,Not-in-family,False,Local-gov,0
50,0.0,0.0,14,185354,35,Divorced,United-States,Exec-managerial,White,Not-in-family,False,Private,0
30,0.0,0.0,9,140869,40,Never-married,United-States,Other-service,White,Unmarried,False,Private,0
20,0.0,0.0,10,117789,10,Never-married,United-States,Sales,White,Own-child,False,Private,0
28,2176.0,0.0,3,126743,52,Never-married,Mexico,Other-service,White,Other-relative,True,Private,0
50,0.0,0.0,6,93730,60,Married-civ-spouse,United-States,Transport-moving,White,Husband,True,Private,0
28,0.0,0.0,10,119793,40,Never-married,United-States,Adm-clerical,White,Own-child,True,Private,0
67,6418.0,0.0,9,123393,58,Married-civ-spouse,United-States,Transport-moving,White,Husband,True,Self-emp-not-inc,1
43,0.0,0.0,6,361280,42,Married-civ-spouse,China,Craft-repair,Asian-Pac-Islander,Husband,True,Private,0
62,0.0,0.0,6,148113,40,Married-civ-spouse,United-States,Craft-repair,Black,Husband,True,Private,0
37,0.0,0.0,12,215419,25,Married-civ-spouse,United-States,Other-service,White,Wife,False,Private,0
35,0.0,0.0,10,365739,40,Never-married,United-States,?,White,Own-child,True,?,0
29,0.0,0.0,10,162312,45,Never-married,South,Exec-managerial,Asian-Pac-Islander,Own-child,True,Self-emp-not-inc,0
90,0.0,0.0,10,225063,10,Never-married,South,?,Asian-Pac-Islander,Own-child,True,?,0
47,0.0,0.0,11,214800,40,Married-civ-spouse,United-States,Handlers-cleaners,White,Husband,True,Private,0
23,0.0,0.0,9,202416,30,Never-married,United-States,Sales,White,Not-in-family,False,Private,0
52,0.0,0.0,10,166419,37,Divorced,United-States,Adm-clerical,Black,Not-in-family,False,Private,0
47,0.0,0.0,16,54887,40,Married-civ-spouse,United-States,Prof-specialty,White,Husband,True,State-gov,1
61,0.0,0.0,8,63526,52,Never-married,United-States,?,Black,Not-in-family,True,?,0
48,0.0,0.0,6,112860,35,Married-civ-spouse,United-States,?,Black,Wife,False,?,0
36,0.0,0.0,11,331395,40,Married-civ-spouse,United-States,Exec-managerial,White,Husband,True,Private,0
26,0.0,0.0,12,224045,36,Never-married,United-States,Adm-clerical,White,Not-in-family,False,Private,0
52,0.0,1740.0,10,191529,60,Married-civ-spouse,United-States,Exec-managerial,White,Husband,True,Private,0
42,0.0,0.0,9,209301,50,Married-civ-spouse,United-States,Craft-repair,White,Husband,True,Self-emp-not-inc,0
19,0.0,0.0,9,131615,40,Never-married,United-States,Machine-op-inspct,White,Own-child,True,Private,0
17,0.0,0.0,8,174120,15,Never-married,United-States,Handlers-cleaners,White,Own-child,True,Self-emp-not-inc,0
33,3325.0,0.0,9,460408,50,Never-married,United-States,Sales,White,Not-in-family,True,Private,0
26,0.0,0.0,9,270276,40,Never-married,United-States,Adm-clerical,White,Not-in-family,False,Private,0
48,0.0,0.0,9,101684,40,Married-civ-spouse,United-States,Sales,White,Husband,True,Private,0
40,0.0,1977.0,12,207578,60,Married-civ-spouse,United-States,Tech-support,White,Husband,True,Private,1
44,15024.0,0.0,16,109912,32,Married-civ-spouse,United-States,Exec-managerial,White,Wife,False,Private,1
25,0.0,0.0,9,462869,40,Never-married,Mexico,Handlers-cleaners,White,Other-relative,True,Private,0
59,0.0,0.0,10,109015,38,Never-married,United-States,Prof-specialty,White,Not-in-family,False,Private,1
37,0.0,0.0,9,28887,40,Married-civ-spouse,United-States,Machine-op-inspct,White,Husband,True,State-gov,1
26,0.0,0.0,9,34803,40,Never-married,United-States,Exec-managerial,White,Not-in-family,False,Private,0
29,0.0,0.0,10,227890,40,Divorced,United-States,Machine-op-inspct,Black,Not-in-family,True,Private,0
31,0.0,0.0,9,176244,35,Married-civ-spouse,United-States,Adm-clerical,White,Wife,False,Private,0
36,0.0,0.0,14,150104,40,Married-civ-spouse,United-States,Prof-specialty,White,Wife,False,Private,1
32,0.0,0.0,13,167063,40,Married-civ-spouse,United-States,Tech-support,White,Husband,True,Private,0
74,0.0,0.0,2,91488,20,Married-civ-spouse,United-States,Transport-moving,Black,Husband,True,Private,0
42,0.0,0.0,10,77373,38,Married-civ-spouse,United-States,Handlers-cleaners,White,Husband,True,Private,0
43,0.0,1876.0,13,81243,40,Divorced,United-States,Tech-support,White,Not-in-family,True,Private,0
23,0.0,0.0,9,220168,25,Never-married,Jamaica,Sales,Black,Other-relative,False,Private,0
23,0.0,0.0,10,110128,40,Never-married,United-States,Other-service,White,Own-child,True,State-gov,0
45,0.0,0.0,11,187581,40,Married-civ-spouse,United-States,Protective-serv,White,Husband,True,State-gov,0
20,0.0,0.0,9,406641,30,Never-married,United-States,Adm-clerical,White,Not-in-family,False,Private,0
50,0.0,1887.0,13,128143,50,Married-civ-spouse,United-States,Craft-repair,White,Husband,True,Private,1
29,0.0,0.0,11,128553,40,Never-married,United-States,Adm-clerical,Black,Unmarried,False,Federal-gov,0
19,0.0,0.0,6,222866,40,Never-married,United-States,Farming-fishing,White,Other-relative,True,Private,0
47,0.0,0.0,5,178309,50,Never-married,United-States,Other-service,White,Unmarried,False,Private,0
62,0.0,0.0,9,77884,40,Married-civ-spouse,Philippines,Sales,Asian-Pac-Islander,Husband,True,Private,0
25,0.0,0.0,14,135645,20,Never-married,United-States,Sales,White,Not-in-family,True,Private,0
21,0.0,0.0,9,572285,20,Never-married,United-States,Other-service,White,Other-relative,False,Private,0
21,0.0,0.0,10,229826,20,Married-civ-spouse,United-States,Machine-op-inspct,White,Husband,True,Private,0
49,0.0,0.0,9,191320,24,Divorced,United-States,Other-service,White,Not-in-family,False,Private,0
21,0.0,0.0,10,349365,15,Never-married,United-States,Adm-clerical,White,Own-child,False,Private,0
36,0.0,0.0,13,255454,40,Never-married,United-States,Protective-serv,Black,Not-in-family,True,Local-gov,0
33,0.0,0.0,8,110592,40,Married-civ-spouse,United-States,Machine-op-inspct,White,Husband,True,Private,0
32,0.0,0.0,9,26803,50,Married-civ-spouse,United-States,Exec-managerial,White,Husband,True,Private,1
52,0.0,0.0,11,400004,40,Married-civ-spouse,United-States,Exec-managerial,White,Husband,True,Private,1
36,3103.0,0.0,13,131239,45,Married-civ-spouse,United-States,Prof-specialty,White,Husband,True,Private,1
50,0.0,0.0,14,83311,40,Married-civ-spouse,United-States,Exec-managerial,White,Husband,True,Private,1
18,0.0,0.0,7,216284,20,Never-married,United-States,Adm-clerical,White,Own-child,False,Private,0
22,0.0,0.0,9,27881,45,Married-civ-spouse,United-States,Farming-fishing,White,Husband,True,Private,0
52,0.0,0.0,16,289436,60,Married-civ-spouse,United-States,Prof-specialty,White,Husband,True,Self-emp-not-inc,1
33,0.0,0.0,9,23871,30,Divorced,United-States,Other-service,White,Unmarried,False,Private,0
32,0.0,0.0,12,123253,42,Married-civ-spouse,United-States,Craft-repair,White,Husband,True,Private,0
48,14084.0,0.0,9,148995,45,Widowed,United-States,Exec-managerial,White,Not-in-family,True,Private,1
56,0.0,0.0,15,282023,45,Married-civ-spouse,United-States,Prof-specialty,White,Husband,True,Private,1
59,0.0,0.0,9,147098,40,Married-civ-spouse,United-States,Craft-repair,White,Husband,True,Private,1
42,0.0,0.0,10,165981,60,Married-civ-spouse,United-States,Farming-fishing,White,Husband,True,Self-emp-inc,0
50,0.0,0.0,13,105010,45,Married-civ-spouse,United-States,Farming-fishing,White,Husband,True,Private,1
46,0.0,0.0,9,319163,40,Married-civ-spouse,United-States,Craft-repair,Black,Husband,True,Private,0
55,0.0,0.0,13,201229,8,Divorced,United-States,Sales,White,Not-in-family,False,Private,0
51,4787.0,0.0,14,76044,35,Divorced,Mexico,Prof-specialty,Other,Unmarried,True,Private,1
59,0.0,0.0,13,105866,30,Married-civ-spouse,United-States,Protective-serv,Black,Husband,True,Local-gov,0
24,0.0,0.0,10,155818,40,Never-married,United-States,Sales,White,Own-child,False,Private,0
37,0.0,0.0,9,269722,38,Never-married,United-States,Adm-clerical,White,Own-child,True,Private,0
21,0.0,0.0,10,24008,35,Never-married,United-States,Craft-repair,White,Own-child,True,State-gov,0
29,0.0,0.0,10,138332,6,Married-civ-spouse,United-States,Adm-clerical,White,Own-child,False,Private,0
19,0.0,0.0,9,124265,50,Never-married,United-States,Sales,White,Own-child,True,Private,0
46,0.0,0.0,15,201865,60,Married-civ-spouse,United-States,Prof-specialty,White,Husband,True,Self-emp-inc,1
30,0.0,0.0,11,203034,40,Married-spouse-absent,United-States,Craft-repair,White,Not-in-family,True,Private,0
46,0.0,0.0,12,140782,50,Divorced,United-States,Prof-specialty,White,Not-in-family,False,Private,0
38,99999.0,0.0,14,227945,65,Married-civ-spouse,United-States,Prof-specialty,White,Husband,True,Private,1
48,0.0,0.0,12,332884,40,Divorced,United-States,Craft-repair,White,Not-in-family,True,Private,0
42,0.0,0.0,9,340885,44,Divorced,United-States,Farming-fishing,White,Not-in-family,True,Private,0
40,0.0,0.0,13,118853,60,Married-civ-spouse,United-States,Exec-managerial,White,Husband,True,Private,0
62,0.0,0.0,9,159474,50,Married-civ-spouse,United-States,Machine-op-inspct,White,Husband,True,Private,0
24,0.0,0.0,10,300584,45,Married-civ-spouse,United-States,Craft-repair,White,Husband,True,Private,0
67,0.0,0.0,6,112318,40,Married-civ-spouse,United-States,Craft-repair,White,Husband,True,Self-emp-inc,0
36,0.0,0.0,13,74791,60,Married-civ-spouse,?,Sales,White,Wife,True,Private,0
18,0.0,0.0,10,145005,20,Never-married,United-States,Other-service,White,Own-child,True,Private,0
39,0.0,0.0,9,242922,35,Never-married,United-States,Tech-support,Black,Not-in-family,True,Private,0
49,0.0,0.0,9,174274,80,Widowed,United-States,?,White,Not-in-family,False,?,0
24,0.0,0.0,13,322658,40,Never-married,United-States,Exec-managerial,White,Not-in-family,False,State-gov,0
41,0.0,0.0,12,160893,45,Never-married,United-States,Adm-clerical,White,Not-in-family,False,Private,0
35,0.0,1887.0,14,185556,40,Married-civ-spouse,United-States,Prof-specialty,White,Husband,True,Private,1
65,0.0,0.0,9,179985,40,Divorced,United-States,Adm-clerical,White,Not-in-family,False,Federal-gov,0
43,0.0,0.0,10,316820,84,Married-civ-spouse,United-States,Farming-fishing,White,Husband,True,Self-emp-not-inc,0
18,0.0,0.0,8,311795,20,Never-married,United-States,Sales,Black,Own-child,False,Private,0
30,0.0,0.0,9,258170,40,Divorced,United-States,Adm-clerical,White,Not-in-family,False,Private,0
50,0.0,0.0,13,187830,50,Never-married,United-States,Exec-managerial,White,Not-in-family,True,Private,1
26,0.0,0.0,6,102541,40,Never-married,United-States,?,Amer-Indian-Eskimo,Unmarried,False,?,0
37,15024.0,0.0,11,262278,45,Married-civ-spouse,United-States,Exec-managerial,Black,Husband,True,Private,1
50,0.0,0.0,4,204518,40,Divorced,United-States,Craft-repair,White,Not-in-family,True,Private,0
45,0.0,0.0,10,125933,40,Divorced,United-States,Adm-clerical,Black,Unmarried,False,Local-gov,0
34,0.0,0.0,10,189843,40,Married-civ-spouse,United-States,Protective-serv,White,Husband,True,State-gov,0
18,0.0,0.0,10,183011,15,Never-married,Haiti,Other-service,Black,Own-child,False,Private,0
29,0.0,0.0,10,202182,50,Married-civ-spouse,United-States,Craft-repair,White,Husband,True,Private,0
31,0.0,0.0,13,341672,60,Married-civ-spouse,India,Adm-clerical,Asian-Pac-Islander,Husband,True,Private,0
27,0.0,0.0,13,430672,55,Never-married,United-States,Prof-specialty,White,Not-in-family,True,Private,0
53,0.0,0.0,13,130143,45,Divorced,United-States,Sales,White,Not-in-family,True,Private,0
30,0.0,0.0,13,226013,40,Never-married,United-States,Prof-specialty,Black,Not-in-family,True,Private,0
32,0.0,0.0,4,175878,35,Married-civ-spouse,United-States,Craft-repair,White,Husband,True,Private,0
19,0.0,0.0,9,305834,40,Never-married,United-States,Other-service,White,Not-in-family,False,Private,0
59,0.0,0.0,14,186308,50,Married-civ-spouse,United-States,Prof-specialty,White,Husband,True,State-gov,0
25,0.0,0.0,13,262818,35,Never-married,Guatemala,Prof-specialty,White,Own-child,True,Local-gov,0
52,0.0,0.0,9,209642,45,Married-civ-spouse,United-States,Exec-managerial,White,Husband,True,Self-emp-not-inc,1
40,0.0,0.0,9,163342,70,Never-married,United-States,Adm-clerical,White,Not-in-family,False,Private,0
55,0.0,0.0,6,174478,29,Never-married,United-States,Other-service,White,Not-in-family,True,Private,0
18,0.0,0.0,9,423024,20,Never-married,United-States,Other-service,White,Not-in-family,True,Private,0
59,0.0,0.0,15,253062,55,Married-civ-spouse,United-States,Prof-specialty,White,Husband,True,Self-emp-inc,1
59,0.0,1977.0,13,170104,50,Married-civ-spouse,United-States,Exec-managerial,White,Husband,True,Private,1
43,0.0,0.0,9,263502,40,Divorced,United-States,Adm-clerical,White,Not-in-family,True,Federal-gov,0
37,0.0,0.0,13,52870,40,Married-civ-spouse,United-States,Exec-managerial,White,Husband,True,Private,0
22,0.0,0.0,10,263970,28,Never-married,United-States,?,White,Not-in-family,False,?,0
54,0.0,0.0,9,156003,40,Married-civ-spouse,United-States,Craft-repair,White,Husband,True,Private,0
37,0.0,0.0,13,108320,45,Married-civ-spouse,United-States,Tech-support,White,Husband,True,Local-gov,1
37,0.0,2415.0,13,30529,50,Married-civ-spouse,United-States,Sales,White,Husband,True,Self-emp-inc,1
31,0.0,0.0,9,118966,18,Never-married,United-States,Craft-repair,White,Own-child,True,Private,0
34,0.0,0.0,12,196266,50,Married-civ-spouse,United-States,Sales,White,Husband,True,Private,1
24,4101.0,0.0,9,556660,50,Never-married,United-States,Exec-managerial,White,Other-relative,True,Private,0
73,0.0,0.0,9,144872,25,Married-civ-spouse,Canada,?,White,Husband,True,?,0
20,0.0,0.0,9,174685,40,Never-married,United-States,Other-service,White,Own-child,True,Private,0
57,7688.0,0.0,8,548256,40,Married-civ-spouse,United-States,Transport-moving,Black,Husband,True,Private,1
61,0.0,1902.0,15,284710,45,Married-civ-spouse,Columbia,Prof-specialty,White,Husband,True,Private,1
60,0.0,0.0,6,116746,40,Married-civ-spouse,United-States,?,White,Husband,True,?,0
46,0.0,0.0,12,165484,44,Married-civ-spouse,United-States,Exec-managerial,White,Husband,True,Local-gov,1
32,0.0,0.0,9,282622,28,Divorced,United-States,?,White,Unmarried,False,?,0
30,0.0,0.0,9,348592,40,Separated,United-States,Other-service,White,Not-in-family,True,Private,0
46,0.0,0.0,13,136878,40,Never-married,United-States,Prof-specialty,White,Not-in-family,True,State-gov,0
17,0.0,0.0,7,224073,20,Never-married,United-States,Sales,White,Own-child,True,Private,0
46,0.0,0.0,13,481258,45,Married-civ-spouse,United-States,Adm-clerical,White,Husband,True,Local-gov,1
25,0.0,0.0,13,234263,40,Never-married,United-States,Sales,White,Not-in-family,True,Private,0
32,0.0,0.0,13,288273,70,Married-civ-spouse,Mexico,Craft-repair,White,Husband,True,Private,0
67,0.0,0.0,9,222362,2,Married-civ-spouse,United-States,?,White,Husband,True,?,1
19,0.0,0.0,5,232261,40,Never-married,United-States,Other-service,White,Own-child,True,Private,0
43,0.0,0.0,13,95634,45,Married-civ-spouse,?,Other-service,Asian-Pac-Islander,Wife,False,Private,0
40,0.0,0.0,9,225165,40,Married-civ-spouse,United-States,Exec-managerial,White,Husband,True,Self-emp-inc,0
35,0.0,0.0,9,342768,40,Married-civ-spouse,United-States,Craft-repair,White,Husband,True,Private,0
34,7443.0,0.0,9,212064,35,Separated,United-States,Adm-clerical,White,Unmarried,False,Private,0
65,0.0,0.0,9,172348,20,Widowed,United-States,Adm-clerical,White,Unmarried,False,State-gov,0
30,0.0,0.0,13,178841,40,Never-married,United-States,Exec-managerial,White,Not-in-family,False,Private,0
43,0.0,0.0,9,206833,45,Separated,United-States,Handlers-cleaners,Black,Unmarried,False,Private,0
65,0.0,0.0,3,90907,40,Married-civ-spouse,United-States,Other-service,Asian-Pac-Islander,Husband,True,Private,0
29,0.0,0.0,11,211299,45,Never-married,United-States,Sales,Black,Not-in-family,True,Private,0
21,4416.0,0.0,10,379525,24,Never-married,United-States,Adm-clerical,White,Own-child,False,Private,0
26,0.0,0.0,9,128699,40,Married-spouse-absent,Ecuador,Adm-clerical,White,Unmarried,False,Private,0
32,0.0,0.0,9,220148,40,Married-civ-spouse,United-States,Exec-managerial,White,Husband,True,Self-emp-not-inc,0
36,0.0,0.0,13,416745,40,Married-civ-spouse,United-States,Prof-specialty,White,Husband,True,Private,0
25,0.0,0.0,9,221757,40,Married-civ-spouse,United-States,Machine-op-inspct,White,Husband,True,Private,0
35,0.0,0.0,9,379959,40,Divorced,United-States,Other-service,White,Not-in-family,False,Private,0
32,0.0,0.0,9,227012,40,Never-married,United-States,Craft-repair,White,Not-in-family,True,Private,0
58,0.0,0.0,13,290670,55,Married-civ-spouse,United-States,Exec-managerial,White,Husband,True,Self-emp-not-inc,1
26,0.0,0.0,13,62438,40,Married-civ-spouse,United-States,Sales,White,Wife,False,Private,1
44,0.0,0.0,3,324311,32,Married-civ-spouse,Mexico,Machine-op-inspct,White,Husband,True,Private,0
62,0.0,0.0,9,114060,40,Married-civ-spouse,United-States,Transport-moving,White,Husband,True,Local-gov,0
40,0.0,0.0,16,130760,45,Married-civ-spouse,United-States,Prof-specialty,White,Husband,True,Private,0
38,0.0,0.0,9,412296,28,Divorced,United-States,Craft-repair,White,Own-child,True,Private,0
33,0.0,0.0,9,204577,40,Married-civ-spouse,United-States,Machine-op-inspct,White,Husband,True,Private,0
30,0.0,0.0,9,97723,45,Never-married,United-States,Machine-op-inspct,White,Own-child,True,Private,0
43,0.0,0.0,10,26252,36,Separated,United-States,Other-service,Amer-Indian-Eskimo,Unmarried,False,Private,0
59,0.0,0.0,9,218764,45,Divorced,United-States,?,White,Not-in-family,False,?,0
29,0.0,0.0,9,40295,40,Married-civ-spouse,United-States,Prof-specialty,White,Husband,True,Private,0
42,15024.0,0.0,10,121998,40,Married-civ-spouse,United-States,Exec-managerial,White,Husband,True,Local-gov,1
46,0.0,0.0,13,35969,51,Married-civ-spouse,United-States,Exec-managerial,White,Husband,True,Private,0
46,0.0,0.0,13,180532,50,Married-civ-spouse,United-States,Sales,White,Husband,True,Private,1
20,0.0,0.0,9,24274,35,Never-married,United-States,Other-service,Amer-Indian-Eskimo,Unmarried,False,Private,0
41,0.0,0.0,13,167375,52,Never-married,United-States,Adm-clerical,White,Not-in-family,True,Private,0
25,0.0,0.0,13,193511,35,Never-married,El-Salvador,?,White,Own-child,False,?,0
